filename,makanan_pokok,lauk_pauk,sayur,buah,susu
test_Ayam_Goreng_Ayam_Goreng_010.jpg,0,1,0,0,0
test_Ayam_Goreng_Ayam_Goreng_011.jpg,0,1,0,0,0
test_Ayam_Goreng_Ayam_Goreng_013.jpg,0,1,0,0,0
test_Ayam_Goreng_Ayam_Goreng_019.jpg,0,1,0,0,0
test_Ayam_Goreng_Ayam_Goreng_025.jpg,0,1,0,0,0
test_Ayam_Goreng_Ayam_Goreng_035.jpg,0,1,0,0,0
test_Ayam_Goreng_Ayam_Goreng_036.jpg,0,1,0,0,0
test_Ayam_Goreng_Ayam_Goreng_043.jpg,0,1,0,0,0
test_Ayam_Goreng_Ayam_Goreng_053.jpg,0,1,0,0,0
test_Ayam_Goreng_Ayam_Goreng_081.jpg,0,1,0,0,0
test_Ayam_Goreng_Ayam_Goreng_082.jpg,0,1,0,0,0
test_Ayam_Goreng_Ayam_Goreng_090.jpg,0,1,0,0,0
test_Ayam_Goreng_Ayam_Goreng_097.jpg,0,1,0,0,0
test_Ayam_Goreng_Ayam_Goreng_102.jpg,0,1,0,0,0
test_Ayam_Goreng_Ayam_Goreng_106.jpg,0,1,0,0,0
test_Ayam_Goreng_Ayam_Goreng_110.jpg,0,1,0,0,0
test_Ayam_Goreng_Ayam_Goreng_132.jpg,0,1,0,0,0
test_Ayam_Goreng_Ayam_Goreng_148.jpg,0,1,0,0,0
test_Ayam_Goreng_Ayam_Goreng_155.jpg,0,1,0,0,0
test_Ayam_Goreng_Ayam_Goreng_162.jpg,0,1,0,0,0
test_Ayam_Goreng_Ayam_Goreng_175.jpg,0,1,0,0,0
test_Ayam_Goreng_Ayam_Goreng_186.jpg,0,1,0,0,0
test_Ayam_Goreng_Ayam_Goreng_190.jpg,0,1,0,0,0
test_Ayam_Goreng_Ayam_Goreng_201.jpg,0,1,0,0,0
test_Ayam_Goreng_Ayam_Goreng_204.jpg,0,1,0,0,0
test_Ayam_Goreng_Ayam_Goreng_213.jpg,0,1,0,0,0
test_Ayam_Goreng_Ayam_Goreng_214.jpg,0,1,0,0,0
test_Ayam_Goreng_Ayam_Goreng_232.jpg,0,1,0,0,0
test_Ayam_Goreng_Ayam_Goreng_249.jpg,0,1,0,0,0
test_Ayam_Goreng_Ayam_Goreng_263.jpg,0,1,0,0,0
test_Ayam_Goreng_Ayam_Goreng_273.jpg,0,1,0,0,0
test_Ayam_Goreng_Ayam_Goreng_280.jpg,0,1,0,0,0
test_Ayam_Goreng_Ayam_Goreng_282.jpg,0,1,0,0,0
test_Ayam_Goreng_Ayam_Goreng_293.jpg,0,1,0,0,0
test_Ayam_Goreng_Ayam_Goreng_302.jpg,0,1,0,0,0
test_Ayam_Goreng_Ayam_Goreng_304.jpg,0,1,0,0,0
test_Ayam_Goreng_Ayam_Goreng_309.jpg,0,1,0,0,0
test_Ayam_Goreng_Ayam_Goreng_314.jpg,0,1,0,0,0
test_Ayam_Goreng_Ayam_Goreng_338.jpg,0,1,0,0,0
test_Ayam_Goreng_Ayam_Goreng_339.jpg,0,1,0,0,0
test_Ayam_Goreng_Ayam_Goreng_344.jpg,0,1,0,0,0
test_Ayam_Goreng_Ayam_Goreng_345.jpg,0,1,0,0,0
test_Ayam_Goreng_Ayam_Goreng_378.jpg,0,1,0,0,0
test_Ayam_Goreng_Ayam_Goreng_396.jpg,0,1,0,0,0
test_Ayam_Goreng_Ayam_Goreng_419.jpg,0,1,0,0,0
test_Ayam_Goreng_Ayam_Goreng_429.jpg,0,1,0,0,0
test_Ayam_Goreng_Ayam_Goreng_446.jpg,0,1,0,0,0
test_Ayam_Goreng_Ayam_Goreng_466.jpg,0,1,0,0,0
test_Ayam_Goreng_Ayam_Goreng_477.jpg,0,1,0,0,0
test_Ayam_Goreng_Ayam_Goreng_496.jpg,0,1,0,0,0
test_Burger_Burger_003.jpg,1,1,1,0,0
test_Burger_Burger_018.jpg,1,1,1,0,0
test_Burger_Burger_030.jpg,1,1,1,0,0
test_Burger_Burger_040.jpg,1,1,1,0,0
test_Burger_Burger_053.jpg,1,1,1,0,0
test_Burger_Burger_068.jpg,1,1,1,0,0
test_Burger_Burger_083.jpg,1,1,1,0,0
test_Burger_Burger_086.jpg,1,1,1,0,0
test_Burger_Burger_088.jpg,1,1,1,0,0
test_Burger_Burger_092.jpg,1,1,1,0,0
test_Burger_Burger_095.jpg,1,1,1,0,0
test_Burger_Burger_105.jpg,1,1,1,0,0
test_Burger_Burger_131.jpg,1,1,1,0,0
test_Burger_Burger_138.jpg,1,1,1,0,0
test_Burger_Burger_142.jpg,1,1,1,0,0
test_Burger_Burger_146.jpg,1,1,1,0,0
test_Burger_Burger_150.jpg,1,1,1,0,0
test_Burger_Burger_152.jpg,1,1,1,0,0
test_Burger_Burger_162.jpg,1,1,1,0,0
test_Burger_Burger_183.jpg,1,1,1,0,0
test_Burger_Burger_188.jpg,1,1,1,0,0
test_Burger_Burger_194.jpg,1,1,1,0,0
test_Burger_Burger_237.jpg,1,1,1,0,0
test_Burger_Burger_243.jpg,1,1,1,0,0
test_Burger_Burger_248.jpg,1,1,1,0,0
test_Burger_Burger_271.jpg,1,1,1,0,0
test_Burger_Burger_272.jpg,1,1,1,0,0
test_Burger_Burger_292.jpg,1,1,1,0,0
test_Burger_Burger_295.jpg,1,1,1,0,0
test_Burger_Burger_296.jpg,1,1,1,0,0
test_Burger_Burger_338.jpg,1,1,1,0,0
test_Burger_Burger_345.jpg,1,1,1,0,0
test_Burger_Burger_351.jpg,1,1,1,0,0
test_Burger_Burger_357.jpg,1,1,1,0,0
test_Burger_Burger_380.jpg,1,1,1,0,0
test_Burger_Burger_385.jpg,1,1,1,0,0
test_Burger_Burger_386.jpg,1,1,1,0,0
test_Burger_Burger_402.jpg,1,1,1,0,0
test_Burger_Burger_404.jpg,1,1,1,0,0
test_Burger_Burger_405.jpg,1,1,1,0,0
test_Burger_Burger_415.jpg,1,1,1,0,0
test_Burger_Burger_440.jpg,1,1,1,0,0
test_Burger_Burger_444.jpg,1,1,1,0,0
test_Burger_Burger_452.jpg,1,1,1,0,0
test_Burger_Burger_466.jpg,1,1,1,0,0
test_Burger_Burger_468.jpg,1,1,1,0,0
test_Burger_Burger_470.jpg,1,1,1,0,0
test_Burger_Burger_472.jpg,1,1,1,0,0
test_Burger_Burger_489.jpg,1,1,1,0,0
test_Burger_Burger_494.jpg,1,1,1,0,0
test_French_Fries_French_Fries_005.jpg,1,0,0,0,0
test_French_Fries_French_Fries_021.jpg,1,0,0,0,0
test_French_Fries_French_Fries_035.jpg,1,0,0,0,0
test_French_Fries_French_Fries_045.jpg,1,0,0,0,0
test_French_Fries_French_Fries_047.jpg,1,0,0,0,0
test_French_Fries_French_Fries_049.jpg,1,0,0,0,0
test_French_Fries_French_Fries_053.jpg,1,0,0,0,0
test_French_Fries_French_Fries_063.jpg,1,0,0,0,0
test_French_Fries_French_Fries_079.jpg,1,0,0,0,0
test_French_Fries_French_Fries_082.jpg,1,0,0,0,0
test_French_Fries_French_Fries_085.jpg,1,0,0,0,0
test_French_Fries_French_Fries_130.jpg,1,0,0,0,0
test_French_Fries_French_Fries_131.jpg,1,0,0,0,0
test_French_Fries_French_Fries_135.jpg,1,0,0,0,0
test_French_Fries_French_Fries_142.jpg,1,0,0,0,0
test_French_Fries_French_Fries_168.jpg,1,0,0,0,0
test_French_Fries_French_Fries_183.jpg,1,0,0,0,0
test_French_Fries_French_Fries_201.jpg,1,0,0,0,0
test_French_Fries_French_Fries_212.jpg,1,0,0,0,0
test_French_Fries_French_Fries_218.jpg,1,0,0,0,0
test_French_Fries_French_Fries_220.jpg,1,0,0,0,0
test_French_Fries_French_Fries_234.jpg,1,0,0,0,0
test_French_Fries_French_Fries_268.jpg,1,0,0,0,0
test_French_Fries_French_Fries_290.jpg,1,0,0,0,0
test_French_Fries_French_Fries_292.jpg,1,0,0,0,0
test_French_Fries_French_Fries_303.jpg,1,0,0,0,0
test_French_Fries_French_Fries_312.jpg,1,0,0,0,0
test_French_Fries_French_Fries_320.jpg,1,0,0,0,0
test_French_Fries_French_Fries_331.jpg,1,0,0,0,0
test_French_Fries_French_Fries_333.jpg,1,0,0,0,0
test_French_Fries_French_Fries_344.jpg,1,0,0,0,0
test_French_Fries_French_Fries_356.jpg,1,0,0,0,0
test_French_Fries_French_Fries_359.jpg,1,0,0,0,0
test_French_Fries_French_Fries_365.jpg,1,0,0,0,0
test_French_Fries_French_Fries_375.jpg,1,0,0,0,0
test_French_Fries_French_Fries_387.jpg,1,0,0,0,0
test_French_Fries_French_Fries_392.jpg,1,0,0,0,0
test_French_Fries_French_Fries_394.jpg,1,0,0,0,0
test_French_Fries_French_Fries_405.jpg,1,0,0,0,0
test_French_Fries_French_Fries_408.jpg,1,0,0,0,0
test_French_Fries_French_Fries_430.jpg,1,0,0,0,0
test_French_Fries_French_Fries_431.jpg,1,0,0,0,0
test_French_Fries_French_Fries_453.jpg,1,0,0,0,0
test_French_Fries_French_Fries_461.jpg,1,0,0,0,0
test_French_Fries_French_Fries_463.jpg,1,0,0,0,0
test_French_Fries_French_Fries_466.jpg,1,0,0,0,0
test_French_Fries_French_Fries_471.jpg,1,0,0,0,0
test_French_Fries_French_Fries_479.jpg,1,0,0,0,0
test_French_Fries_French_Fries_484.jpg,1,0,0,0,0
test_French_Fries_French_Fries_495.jpg,1,0,0,0,0
test_Gado-Gado_Gado-Gado_003.jpg,0,1,1,0,0
test_Gado-Gado_Gado-Gado_005.jpg,0,1,1,0,0
test_Gado-Gado_Gado-Gado_047.jpg,0,1,1,0,0
test_Gado-Gado_Gado-Gado_051.jpg,0,1,1,0,0
test_Gado-Gado_Gado-Gado_060.jpg,0,1,1,0,0
test_Gado-Gado_Gado-Gado_067.jpg,0,1,1,0,0
test_Gado-Gado_Gado-Gado_116.jpg,0,1,1,0,0
test_Gado-Gado_Gado-Gado_133.jpg,0,1,1,0,0
test_Gado-Gado_Gado-Gado_158.jpg,0,1,1,0,0
test_Gado-Gado_Gado-Gado_162.jpg,0,1,1,0,0
test_Gado-Gado_Gado-Gado_164.jpg,0,1,1,0,0
test_Gado-Gado_Gado-Gado_183.jpg,0,1,1,0,0
test_Gado-Gado_Gado-Gado_201.jpg,0,1,1,0,0
test_Gado-Gado_Gado-Gado_210.jpg,0,1,1,0,0
test_Gado-Gado_Gado-Gado_211.jpg,0,1,1,0,0
test_Gado-Gado_Gado-Gado_236.jpg,0,1,1,0,0
test_Gado-Gado_Gado-Gado_250.jpg,0,1,1,0,0
test_Gado-Gado_Gado-Gado_252.jpg,0,1,1,0,0
test_Gado-Gado_Gado-Gado_257.jpg,0,1,1,0,0
test_Gado-Gado_Gado-Gado_258.jpg,0,1,1,0,0
test_Gado-Gado_Gado-Gado_259.jpg,0,1,1,0,0
test_Gado-Gado_Gado-Gado_261.jpg,0,1,1,0,0
test_Gado-Gado_Gado-Gado_271.jpg,0,1,1,0,0
test_Gado-Gado_Gado-Gado_296.jpg,0,1,1,0,0
test_Gado-Gado_Gado-Gado_298.jpg,0,1,1,0,0
test_Gado-Gado_Gado-Gado_299.jpg,0,1,1,0,0
test_Gado-Gado_Gado-Gado_300.jpg,0,1,1,0,0
test_Gado-Gado_Gado-Gado_301.jpg,0,1,1,0,0
test_Gado-Gado_Gado-Gado_303.jpg,0,1,1,0,0
test_Gado-Gado_Gado-Gado_309.jpg,0,1,1,0,0
test_Gado-Gado_Gado-Gado_310.jpg,0,1,1,0,0
test_Gado-Gado_Gado-Gado_325.jpg,0,1,1,0,0
test_Gado-Gado_Gado-Gado_340.jpg,0,1,1,0,0
test_Gado-Gado_Gado-Gado_358.jpg,0,1,1,0,0
test_Gado-Gado_Gado-Gado_361.jpg,0,1,1,0,0
test_Gado-Gado_Gado-Gado_377.jpg,0,1,1,0,0
test_Gado-Gado_Gado-Gado_378.jpg,0,1,1,0,0
test_Gado-Gado_Gado-Gado_381.jpg,0,1,1,0,0
test_Gado-Gado_Gado-Gado_385.jpg,0,1,1,0,0
test_Gado-Gado_Gado-Gado_401.jpg,0,1,1,0,0
test_Gado-Gado_Gado-Gado_411.jpg,0,1,1,0,0
test_Gado-Gado_Gado-Gado_414.jpg,0,1,1,0,0
test_Gado-Gado_Gado-Gado_416.jpg,0,1,1,0,0
test_Gado-Gado_Gado-Gado_419.jpg,0,1,1,0,0
test_Gado-Gado_Gado-Gado_424.jpg,0,1,1,0,0
test_Gado-Gado_Gado-Gado_440.jpg,0,1,1,0,0
test_Gado-Gado_Gado-Gado_449.jpg,0,1,1,0,0
test_Gado-Gado_Gado-Gado_452.jpg,0,1,1,0,0
test_Gado-Gado_Gado-Gado_461.jpg,0,1,1,0,0
test_Gado-Gado_Gado-Gado_475.jpg,0,1,1,0,0
test_Ikan_Goreng_Ikan_Goreng_023.jpg,0,1,0,0,0
test_Ikan_Goreng_Ikan_Goreng_044.jpg,0,1,0,0,0
test_Ikan_Goreng_Ikan_Goreng_051.jpg,0,1,0,0,0
test_Ikan_Goreng_Ikan_Goreng_055.jpg,0,1,0,0,0
test_Ikan_Goreng_Ikan_Goreng_078.jpg,0,1,0,0,0
test_Ikan_Goreng_Ikan_Goreng_096.jpg,0,1,0,0,0
test_Ikan_Goreng_Ikan_Goreng_097.jpg,0,1,0,0,0
test_Ikan_Goreng_Ikan_Goreng_103.jpg,0,1,0,0,0
test_Ikan_Goreng_Ikan_Goreng_114.jpg,0,1,0,0,0
test_Ikan_Goreng_Ikan_Goreng_123.jpg,0,1,0,0,0
test_Ikan_Goreng_Ikan_Goreng_130.jpg,0,1,0,0,0
test_Ikan_Goreng_Ikan_Goreng_142.jpg,0,1,0,0,0
test_Ikan_Goreng_Ikan_Goreng_143.jpg,0,1,0,0,0
test_Ikan_Goreng_Ikan_Goreng_163.jpg,0,1,0,0,0
test_Ikan_Goreng_Ikan_Goreng_184.jpg,0,1,0,0,0
test_Ikan_Goreng_Ikan_Goreng_186.jpg,0,1,0,0,0
test_Ikan_Goreng_Ikan_Goreng_191.jpg,0,1,0,0,0
test_Ikan_Goreng_Ikan_Goreng_194.jpg,0,1,0,0,0
test_Ikan_Goreng_Ikan_Goreng_250.jpg,0,1,0,0,0
test_Ikan_Goreng_Ikan_Goreng_251.jpg,0,1,0,0,0
test_Ikan_Goreng_Ikan_Goreng_253.jpg,0,1,0,0,0
test_Ikan_Goreng_Ikan_Goreng_257.jpg,0,1,0,0,0
test_Ikan_Goreng_Ikan_Goreng_259.jpg,0,1,0,0,0
test_Ikan_Goreng_Ikan_Goreng_276.jpg,0,1,0,0,0
test_Ikan_Goreng_Ikan_Goreng_278.jpg,0,1,0,0,0
test_Ikan_Goreng_Ikan_Goreng_289.jpg,0,1,0,0,0
test_Ikan_Goreng_Ikan_Goreng_301.jpg,0,1,0,0,0
test_Ikan_Goreng_Ikan_Goreng_314.jpg,0,1,0,0,0
test_Ikan_Goreng_Ikan_Goreng_331.jpg,0,1,0,0,0
test_Ikan_Goreng_Ikan_Goreng_338.jpg,0,1,0,0,0
test_Ikan_Goreng_Ikan_Goreng_354.jpg,0,1,0,0,0
test_Ikan_Goreng_Ikan_Goreng_362.jpg,0,1,0,0,0
test_Ikan_Goreng_Ikan_Goreng_380.jpg,0,1,0,0,0
test_Ikan_Goreng_Ikan_Goreng_392.jpg,0,1,0,0,0
test_Ikan_Goreng_Ikan_Goreng_407.jpg,0,1,0,0,0
test_Ikan_Goreng_Ikan_Goreng_439.jpg,0,1,0,0,0
test_Ikan_Goreng_Ikan_Goreng_440.jpg,0,1,0,0,0
test_Ikan_Goreng_Ikan_Goreng_446.jpg,0,1,0,0,0
test_Ikan_Goreng_Ikan_Goreng_459.jpg,0,1,0,0,0
test_Ikan_Goreng_Ikan_Goreng_461.jpg,0,1,0,0,0
test_Ikan_Goreng_Ikan_Goreng_466.jpg,0,1,0,0,0
test_Ikan_Goreng_Ikan_Goreng_468.jpg,0,1,0,0,0
test_Ikan_Goreng_Ikan_Goreng_478.jpg,0,1,0,0,0
test_Ikan_Goreng_Ikan_Goreng_482.jpg,0,1,0,0,0
test_Ikan_Goreng_Ikan_Goreng_483.jpg,0,1,0,0,0
test_Ikan_Goreng_Ikan_Goreng_484.jpg,0,1,0,0,0
test_Ikan_Goreng_Ikan_Goreng_485.jpg,0,1,0,0,0
test_Ikan_Goreng_Ikan_Goreng_489.jpg,0,1,0,0,0
test_Ikan_Goreng_Ikan_Goreng_492.jpg,0,1,0,0,0
test_Ikan_Goreng_Ikan_Goreng_493.jpg,0,1,0,0,0
test_Mie_Goreng_Mie_Goreng_027.jpg,1,1,1,0,0
test_Mie_Goreng_Mie_Goreng_034.jpg,1,1,1,0,0
test_Mie_Goreng_Mie_Goreng_039.jpg,1,1,1,0,0
test_Mie_Goreng_Mie_Goreng_066.jpg,1,1,1,0,0
test_Mie_Goreng_Mie_Goreng_068.jpg,1,1,1,0,0
test_Mie_Goreng_Mie_Goreng_073.jpg,1,1,1,0,0
test_Mie_Goreng_Mie_Goreng_108.jpg,1,1,1,0,0
test_Mie_Goreng_Mie_Goreng_126.jpg,1,1,1,0,0
test_Mie_Goreng_Mie_Goreng_130.jpg,1,1,1,0,0
test_Mie_Goreng_Mie_Goreng_144.jpg,1,1,1,0,0
test_Mie_Goreng_Mie_Goreng_148.jpg,1,1,1,0,0
test_Mie_Goreng_Mie_Goreng_157.jpg,1,1,1,0,0
test_Mie_Goreng_Mie_Goreng_159.jpg,1,1,1,0,0
test_Mie_Goreng_Mie_Goreng_172.jpg,1,1,1,0,0
test_Mie_Goreng_Mie_Goreng_174.jpg,1,1,1,0,0
test_Mie_Goreng_Mie_Goreng_197.jpg,1,1,1,0,0
test_Mie_Goreng_Mie_Goreng_213.jpg,1,1,1,0,0
test_Mie_Goreng_Mie_Goreng_220.jpg,1,1,1,0,0
test_Mie_Goreng_Mie_Goreng_227.jpg,1,1,1,0,0
test_Mie_Goreng_Mie_Goreng_228.jpg,1,1,1,0,0
test_Mie_Goreng_Mie_Goreng_244.jpg,1,1,1,0,0
test_Mie_Goreng_Mie_Goreng_257.jpg,1,1,1,0,0
test_Mie_Goreng_Mie_Goreng_262.jpg,1,1,1,0,0
test_Mie_Goreng_Mie_Goreng_277.jpg,1,1,1,0,0
test_Mie_Goreng_Mie_Goreng_281.jpg,1,1,1,0,0
test_Mie_Goreng_Mie_Goreng_294.jpg,1,1,1,0,0
test_Mie_Goreng_Mie_Goreng_298.jpg,1,1,1,0,0
test_Mie_Goreng_Mie_Goreng_302.jpg,1,1,1,0,0
test_Mie_Goreng_Mie_Goreng_304.jpg,1,1,1,0,0
test_Mie_Goreng_Mie_Goreng_314.jpg,1,1,1,0,0
test_Mie_Goreng_Mie_Goreng_324.jpg,1,1,1,0,0
test_Mie_Goreng_Mie_Goreng_334.jpg,1,1,1,0,0
test_Mie_Goreng_Mie_Goreng_341.jpg,1,1,1,0,0
test_Mie_Goreng_Mie_Goreng_351.jpg,1,1,1,0,0
test_Mie_Goreng_Mie_Goreng_362.jpg,1,1,1,0,0
test_Mie_Goreng_Mie_Goreng_371.jpg,1,1,1,0,0
test_Mie_Goreng_Mie_Goreng_417.jpg,1,1,1,0,0
test_Mie_Goreng_Mie_Goreng_418.jpg,1,1,1,0,0
test_Mie_Goreng_Mie_Goreng_419.jpg,1,1,1,0,0
test_Mie_Goreng_Mie_Goreng_421.jpg,1,1,1,0,0
test_Mie_Goreng_Mie_Goreng_429.jpg,1,1,1,0,0
test_Mie_Goreng_Mie_Goreng_431.jpg,1,1,1,0,0
test_Mie_Goreng_Mie_Goreng_432.jpg,1,1,1,0,0
test_Mie_Goreng_Mie_Goreng_446.jpg,1,1,1,0,0
test_Mie_Goreng_Mie_Goreng_449.jpg,1,1,1,0,0
test_Mie_Goreng_Mie_Goreng_463.jpg,1,1,1,0,0
test_Mie_Goreng_Mie_Goreng_475.jpg,1,1,1,0,0
test_Mie_Goreng_Mie_Goreng_479.jpg,1,1,1,0,0
test_Mie_Goreng_Mie_Goreng_480.jpg,1,1,1,0,0
test_Mie_Goreng_Mie_Goreng_493.jpg,1,1,1,0,0
test_Nasi_Goreng_Nasi_Goreng_001.jpg,1,1,0,0,0
test_Nasi_Goreng_Nasi_Goreng_011.jpg,1,1,0,0,0
test_Nasi_Goreng_Nasi_Goreng_014.jpg,1,1,0,0,0
test_Nasi_Goreng_Nasi_Goreng_030.jpg,1,1,0,0,0
test_Nasi_Goreng_Nasi_Goreng_032.jpg,1,1,0,0,0
test_Nasi_Goreng_Nasi_Goreng_043.jpg,1,1,0,0,0
test_Nasi_Goreng_Nasi_Goreng_045.jpg,1,1,0,0,0
test_Nasi_Goreng_Nasi_Goreng_048.jpg,1,1,0,0,0
test_Nasi_Goreng_Nasi_Goreng_067.jpg,1,1,0,0,0
test_Nasi_Goreng_Nasi_Goreng_087.jpg,1,1,0,0,0
test_Nasi_Goreng_Nasi_Goreng_092.jpg,1,1,0,0,0
test_Nasi_Goreng_Nasi_Goreng_094.jpg,1,1,0,0,0
test_Nasi_Goreng_Nasi_Goreng_104.jpg,1,1,0,0,0
test_Nasi_Goreng_Nasi_Goreng_119.jpg,1,1,0,0,0
test_Nasi_Goreng_Nasi_Goreng_125.jpg,1,1,0,0,0
test_Nasi_Goreng_Nasi_Goreng_127.jpg,1,1,0,0,0
test_Nasi_Goreng_Nasi_Goreng_140.jpg,1,1,0,0,0
test_Nasi_Goreng_Nasi_Goreng_170.jpg,1,1,0,0,0
test_Nasi_Goreng_Nasi_Goreng_174.jpg,1,1,0,0,0
test_Nasi_Goreng_Nasi_Goreng_176.jpg,1,1,0,0,0
test_Nasi_Goreng_Nasi_Goreng_196.jpg,1,1,0,0,0
test_Nasi_Goreng_Nasi_Goreng_206.jpg,1,1,0,0,0
test_Nasi_Goreng_Nasi_Goreng_210.jpg,1,1,0,0,0
test_Nasi_Goreng_Nasi_Goreng_252.jpg,1,1,0,0,0
test_Nasi_Goreng_Nasi_Goreng_253.jpg,1,1,0,0,0
test_Nasi_Goreng_Nasi_Goreng_259.jpg,1,1,0,0,0
test_Nasi_Goreng_Nasi_Goreng_302.jpg,1,1,0,0,0
test_Nasi_Goreng_Nasi_Goreng_307.jpg,1,1,0,0,0
test_Nasi_Goreng_Nasi_Goreng_310.jpg,1,1,0,0,0
test_Nasi_Goreng_Nasi_Goreng_318.jpg,1,1,0,0,0
test_Nasi_Goreng_Nasi_Goreng_320.jpg,1,1,0,0,0
test_Nasi_Goreng_Nasi_Goreng_321.jpg,1,1,0,0,0
test_Nasi_Goreng_Nasi_Goreng_325.jpg,1,1,0,0,0
test_Nasi_Goreng_Nasi_Goreng_342.jpg,1,1,0,0,0
test_Nasi_Goreng_Nasi_Goreng_350.jpg,1,1,0,0,0
test_Nasi_Goreng_Nasi_Goreng_379.jpg,1,1,0,0,0
test_Nasi_Goreng_Nasi_Goreng_382.jpg,1,1,0,0,0
test_Nasi_Goreng_Nasi_Goreng_393.jpg,1,1,0,0,0
test_Nasi_Goreng_Nasi_Goreng_396.jpg,1,1,0,0,0
test_Nasi_Goreng_Nasi_Goreng_403.jpg,1,1,0,0,0
test_Nasi_Goreng_Nasi_Goreng_409.jpg,1,1,0,0,0
test_Nasi_Goreng_Nasi_Goreng_421.jpg,1,1,0,0,0
test_Nasi_Goreng_Nasi_Goreng_422.jpg,1,1,0,0,0
test_Nasi_Goreng_Nasi_Goreng_430.jpg,1,1,0,0,0
test_Nasi_Goreng_Nasi_Goreng_453.jpg,1,1,0,0,0
test_Nasi_Goreng_Nasi_Goreng_457.jpg,1,1,0,0,0
test_Nasi_Goreng_Nasi_Goreng_462.jpg,1,1,0,0,0
test_Nasi_Goreng_Nasi_Goreng_468.jpg,1,1,0,0,0
test_Nasi_Goreng_Nasi_Goreng_471.jpg,1,1,0,0,0
test_Nasi_Goreng_Nasi_Goreng_486.jpg,1,1,0,0,0
test_Nasi_Padang_Nasi_Padang_005.jpg,1,1,1,0,0
test_Nasi_Padang_Nasi_Padang_022.jpg,1,1,1,0,0
test_Nasi_Padang_Nasi_Padang_023.jpg,1,1,1,0,0
test_Nasi_Padang_Nasi_Padang_026.jpg,1,1,1,0,0
test_Nasi_Padang_Nasi_Padang_043.jpg,1,1,1,0,0
test_Nasi_Padang_Nasi_Padang_050.jpg,1,1,1,0,0
test_Nasi_Padang_Nasi_Padang_057.jpg,1,1,1,0,0
test_Nasi_Padang_Nasi_Padang_062.jpg,1,1,1,0,0
test_Nasi_Padang_Nasi_Padang_074.jpg,1,1,1,0,0
test_Nasi_Padang_Nasi_Padang_079.jpg,1,1,1,0,0
test_Nasi_Padang_Nasi_Padang_087.jpg,1,1,1,0,0
test_Nasi_Padang_Nasi_Padang_095.jpg,1,1,1,0,0
test_Nasi_Padang_Nasi_Padang_106.jpg,1,1,1,0,0
test_Nasi_Padang_Nasi_Padang_116.jpg,1,1,1,0,0
test_Nasi_Padang_Nasi_Padang_145.jpg,1,1,1,0,0
test_Nasi_Padang_Nasi_Padang_152.jpg,1,1,1,0,0
test_Nasi_Padang_Nasi_Padang_173.jpg,1,1,1,0,0
test_Nasi_Padang_Nasi_Padang_175.jpg,1,1,1,0,0
test_Nasi_Padang_Nasi_Padang_186.jpg,1,1,1,0,0
test_Nasi_Padang_Nasi_Padang_193.jpg,1,1,1,0,0
test_Nasi_Padang_Nasi_Padang_205.jpg,1,1,1,0,0
test_Nasi_Padang_Nasi_Padang_211.jpg,1,1,1,0,0
test_Nasi_Padang_Nasi_Padang_228.jpg,1,1,1,0,0
test_Nasi_Padang_Nasi_Padang_239.jpg,1,1,1,0,0
test_Nasi_Padang_Nasi_Padang_270.jpg,1,1,1,0,0
test_Nasi_Padang_Nasi_Padang_300.jpg,1,1,1,0,0
test_Nasi_Padang_Nasi_Padang_303.jpg,1,1,1,0,0
test_Nasi_Padang_Nasi_Padang_323.jpg,1,1,1,0,0
test_Nasi_Padang_Nasi_Padang_337.jpg,1,1,1,0,0
test_Nasi_Padang_Nasi_Padang_340.jpg,1,1,1,0,0
test_Nasi_Padang_Nasi_Padang_360.jpg,1,1,1,0,0
test_Nasi_Padang_Nasi_Padang_372.jpg,1,1,1,0,0
test_Nasi_Padang_Nasi_Padang_377.jpg,1,1,1,0,0
test_Nasi_Padang_Nasi_Padang_378.jpg,1,1,1,0,0
test_Nasi_Padang_Nasi_Padang_392.jpg,1,1,1,0,0
test_Nasi_Padang_Nasi_Padang_409.jpg,1,1,1,0,0
test_Nasi_Padang_Nasi_Padang_413.jpg,1,1,1,0,0
test_Nasi_Padang_Nasi_Padang_421.jpg,1,1,1,0,0
test_Nasi_Padang_Nasi_Padang_428.jpg,1,1,1,0,0
test_Nasi_Padang_Nasi_Padang_429.jpg,1,1,1,0,0
test_Nasi_Padang_Nasi_Padang_437.jpg,1,1,1,0,0
test_Nasi_Padang_Nasi_Padang_443.jpg,1,1,1,0,0
test_Nasi_Padang_Nasi_Padang_452.jpg,1,1,1,0,0
test_Nasi_Padang_Nasi_Padang_455.jpg,1,1,1,0,0
test_Nasi_Padang_Nasi_Padang_456.jpg,1,1,1,0,0
test_Nasi_Padang_Nasi_Padang_477.jpg,1,1,1,0,0
test_Nasi_Padang_Nasi_Padang_478.jpg,1,1,1,0,0
test_Nasi_Padang_Nasi_Padang_485.jpg,1,1,1,0,0
test_Nasi_Padang_Nasi_Padang_489.jpg,1,1,1,0,0
test_Nasi_Padang_Nasi_Padang_497.jpg,1,1,1,0,0
test_Pizza_Pizza_003.jpg,1,1,0,0,1
test_Pizza_Pizza_010.jpg,1,1,0,0,1
test_Pizza_Pizza_012.jpg,1,1,0,0,1
test_Pizza_Pizza_054.jpg,1,1,0,0,1
test_Pizza_Pizza_057.jpg,1,1,0,0,1
test_Pizza_Pizza_065.jpg,1,1,0,0,1
test_Pizza_Pizza_076.jpg,1,1,0,0,1
test_Pizza_Pizza_078.jpg,1,1,0,0,1
test_Pizza_Pizza_081.jpg,1,1,0,0,1
test_Pizza_Pizza_097.jpg,1,1,0,0,1
test_Pizza_Pizza_101.jpg,1,1,0,0,1
test_Pizza_Pizza_113.jpg,1,1,0,0,1
test_Pizza_Pizza_116.jpg,1,1,0,0,1
test_Pizza_Pizza_158.jpg,1,1,0,0,1
test_Pizza_Pizza_162.jpg,1,1,0,0,1
test_Pizza_Pizza_167.jpg,1,1,0,0,1
test_Pizza_Pizza_169.jpg,1,1,0,0,1
test_Pizza_Pizza_183.jpg,1,1,0,0,1
test_Pizza_Pizza_193.jpg,1,1,0,0,1
test_Pizza_Pizza_209.jpg,1,1,0,0,1
test_Pizza_Pizza_211.jpg,1,1,0,0,1
test_Pizza_Pizza_234.jpg,1,1,0,0,1
test_Pizza_Pizza_238.jpg,1,1,0,0,1
test_Pizza_Pizza_252.jpg,1,1,0,0,1
test_Pizza_Pizza_264.jpg,1,1,0,0,1
test_Pizza_Pizza_265.jpg,1,1,0,0,1
test_Pizza_Pizza_273.jpg,1,1,0,0,1
test_Pizza_Pizza_297.jpg,1,1,0,0,1
test_Pizza_Pizza_301.jpg,1,1,0,0,1
test_Pizza_Pizza_331.jpg,1,1,0,0,1
test_Pizza_Pizza_340.jpg,1,1,0,0,1
test_Pizza_Pizza_341.jpg,1,1,0,0,1
test_Pizza_Pizza_345.jpg,1,1,0,0,1
test_Pizza_Pizza_356.jpg,1,1,0,0,1
test_Pizza_Pizza_382.jpg,1,1,0,0,1
test_Pizza_Pizza_387.jpg,1,1,0,0,1
test_Pizza_Pizza_393.jpg,1,1,0,0,1
test_Pizza_Pizza_424.jpg,1,1,0,0,1
test_Pizza_Pizza_427.jpg,1,1,0,0,1
test_Pizza_Pizza_437.jpg,1,1,0,0,1
test_Pizza_Pizza_445.jpg,1,1,0,0,1
test_Pizza_Pizza_453.jpg,1,1,0,0,1
test_Pizza_Pizza_460.jpg,1,1,0,0,1
test_Pizza_Pizza_461.jpg,1,1,0,0,1
test_Pizza_Pizza_465.jpg,1,1,0,0,1
test_Pizza_Pizza_466.jpg,1,1,0,0,1
test_Pizza_Pizza_487.jpg,1,1,0,0,1
test_Pizza_Pizza_488.jpg,1,1,0,0,1
test_Pizza_Pizza_496.jpg,1,1,0,0,1
test_Pizza_Pizza_499.jpg,1,1,0,0,1
test_Rawon_Rawon_002.jpg,0,1,0,0,0
test_Rawon_Rawon_025.jpg,0,1,0,0,0
test_Rawon_Rawon_026.jpg,0,1,0,0,0
test_Rawon_Rawon_034.jpg,0,1,0,0,0
test_Rawon_Rawon_043.jpg,0,1,0,0,0
test_Rawon_Rawon_048.jpg,0,1,0,0,0
test_Rawon_Rawon_051.jpg,0,1,0,0,0
test_Rawon_Rawon_054.jpg,0,1,0,0,0
test_Rawon_Rawon_087.jpg,0,1,0,0,0
test_Rawon_Rawon_093.jpg,0,1,0,0,0
test_Rawon_Rawon_094.jpg,0,1,0,0,0
test_Rawon_Rawon_096.jpg,0,1,0,0,0
test_Rawon_Rawon_105.jpg,0,1,0,0,0
test_Rawon_Rawon_116.jpg,0,1,0,0,0
test_Rawon_Rawon_120.jpg,0,1,0,0,0
test_Rawon_Rawon_123.jpg,0,1,0,0,0
test_Rawon_Rawon_138.jpg,0,1,0,0,0
test_Rawon_Rawon_141.jpg,0,1,0,0,0
test_Rawon_Rawon_156.jpg,0,1,0,0,0
test_Rawon_Rawon_164.jpg,0,1,0,0,0
test_Rawon_Rawon_211.jpg,0,1,0,0,0
test_Rawon_Rawon_214.jpg,0,1,0,0,0
test_Rawon_Rawon_216.jpg,0,1,0,0,0
test_Rawon_Rawon_237.jpg,0,1,0,0,0
test_Rawon_Rawon_275.jpg,0,1,0,0,0
test_Rawon_Rawon_276.jpg,0,1,0,0,0
test_Rawon_Rawon_301.jpg,0,1,0,0,0
test_Rawon_Rawon_303.jpg,0,1,0,0,0
test_Rawon_Rawon_319.jpg,0,1,0,0,0
test_Rawon_Rawon_324.jpg,0,1,0,0,0
test_Rawon_Rawon_329.jpg,0,1,0,0,0
test_Rawon_Rawon_338.jpg,0,1,0,0,0
test_Rawon_Rawon_345.jpg,0,1,0,0,0
test_Rawon_Rawon_356.jpg,0,1,0,0,0
test_Rawon_Rawon_357.jpg,0,1,0,0,0
test_Rawon_Rawon_378.jpg,0,1,0,0,0
test_Rawon_Rawon_405.jpg,0,1,0,0,0
test_Rawon_Rawon_408.jpg,0,1,0,0,0
test_Rawon_Rawon_411.jpg,0,1,0,0,0
test_Rawon_Rawon_414.jpg,0,1,0,0,0
test_Rawon_Rawon_420.jpg,0,1,0,0,0
test_Rawon_Rawon_423.jpg,0,1,0,0,0
test_Rawon_Rawon_427.jpg,0,1,0,0,0
test_Rawon_Rawon_438.jpg,0,1,0,0,0
test_Rawon_Rawon_472.jpg,0,1,0,0,0
test_Rawon_Rawon_474.jpg,0,1,0,0,0
test_Rawon_Rawon_478.jpg,0,1,0,0,0
test_Rawon_Rawon_497.jpg,0,1,0,0,0
test_Rendang_Rendang_006.jpg,0,1,0,0,0
test_Rendang_Rendang_007.jpg,0,1,0,0,0
test_Rendang_Rendang_013.jpg,0,1,0,0,0
test_Rendang_Rendang_014.jpg,0,1,0,0,0
test_Rendang_Rendang_031.jpg,0,1,0,0,0
test_Rendang_Rendang_035.jpg,0,1,0,0,0
test_Rendang_Rendang_045.jpg,0,1,0,0,0
test_Rendang_Rendang_048.jpg,0,1,0,0,0
test_Rendang_Rendang_053.jpg,0,1,0,0,0
test_Rendang_Rendang_056.jpg,0,1,0,0,0
test_Rendang_Rendang_064.jpg,0,1,0,0,0
test_Rendang_Rendang_084.jpg,0,1,0,0,0
test_Rendang_Rendang_103.jpg,0,1,0,0,0
test_Rendang_Rendang_108.jpg,0,1,0,0,0
test_Rendang_Rendang_119.jpg,0,1,0,0,0
test_Rendang_Rendang_124.jpg,0,1,0,0,0
test_Rendang_Rendang_126.jpg,0,1,0,0,0
test_Rendang_Rendang_134.jpg,0,1,0,0,0
test_Rendang_Rendang_143.jpg,0,1,0,0,0
test_Rendang_Rendang_160.jpg,0,1,0,0,0
test_Rendang_Rendang_164.jpg,0,1,0,0,0
test_Rendang_Rendang_189.jpg,0,1,0,0,0
test_Rendang_Rendang_190.jpg,0,1,0,0,0
test_Rendang_Rendang_233.jpg,0,1,0,0,0
test_Rendang_Rendang_234.jpg,0,1,0,0,0
test_Rendang_Rendang_249.jpg,0,1,0,0,0
test_Rendang_Rendang_255.jpg,0,1,0,0,0
test_Rendang_Rendang_258.jpg,0,1,0,0,0
test_Rendang_Rendang_261.jpg,0,1,0,0,0
test_Rendang_Rendang_266.jpg,0,1,0,0,0
test_Rendang_Rendang_295.jpg,0,1,0,0,0
test_Rendang_Rendang_308.jpg,0,1,0,0,0
test_Rendang_Rendang_310.jpg,0,1,0,0,0
test_Rendang_Rendang_314.jpg,0,1,0,0,0
test_Rendang_Rendang_317.jpg,0,1,0,0,0
test_Rendang_Rendang_346.jpg,0,1,0,0,0
test_Rendang_Rendang_361.jpg,0,1,0,0,0
test_Rendang_Rendang_363.jpg,0,1,0,0,0
test_Rendang_Rendang_378.jpg,0,1,0,0,0
test_Rendang_Rendang_404.jpg,0,1,0,0,0
test_Rendang_Rendang_405.jpg,0,1,0,0,0
test_Rendang_Rendang_407.jpg,0,1,0,0,0
test_Rendang_Rendang_434.jpg,0,1,0,0,0
test_Rendang_Rendang_435.jpg,0,1,0,0,0
test_Rendang_Rendang_436.jpg,0,1,0,0,0
test_Rendang_Rendang_449.jpg,0,1,0,0,0
test_Rendang_Rendang_463.jpg,0,1,0,0,0
test_Rendang_Rendang_482.jpg,0,1,0,0,0
test_Rendang_Rendang_491.jpg,0,1,0,0,0
test_Rendang_Rendang_496.jpg,0,1,0,0,0
test_Sate_Sate_017.jpg,0,1,0,0,0
test_Sate_Sate_019.jpg,0,1,0,0,0
test_Sate_Sate_033.jpg,0,1,0,0,0
test_Sate_Sate_035.jpg,0,1,0,0,0
test_Sate_Sate_036.jpg,0,1,0,0,0
test_Sate_Sate_056.jpg,0,1,0,0,0
test_Sate_Sate_058.jpg,0,1,0,0,0
test_Sate_Sate_060.jpg,0,1,0,0,0
test_Sate_Sate_062.jpg,0,1,0,0,0
test_Sate_Sate_067.jpg,0,1,0,0,0
test_Sate_Sate_085.jpg,0,1,0,0,0
test_Sate_Sate_086.jpg,0,1,0,0,0
test_Sate_Sate_092.jpg,0,1,0,0,0
test_Sate_Sate_099.jpg,0,1,0,0,0
test_Sate_Sate_118.jpg,0,1,0,0,0
test_Sate_Sate_144.jpg,0,1,0,0,0
test_Sate_Sate_147.jpg,0,1,0,0,0
test_Sate_Sate_154.jpg,0,1,0,0,0
test_Sate_Sate_171.jpg,0,1,0,0,0
test_Sate_Sate_177.jpg,0,1,0,0,0
test_Sate_Sate_191.jpg,0,1,0,0,0
test_Sate_Sate_198.jpg,0,1,0,0,0
test_Sate_Sate_202.jpg,0,1,0,0,0
test_Sate_Sate_226.jpg,0,1,0,0,0
test_Sate_Sate_235.jpg,0,1,0,0,0
test_Sate_Sate_245.jpg,0,1,0,0,0
test_Sate_Sate_252.jpg,0,1,0,0,0
test_Sate_Sate_253.jpg,0,1,0,0,0
test_Sate_Sate_275.jpg,0,1,0,0,0
test_Sate_Sate_283.jpg,0,1,0,0,0
test_Sate_Sate_288.jpg,0,1,0,0,0
test_Sate_Sate_294.jpg,0,1,0,0,0
test_Sate_Sate_357.jpg,0,1,0,0,0
test_Sate_Sate_361.jpg,0,1,0,0,0
test_Sate_Sate_390.jpg,0,1,0,0,0
test_Sate_Sate_393.jpg,0,1,0,0,0
test_Sate_Sate_418.jpg,0,1,0,0,0
test_Sate_Sate_420.jpg,0,1,0,0,0
test_Sate_Sate_435.jpg,0,1,0,0,0
test_Sate_Sate_444.jpg,0,1,0,0,0
test_Sate_Sate_458.jpg,0,1,0,0,0
test_Sate_Sate_461.jpg,0,1,0,0,0
test_Sate_Sate_464.jpg,0,1,0,0,0
test_Sate_Sate_471.jpg,0,1,0,0,0
test_Sate_Sate_473.jpg,0,1,0,0,0
test_Sate_Sate_477.jpg,0,1,0,0,0
test_Sate_Sate_488.jpg,0,1,0,0,0
test_Sate_Sate_490.jpg,0,1,0,0,0
test_Sate_Sate_491.jpg,0,1,0,0,0
test_Sate_Sate_493.jpg,0,1,0,0,0
test_Soto_Soto_Ayam_003.jpg,0,1,1,0,0
test_Soto_Soto_Ayam_006.jpg,0,1,1,0,0
test_Soto_Soto_Ayam_015.jpg,0,1,1,0,0
test_Soto_Soto_Ayam_018.jpg,0,1,1,0,0
test_Soto_Soto_Ayam_023.jpg,0,1,1,0,0
test_Soto_Soto_Ayam_026.jpg,0,1,1,0,0
test_Soto_Soto_Ayam_036.jpg,0,1,1,0,0
test_Soto_Soto_Ayam_049.jpg,0,1,1,0,0
test_Soto_Soto_Ayam_057.jpg,0,1,1,0,0
test_Soto_Soto_Ayam_058.jpg,0,1,1,0,0
test_Soto_Soto_Ayam_081.jpg,0,1,1,0,0
test_Soto_Soto_Ayam_093.jpg,0,1,1,0,0
test_Soto_Soto_Ayam_095.jpg,0,1,1,0,0
test_Soto_Soto_Ayam_107.jpg,0,1,1,0,0
test_Soto_Soto_Ayam_108.jpg,0,1,1,0,0
test_Soto_Soto_Ayam_123.jpg,0,1,1,0,0
test_Soto_Soto_Ayam_148.jpg,0,1,1,0,0
test_Soto_Soto_Ayam_159.jpg,0,1,1,0,0
test_Soto_Soto_Ayam_181.jpg,0,1,1,0,0
test_Soto_Soto_Ayam_202.jpg,0,1,1,0,0
test_Soto_Soto_Ayam_215.jpg,0,1,1,0,0
test_Soto_Soto_Ayam_223.jpg,0,1,1,0,0
test_Soto_Soto_Ayam_224.jpg,0,1,1,0,0
test_Soto_Soto_Ayam_240.jpg,0,1,1,0,0
test_Soto_Soto_Ayam_271.jpg,0,1,1,0,0
test_Soto_Soto_Ayam_279.jpg,0,1,1,0,0
test_Soto_Soto_Ayam_282.jpg,0,1,1,0,0
test_Soto_Soto_Ayam_307.jpg,0,1,1,0,0
test_Soto_Soto_Ayam_323.jpg,0,1,1,0,0
test_Soto_Soto_Ayam_327.jpg,0,1,1,0,0
test_Soto_Soto_Ayam_340.jpg,0,1,1,0,0
test_Soto_Soto_Ayam_353.jpg,0,1,1,0,0
test_Soto_Soto_Ayam_373.jpg,0,1,1,0,0
test_Soto_Soto_Ayam_392.jpg,0,1,1,0,0
test_Soto_Soto_Ayam_397.jpg,0,1,1,0,0
test_Soto_Soto_Ayam_406.jpg,0,1,1,0,0
test_Soto_Soto_Ayam_415.jpg,0,1,1,0,0
test_Soto_Soto_Ayam_421.jpg,0,1,1,0,0
test_Soto_Soto_Ayam_422.jpg,0,1,1,0,0
test_Soto_Soto_Ayam_434.jpg,0,1,1,0,0
test_Soto_Soto_Ayam_437.jpg,0,1,1,0,0
test_Soto_Soto_Ayam_448.jpg,0,1,1,0,0
test_Soto_Soto_Ayam_451.jpg,0,1,1,0,0
test_Soto_Soto_Ayam_474.jpg,0,1,1,0,0
test_Soto_Soto_Ayam_476.jpg,0,1,1,0,0
test_Soto_Soto_Ayam_487.jpg,0,1,1,0,0
test_Soto_Soto_Ayam_488.jpg,0,1,1,0,0
test_Soto_Soto_Ayam_489.jpg,0,1,1,0,0
test_Soto_Soto_Ayam_500.jpg,0,1,1,0,0
train_Ayam_Goreng_Ayam_Goreng_001.jpg,0,1,0,0,0
train_Ayam_Goreng_Ayam_Goreng_002.jpg,0,1,0,0,0
train_Ayam_Goreng_Ayam_Goreng_003.jpg,0,1,0,0,0
train_Ayam_Goreng_Ayam_Goreng_004.jpg,0,1,0,0,0
train_Ayam_Goreng_Ayam_Goreng_005.jpg,0,1,0,0,0
train_Ayam_Goreng_Ayam_Goreng_007.jpg,0,1,0,0,0
train_Ayam_Goreng_Ayam_Goreng_008.jpg,0,1,0,0,0
train_Ayam_Goreng_Ayam_Goreng_009.jpg,0,1,0,0,0
train_Ayam_Goreng_Ayam_Goreng_012.jpg,0,1,0,0,0
train_Ayam_Goreng_Ayam_Goreng_014.jpg,0,1,0,0,0
train_Ayam_Goreng_Ayam_Goreng_015.jpg,0,1,0,0,0
train_Ayam_Goreng_Ayam_Goreng_017.jpg,0,1,0,0,0
train_Ayam_Goreng_Ayam_Goreng_020.jpg,0,1,0,0,0
train_Ayam_Goreng_Ayam_Goreng_021.jpg,0,1,0,0,0
train_Ayam_Goreng_Ayam_Goreng_022.jpg,0,1,0,0,0
train_Ayam_Goreng_Ayam_Goreng_023.jpg,0,1,0,0,0
train_Ayam_Goreng_Ayam_Goreng_024.jpg,0,1,0,0,0
train_Ayam_Goreng_Ayam_Goreng_026.jpg,0,1,0,0,0
train_Ayam_Goreng_Ayam_Goreng_027.jpg,0,1,0,0,0
train_Ayam_Goreng_Ayam_Goreng_030.jpg,0,1,0,0,0
train_Ayam_Goreng_Ayam_Goreng_031.jpg,0,1,0,0,0
train_Ayam_Goreng_Ayam_Goreng_033.jpg,0,1,0,0,0
train_Ayam_Goreng_Ayam_Goreng_034.jpg,0,1,0,0,0
train_Ayam_Goreng_Ayam_Goreng_038.jpg,0,1,0,0,0
train_Ayam_Goreng_Ayam_Goreng_040.jpg,0,1,0,0,0
train_Ayam_Goreng_Ayam_Goreng_041.jpg,0,1,0,0,0
train_Ayam_Goreng_Ayam_Goreng_042.jpg,0,1,0,0,0
train_Ayam_Goreng_Ayam_Goreng_044.jpg,0,1,0,0,0
train_Ayam_Goreng_Ayam_Goreng_045.jpg,0,1,0,0,0
train_Ayam_Goreng_Ayam_Goreng_046.jpg,0,1,0,0,0
train_Ayam_Goreng_Ayam_Goreng_047.jpg,0,1,0,0,0
train_Ayam_Goreng_Ayam_Goreng_048.jpg,0,1,0,0,0
train_Ayam_Goreng_Ayam_Goreng_049.jpg,0,1,0,0,0
train_Ayam_Goreng_Ayam_Goreng_050.jpg,0,1,0,0,0
train_Ayam_Goreng_Ayam_Goreng_051.jpg,0,1,0,0,0
train_Ayam_Goreng_Ayam_Goreng_052.jpg,0,1,0,0,0
train_Ayam_Goreng_Ayam_Goreng_054.jpg,0,1,0,0,0
train_Ayam_Goreng_Ayam_Goreng_055.jpg,0,1,0,0,0
train_Ayam_Goreng_Ayam_Goreng_056.jpg,0,1,0,0,0
train_Ayam_Goreng_Ayam_Goreng_057.jpg,0,1,0,0,0
train_Ayam_Goreng_Ayam_Goreng_058.jpg,0,1,0,0,0
train_Ayam_Goreng_Ayam_Goreng_059.jpg,0,1,0,0,0
train_Ayam_Goreng_Ayam_Goreng_060.jpg,0,1,0,0,0
train_Ayam_Goreng_Ayam_Goreng_061.jpg,0,1,0,0,0
train_Ayam_Goreng_Ayam_Goreng_062.jpg,0,1,0,0,0
train_Ayam_Goreng_Ayam_Goreng_063.jpg,0,1,0,0,0
train_Ayam_Goreng_Ayam_Goreng_064.jpg,0,1,0,0,0
train_Ayam_Goreng_Ayam_Goreng_065.jpg,0,1,0,0,0
train_Ayam_Goreng_Ayam_Goreng_066.jpg,0,1,0,0,0
train_Ayam_Goreng_Ayam_Goreng_067.jpg,0,1,0,0,0
train_Ayam_Goreng_Ayam_Goreng_068.jpg,0,1,0,0,0
train_Ayam_Goreng_Ayam_Goreng_069.jpg,0,1,0,0,0
train_Ayam_Goreng_Ayam_Goreng_070.jpg,0,1,0,0,0
train_Ayam_Goreng_Ayam_Goreng_071.jpg,0,1,0,0,0
train_Ayam_Goreng_Ayam_Goreng_072.jpg,0,1,0,0,0
train_Ayam_Goreng_Ayam_Goreng_073.jpg,0,1,0,0,0
train_Ayam_Goreng_Ayam_Goreng_074.jpg,0,1,0,0,0
train_Ayam_Goreng_Ayam_Goreng_075.jpg,0,1,0,0,0
train_Ayam_Goreng_Ayam_Goreng_076.jpg,0,1,0,0,0
train_Ayam_Goreng_Ayam_Goreng_077.jpg,0,1,0,0,0
train_Ayam_Goreng_Ayam_Goreng_083.jpg,0,1,0,0,0
train_Ayam_Goreng_Ayam_Goreng_085.jpg,0,1,0,0,0
train_Ayam_Goreng_Ayam_Goreng_086.jpg,0,1,0,0,0
train_Ayam_Goreng_Ayam_Goreng_087.jpg,0,1,0,0,0
train_Ayam_Goreng_Ayam_Goreng_088.jpg,0,1,0,0,0
train_Ayam_Goreng_Ayam_Goreng_089.jpg,0,1,0,0,0
train_Ayam_Goreng_Ayam_Goreng_092.jpg,0,1,0,0,0
train_Ayam_Goreng_Ayam_Goreng_093.jpg,0,1,0,0,0
train_Ayam_Goreng_Ayam_Goreng_094.jpg,0,1,0,0,0
train_Ayam_Goreng_Ayam_Goreng_095.jpg,0,1,0,0,0
train_Ayam_Goreng_Ayam_Goreng_096.jpg,0,1,0,0,0
train_Ayam_Goreng_Ayam_Goreng_098.jpg,0,1,0,0,0
train_Ayam_Goreng_Ayam_Goreng_099.jpg,0,1,0,0,0
train_Ayam_Goreng_Ayam_Goreng_100.jpg,0,1,0,0,0
train_Ayam_Goreng_Ayam_Goreng_101.jpg,0,1,0,0,0
train_Ayam_Goreng_Ayam_Goreng_103.jpg,0,1,0,0,0
train_Ayam_Goreng_Ayam_Goreng_105.jpg,0,1,0,0,0
train_Ayam_Goreng_Ayam_Goreng_107.jpg,0,1,0,0,0
train_Ayam_Goreng_Ayam_Goreng_108.jpg,0,1,0,0,0
train_Ayam_Goreng_Ayam_Goreng_109.jpg,0,1,0,0,0
train_Ayam_Goreng_Ayam_Goreng_111.jpg,0,1,0,0,0
train_Ayam_Goreng_Ayam_Goreng_112.jpg,0,1,0,0,0
train_Ayam_Goreng_Ayam_Goreng_113.jpg,0,1,0,0,0
train_Ayam_Goreng_Ayam_Goreng_114.jpg,0,1,0,0,0
train_Ayam_Goreng_Ayam_Goreng_115.jpg,0,1,0,0,0
train_Ayam_Goreng_Ayam_Goreng_116.jpg,0,1,0,0,0
train_Ayam_Goreng_Ayam_Goreng_117.jpg,0,1,0,0,0
train_Ayam_Goreng_Ayam_Goreng_118.jpg,0,1,0,0,0
train_Ayam_Goreng_Ayam_Goreng_119.jpg,0,1,0,0,0
train_Ayam_Goreng_Ayam_Goreng_120.jpg,0,1,0,0,0
train_Ayam_Goreng_Ayam_Goreng_121.jpg,0,1,0,0,0
train_Ayam_Goreng_Ayam_Goreng_122.jpg,0,1,0,0,0
train_Ayam_Goreng_Ayam_Goreng_123.jpg,0,1,0,0,0
train_Ayam_Goreng_Ayam_Goreng_124.jpg,0,1,0,0,0
train_Ayam_Goreng_Ayam_Goreng_125.jpg,0,1,0,0,0
train_Ayam_Goreng_Ayam_Goreng_126.jpg,0,1,0,0,0
train_Ayam_Goreng_Ayam_Goreng_127.jpg,0,1,0,0,0
train_Ayam_Goreng_Ayam_Goreng_128.jpg,0,1,0,0,0
train_Ayam_Goreng_Ayam_Goreng_129.jpg,0,1,0,0,0
train_Ayam_Goreng_Ayam_Goreng_130.jpg,0,1,0,0,0
train_Ayam_Goreng_Ayam_Goreng_131.jpg,0,1,0,0,0
train_Ayam_Goreng_Ayam_Goreng_133.jpg,0,1,0,0,0
train_Ayam_Goreng_Ayam_Goreng_134.jpg,0,1,0,0,0
train_Ayam_Goreng_Ayam_Goreng_135.jpg,0,1,0,0,0
train_Ayam_Goreng_Ayam_Goreng_137.jpg,0,1,0,0,0
train_Ayam_Goreng_Ayam_Goreng_138.jpg,0,1,0,0,0
train_Ayam_Goreng_Ayam_Goreng_139.jpg,0,1,0,0,0
train_Ayam_Goreng_Ayam_Goreng_140.jpg,0,1,0,0,0
train_Ayam_Goreng_Ayam_Goreng_141.jpg,0,1,0,0,0
train_Ayam_Goreng_Ayam_Goreng_142.jpg,0,1,0,0,0
train_Ayam_Goreng_Ayam_Goreng_143.jpg,0,1,0,0,0
train_Ayam_Goreng_Ayam_Goreng_144.jpg,0,1,0,0,0
train_Ayam_Goreng_Ayam_Goreng_145.jpg,0,1,0,0,0
train_Ayam_Goreng_Ayam_Goreng_146.jpg,0,1,0,0,0
train_Ayam_Goreng_Ayam_Goreng_147.jpg,0,1,0,0,0
train_Ayam_Goreng_Ayam_Goreng_149.jpg,0,1,0,0,0
train_Ayam_Goreng_Ayam_Goreng_150.jpg,0,1,0,0,0
train_Ayam_Goreng_Ayam_Goreng_151.jpg,0,1,0,0,0
train_Ayam_Goreng_Ayam_Goreng_152.jpg,0,1,0,0,0
train_Ayam_Goreng_Ayam_Goreng_153.jpg,0,1,0,0,0
train_Ayam_Goreng_Ayam_Goreng_156.jpg,0,1,0,0,0
train_Ayam_Goreng_Ayam_Goreng_157.jpg,0,1,0,0,0
train_Ayam_Goreng_Ayam_Goreng_158.jpg,0,1,0,0,0
train_Ayam_Goreng_Ayam_Goreng_159.jpg,0,1,0,0,0
train_Ayam_Goreng_Ayam_Goreng_160.jpg,0,1,0,0,0
train_Ayam_Goreng_Ayam_Goreng_163.jpg,0,1,0,0,0
train_Ayam_Goreng_Ayam_Goreng_164.jpg,0,1,0,0,0
train_Ayam_Goreng_Ayam_Goreng_165.jpg,0,1,0,0,0
train_Ayam_Goreng_Ayam_Goreng_166.jpg,0,1,0,0,0
train_Ayam_Goreng_Ayam_Goreng_167.jpg,0,1,0,0,0
train_Ayam_Goreng_Ayam_Goreng_168.jpg,0,1,0,0,0
train_Ayam_Goreng_Ayam_Goreng_169.jpg,0,1,0,0,0
train_Ayam_Goreng_Ayam_Goreng_170.jpg,0,1,0,0,0
train_Ayam_Goreng_Ayam_Goreng_171.jpg,0,1,0,0,0
train_Ayam_Goreng_Ayam_Goreng_172.jpg,0,1,0,0,0
train_Ayam_Goreng_Ayam_Goreng_173.jpg,0,1,0,0,0
train_Ayam_Goreng_Ayam_Goreng_174.jpg,0,1,0,0,0
train_Ayam_Goreng_Ayam_Goreng_176.jpg,0,1,0,0,0
train_Ayam_Goreng_Ayam_Goreng_177.jpg,0,1,0,0,0
train_Ayam_Goreng_Ayam_Goreng_178.jpg,0,1,0,0,0
train_Ayam_Goreng_Ayam_Goreng_179.jpg,0,1,0,0,0
train_Ayam_Goreng_Ayam_Goreng_180.jpg,0,1,0,0,0
train_Ayam_Goreng_Ayam_Goreng_182.jpg,0,1,0,0,0
train_Ayam_Goreng_Ayam_Goreng_183.jpg,0,1,0,0,0
train_Ayam_Goreng_Ayam_Goreng_184.jpg,0,1,0,0,0
train_Ayam_Goreng_Ayam_Goreng_187.jpg,0,1,0,0,0
train_Ayam_Goreng_Ayam_Goreng_188.jpg,0,1,0,0,0
train_Ayam_Goreng_Ayam_Goreng_189.jpg,0,1,0,0,0
train_Ayam_Goreng_Ayam_Goreng_191.jpg,0,1,0,0,0
train_Ayam_Goreng_Ayam_Goreng_192.jpg,0,1,0,0,0
train_Ayam_Goreng_Ayam_Goreng_193.jpg,0,1,0,0,0
train_Ayam_Goreng_Ayam_Goreng_194.jpg,0,1,0,0,0
train_Ayam_Goreng_Ayam_Goreng_195.jpg,0,1,0,0,0
train_Ayam_Goreng_Ayam_Goreng_196.jpg,0,1,0,0,0
train_Ayam_Goreng_Ayam_Goreng_197.jpg,0,1,0,0,0
train_Ayam_Goreng_Ayam_Goreng_199.jpg,0,1,0,0,0
train_Ayam_Goreng_Ayam_Goreng_200.jpg,0,1,0,0,0
train_Ayam_Goreng_Ayam_Goreng_203.jpg,0,1,0,0,0
train_Ayam_Goreng_Ayam_Goreng_205.jpg,0,1,0,0,0
train_Ayam_Goreng_Ayam_Goreng_206.jpg,0,1,0,0,0
train_Ayam_Goreng_Ayam_Goreng_207.jpg,0,1,0,0,0
train_Ayam_Goreng_Ayam_Goreng_208.jpg,0,1,0,0,0
train_Ayam_Goreng_Ayam_Goreng_209.jpg,0,1,0,0,0
train_Ayam_Goreng_Ayam_Goreng_210.jpg,0,1,0,0,0
train_Ayam_Goreng_Ayam_Goreng_211.jpg,0,1,0,0,0
train_Ayam_Goreng_Ayam_Goreng_212.jpg,0,1,0,0,0
train_Ayam_Goreng_Ayam_Goreng_215.jpg,0,1,0,0,0
train_Ayam_Goreng_Ayam_Goreng_216.jpg,0,1,0,0,0
train_Ayam_Goreng_Ayam_Goreng_217.jpg,0,1,0,0,0
train_Ayam_Goreng_Ayam_Goreng_218.jpg,0,1,0,0,0
train_Ayam_Goreng_Ayam_Goreng_219.jpg,0,1,0,0,0
train_Ayam_Goreng_Ayam_Goreng_220.jpg,0,1,0,0,0
train_Ayam_Goreng_Ayam_Goreng_221.jpg,0,1,0,0,0
train_Ayam_Goreng_Ayam_Goreng_222.jpg,0,1,0,0,0
train_Ayam_Goreng_Ayam_Goreng_223.jpg,0,1,0,0,0
train_Ayam_Goreng_Ayam_Goreng_224.jpg,0,1,0,0,0
train_Ayam_Goreng_Ayam_Goreng_225.jpg,0,1,0,0,0
train_Ayam_Goreng_Ayam_Goreng_226.jpg,0,1,0,0,0
train_Ayam_Goreng_Ayam_Goreng_227.jpg,0,1,0,0,0
train_Ayam_Goreng_Ayam_Goreng_228.jpg,0,1,0,0,0
train_Ayam_Goreng_Ayam_Goreng_230.jpg,0,1,0,0,0
train_Ayam_Goreng_Ayam_Goreng_231.jpg,0,1,0,0,0
train_Ayam_Goreng_Ayam_Goreng_234.jpg,0,1,0,0,0
train_Ayam_Goreng_Ayam_Goreng_236.jpg,0,1,0,0,0
train_Ayam_Goreng_Ayam_Goreng_237.jpg,0,1,0,0,0
train_Ayam_Goreng_Ayam_Goreng_239.jpg,0,1,0,0,0
train_Ayam_Goreng_Ayam_Goreng_240.jpg,0,1,0,0,0
train_Ayam_Goreng_Ayam_Goreng_241.jpg,0,1,0,0,0
train_Ayam_Goreng_Ayam_Goreng_242.jpg,0,1,0,0,0
train_Ayam_Goreng_Ayam_Goreng_244.jpg,0,1,0,0,0
train_Ayam_Goreng_Ayam_Goreng_246.jpg,0,1,0,0,0
train_Ayam_Goreng_Ayam_Goreng_247.jpg,0,1,0,0,0
train_Ayam_Goreng_Ayam_Goreng_250.jpg,0,1,0,0,0
train_Ayam_Goreng_Ayam_Goreng_251.jpg,0,1,0,0,0
train_Ayam_Goreng_Ayam_Goreng_252.jpg,0,1,0,0,0
train_Ayam_Goreng_Ayam_Goreng_255.jpg,0,1,0,0,0
train_Ayam_Goreng_Ayam_Goreng_256.jpg,0,1,0,0,0
train_Ayam_Goreng_Ayam_Goreng_257.jpg,0,1,0,0,0
train_Ayam_Goreng_Ayam_Goreng_258.jpg,0,1,0,0,0
train_Ayam_Goreng_Ayam_Goreng_259.jpg,0,1,0,0,0
train_Ayam_Goreng_Ayam_Goreng_260.jpg,0,1,0,0,0
train_Ayam_Goreng_Ayam_Goreng_261.jpg,0,1,0,0,0
train_Ayam_Goreng_Ayam_Goreng_262.jpg,0,1,0,0,0
train_Ayam_Goreng_Ayam_Goreng_264.jpg,0,1,0,0,0
train_Ayam_Goreng_Ayam_Goreng_265.jpg,0,1,0,0,0
train_Ayam_Goreng_Ayam_Goreng_267.jpg,0,1,0,0,0
train_Ayam_Goreng_Ayam_Goreng_268.jpg,0,1,0,0,0
train_Ayam_Goreng_Ayam_Goreng_269.jpg,0,1,0,0,0
train_Ayam_Goreng_Ayam_Goreng_270.jpg,0,1,0,0,0
train_Ayam_Goreng_Ayam_Goreng_271.jpg,0,1,0,0,0
train_Ayam_Goreng_Ayam_Goreng_272.jpg,0,1,0,0,0
train_Ayam_Goreng_Ayam_Goreng_274.jpg,0,1,0,0,0
train_Ayam_Goreng_Ayam_Goreng_275.jpg,0,1,0,0,0
train_Ayam_Goreng_Ayam_Goreng_277.jpg,0,1,0,0,0
train_Ayam_Goreng_Ayam_Goreng_278.jpg,0,1,0,0,0
train_Ayam_Goreng_Ayam_Goreng_279.jpg,0,1,0,0,0
train_Ayam_Goreng_Ayam_Goreng_281.jpg,0,1,0,0,0
train_Ayam_Goreng_Ayam_Goreng_283.jpg,0,1,0,0,0
train_Ayam_Goreng_Ayam_Goreng_284.jpg,0,1,0,0,0
train_Ayam_Goreng_Ayam_Goreng_285.jpg,0,1,0,0,0
train_Ayam_Goreng_Ayam_Goreng_286.jpg,0,1,0,0,0
train_Ayam_Goreng_Ayam_Goreng_287.jpg,0,1,0,0,0
train_Ayam_Goreng_Ayam_Goreng_288.jpg,0,1,0,0,0
train_Ayam_Goreng_Ayam_Goreng_289.jpg,0,1,0,0,0
train_Ayam_Goreng_Ayam_Goreng_290.jpg,0,1,0,0,0
train_Ayam_Goreng_Ayam_Goreng_291.jpg,0,1,0,0,0
train_Ayam_Goreng_Ayam_Goreng_292.jpg,0,1,0,0,0
train_Ayam_Goreng_Ayam_Goreng_294.jpg,0,1,0,0,0
train_Ayam_Goreng_Ayam_Goreng_295.jpg,0,1,0,0,0
train_Ayam_Goreng_Ayam_Goreng_296.jpg,0,1,0,0,0
train_Ayam_Goreng_Ayam_Goreng_297.jpg,0,1,0,0,0
train_Ayam_Goreng_Ayam_Goreng_298.jpg,0,1,0,0,0
train_Ayam_Goreng_Ayam_Goreng_299.jpg,0,1,0,0,0
train_Ayam_Goreng_Ayam_Goreng_300.jpg,0,1,0,0,0
train_Ayam_Goreng_Ayam_Goreng_301.jpg,0,1,0,0,0
train_Ayam_Goreng_Ayam_Goreng_303.jpg,0,1,0,0,0
train_Ayam_Goreng_Ayam_Goreng_305.jpg,0,1,0,0,0
train_Ayam_Goreng_Ayam_Goreng_306.jpg,0,1,0,0,0
train_Ayam_Goreng_Ayam_Goreng_307.jpg,0,1,0,0,0
train_Ayam_Goreng_Ayam_Goreng_308.jpg,0,1,0,0,0
train_Ayam_Goreng_Ayam_Goreng_310.jpg,0,1,0,0,0
train_Ayam_Goreng_Ayam_Goreng_311.jpg,0,1,0,0,0
train_Ayam_Goreng_Ayam_Goreng_312.jpg,0,1,0,0,0
train_Ayam_Goreng_Ayam_Goreng_313.jpg,0,1,0,0,0
train_Ayam_Goreng_Ayam_Goreng_315.jpg,0,1,0,0,0
train_Ayam_Goreng_Ayam_Goreng_316.jpg,0,1,0,0,0
train_Ayam_Goreng_Ayam_Goreng_317.jpg,0,1,0,0,0
train_Ayam_Goreng_Ayam_Goreng_319.jpg,0,1,0,0,0
train_Ayam_Goreng_Ayam_Goreng_322.jpg,0,1,0,0,0
train_Ayam_Goreng_Ayam_Goreng_323.jpg,0,1,0,0,0
train_Ayam_Goreng_Ayam_Goreng_324.jpg,0,1,0,0,0
train_Ayam_Goreng_Ayam_Goreng_325.jpg,0,1,0,0,0
train_Ayam_Goreng_Ayam_Goreng_326.jpg,0,1,0,0,0
train_Ayam_Goreng_Ayam_Goreng_327.jpg,0,1,0,0,0
train_Ayam_Goreng_Ayam_Goreng_328.jpg,0,1,0,0,0
train_Ayam_Goreng_Ayam_Goreng_329.jpg,0,1,0,0,0
train_Ayam_Goreng_Ayam_Goreng_330.jpg,0,1,0,0,0
train_Ayam_Goreng_Ayam_Goreng_331.jpg,0,1,0,0,0
train_Ayam_Goreng_Ayam_Goreng_332.jpg,0,1,0,0,0
train_Ayam_Goreng_Ayam_Goreng_333.jpg,0,1,0,0,0
train_Ayam_Goreng_Ayam_Goreng_334.jpg,0,1,0,0,0
train_Ayam_Goreng_Ayam_Goreng_335.jpg,0,1,0,0,0
train_Ayam_Goreng_Ayam_Goreng_336.jpg,0,1,0,0,0
train_Ayam_Goreng_Ayam_Goreng_337.jpg,0,1,0,0,0
train_Ayam_Goreng_Ayam_Goreng_340.jpg,0,1,0,0,0
train_Ayam_Goreng_Ayam_Goreng_341.jpg,0,1,0,0,0
train_Ayam_Goreng_Ayam_Goreng_342.jpg,0,1,0,0,0
train_Ayam_Goreng_Ayam_Goreng_343.jpg,0,1,0,0,0
train_Ayam_Goreng_Ayam_Goreng_346.jpg,0,1,0,0,0
train_Ayam_Goreng_Ayam_Goreng_347.jpg,0,1,0,0,0
train_Ayam_Goreng_Ayam_Goreng_348.jpg,0,1,0,0,0
train_Ayam_Goreng_Ayam_Goreng_349.jpg,0,1,0,0,0
train_Ayam_Goreng_Ayam_Goreng_350.jpg,0,1,0,0,0
train_Ayam_Goreng_Ayam_Goreng_351.jpg,0,1,0,0,0
train_Ayam_Goreng_Ayam_Goreng_352.jpg,0,1,0,0,0
train_Ayam_Goreng_Ayam_Goreng_353.jpg,0,1,0,0,0
train_Ayam_Goreng_Ayam_Goreng_354.jpg,0,1,0,0,0
train_Ayam_Goreng_Ayam_Goreng_355.jpg,0,1,0,0,0
train_Ayam_Goreng_Ayam_Goreng_357.jpg,0,1,0,0,0
train_Ayam_Goreng_Ayam_Goreng_358.jpg,0,1,0,0,0
train_Ayam_Goreng_Ayam_Goreng_359.jpg,0,1,0,0,0
train_Ayam_Goreng_Ayam_Goreng_360.jpg,0,1,0,0,0
train_Ayam_Goreng_Ayam_Goreng_361.jpg,0,1,0,0,0
train_Ayam_Goreng_Ayam_Goreng_363.jpg,0,1,0,0,0
train_Ayam_Goreng_Ayam_Goreng_364.jpg,0,1,0,0,0
train_Ayam_Goreng_Ayam_Goreng_365.jpg,0,1,0,0,0
train_Ayam_Goreng_Ayam_Goreng_366.jpg,0,1,0,0,0
train_Ayam_Goreng_Ayam_Goreng_367.jpg,0,1,0,0,0
train_Ayam_Goreng_Ayam_Goreng_368.jpg,0,1,0,0,0
train_Ayam_Goreng_Ayam_Goreng_369.jpg,0,1,0,0,0
train_Ayam_Goreng_Ayam_Goreng_370.jpg,0,1,0,0,0
train_Ayam_Goreng_Ayam_Goreng_371.jpg,0,1,0,0,0
train_Ayam_Goreng_Ayam_Goreng_372.jpg,0,1,0,0,0
train_Ayam_Goreng_Ayam_Goreng_374.jpg,0,1,0,0,0
train_Ayam_Goreng_Ayam_Goreng_375.jpg,0,1,0,0,0
train_Ayam_Goreng_Ayam_Goreng_376.jpg,0,1,0,0,0
train_Ayam_Goreng_Ayam_Goreng_377.jpg,0,1,0,0,0
train_Ayam_Goreng_Ayam_Goreng_379.jpg,0,1,0,0,0
train_Ayam_Goreng_Ayam_Goreng_380.jpg,0,1,0,0,0
train_Ayam_Goreng_Ayam_Goreng_381.jpg,0,1,0,0,0
train_Ayam_Goreng_Ayam_Goreng_382.jpg,0,1,0,0,0
train_Ayam_Goreng_Ayam_Goreng_383.jpg,0,1,0,0,0
train_Ayam_Goreng_Ayam_Goreng_384.jpg,0,1,0,0,0
train_Ayam_Goreng_Ayam_Goreng_385.jpg,0,1,0,0,0
train_Ayam_Goreng_Ayam_Goreng_386.jpg,0,1,0,0,0
train_Ayam_Goreng_Ayam_Goreng_387.jpg,0,1,0,0,0
train_Ayam_Goreng_Ayam_Goreng_388.jpg,0,1,0,0,0
train_Ayam_Goreng_Ayam_Goreng_389.jpg,0,1,0,0,0
train_Ayam_Goreng_Ayam_Goreng_390.jpg,0,1,0,0,0
train_Ayam_Goreng_Ayam_Goreng_391.jpg,0,1,0,0,0
train_Ayam_Goreng_Ayam_Goreng_392.jpg,0,1,0,0,0
train_Ayam_Goreng_Ayam_Goreng_393.jpg,0,1,0,0,0
train_Ayam_Goreng_Ayam_Goreng_394.jpg,0,1,0,0,0
train_Ayam_Goreng_Ayam_Goreng_395.jpg,0,1,0,0,0
train_Ayam_Goreng_Ayam_Goreng_397.jpg,0,1,0,0,0
train_Ayam_Goreng_Ayam_Goreng_398.jpg,0,1,0,0,0
train_Ayam_Goreng_Ayam_Goreng_399.jpg,0,1,0,0,0
train_Ayam_Goreng_Ayam_Goreng_400.jpg,0,1,0,0,0
train_Ayam_Goreng_Ayam_Goreng_401.jpg,0,1,0,0,0
train_Ayam_Goreng_Ayam_Goreng_402.jpg,0,1,0,0,0
train_Ayam_Goreng_Ayam_Goreng_403.jpg,0,1,0,0,0
train_Ayam_Goreng_Ayam_Goreng_404.jpg,0,1,0,0,0
train_Ayam_Goreng_Ayam_Goreng_405.jpg,0,1,0,0,0
train_Ayam_Goreng_Ayam_Goreng_406.jpg,0,1,0,0,0
train_Ayam_Goreng_Ayam_Goreng_408.jpg,0,1,0,0,0
train_Ayam_Goreng_Ayam_Goreng_409.jpg,0,1,0,0,0
train_Ayam_Goreng_Ayam_Goreng_410.jpg,0,1,0,0,0
train_Ayam_Goreng_Ayam_Goreng_411.jpg,0,1,0,0,0
train_Ayam_Goreng_Ayam_Goreng_412.jpg,0,1,0,0,0
train_Ayam_Goreng_Ayam_Goreng_413.jpg,0,1,0,0,0
train_Ayam_Goreng_Ayam_Goreng_415.jpg,0,1,0,0,0
train_Ayam_Goreng_Ayam_Goreng_416.jpg,0,1,0,0,0
train_Ayam_Goreng_Ayam_Goreng_417.jpg,0,1,0,0,0
train_Ayam_Goreng_Ayam_Goreng_418.jpg,0,1,0,0,0
train_Ayam_Goreng_Ayam_Goreng_420.jpg,0,1,0,0,0
train_Ayam_Goreng_Ayam_Goreng_421.jpg,0,1,0,0,0
train_Ayam_Goreng_Ayam_Goreng_422.jpg,0,1,0,0,0
train_Ayam_Goreng_Ayam_Goreng_423.jpg,0,1,0,0,0
train_Ayam_Goreng_Ayam_Goreng_425.jpg,0,1,0,0,0
train_Ayam_Goreng_Ayam_Goreng_426.jpg,0,1,0,0,0
train_Ayam_Goreng_Ayam_Goreng_427.jpg,0,1,0,0,0
train_Ayam_Goreng_Ayam_Goreng_431.jpg,0,1,0,0,0
train_Ayam_Goreng_Ayam_Goreng_432.jpg,0,1,0,0,0
train_Ayam_Goreng_Ayam_Goreng_433.jpg,0,1,0,0,0
train_Ayam_Goreng_Ayam_Goreng_434.jpg,0,1,0,0,0
train_Ayam_Goreng_Ayam_Goreng_435.jpg,0,1,0,0,0
train_Ayam_Goreng_Ayam_Goreng_436.jpg,0,1,0,0,0
train_Ayam_Goreng_Ayam_Goreng_437.jpg,0,1,0,0,0
train_Ayam_Goreng_Ayam_Goreng_438.jpg,0,1,0,0,0
train_Ayam_Goreng_Ayam_Goreng_439.jpg,0,1,0,0,0
train_Ayam_Goreng_Ayam_Goreng_440.jpg,0,1,0,0,0
train_Ayam_Goreng_Ayam_Goreng_441.jpg,0,1,0,0,0
train_Ayam_Goreng_Ayam_Goreng_442.jpg,0,1,0,0,0
train_Ayam_Goreng_Ayam_Goreng_443.jpg,0,1,0,0,0
train_Ayam_Goreng_Ayam_Goreng_444.jpg,0,1,0,0,0
train_Ayam_Goreng_Ayam_Goreng_445.jpg,0,1,0,0,0
train_Ayam_Goreng_Ayam_Goreng_447.jpg,0,1,0,0,0
train_Ayam_Goreng_Ayam_Goreng_449.jpg,0,1,0,0,0
train_Ayam_Goreng_Ayam_Goreng_450.jpg,0,1,0,0,0
train_Ayam_Goreng_Ayam_Goreng_451.jpg,0,1,0,0,0
train_Ayam_Goreng_Ayam_Goreng_454.jpg,0,1,0,0,0
train_Ayam_Goreng_Ayam_Goreng_455.jpg,0,1,0,0,0
train_Ayam_Goreng_Ayam_Goreng_456.jpg,0,1,0,0,0
train_Ayam_Goreng_Ayam_Goreng_457.jpg,0,1,0,0,0
train_Ayam_Goreng_Ayam_Goreng_458.jpg,0,1,0,0,0
train_Ayam_Goreng_Ayam_Goreng_459.jpg,0,1,0,0,0
train_Ayam_Goreng_Ayam_Goreng_461.jpg,0,1,0,0,0
train_Ayam_Goreng_Ayam_Goreng_462.jpg,0,1,0,0,0
train_Ayam_Goreng_Ayam_Goreng_463.jpg,0,1,0,0,0
train_Ayam_Goreng_Ayam_Goreng_465.jpg,0,1,0,0,0
train_Ayam_Goreng_Ayam_Goreng_467.jpg,0,1,0,0,0
train_Ayam_Goreng_Ayam_Goreng_469.jpg,0,1,0,0,0
train_Ayam_Goreng_Ayam_Goreng_470.jpg,0,1,0,0,0
train_Ayam_Goreng_Ayam_Goreng_471.jpg,0,1,0,0,0
train_Ayam_Goreng_Ayam_Goreng_472.jpg,0,1,0,0,0
train_Ayam_Goreng_Ayam_Goreng_473.jpg,0,1,0,0,0
train_Ayam_Goreng_Ayam_Goreng_474.jpg,0,1,0,0,0
train_Ayam_Goreng_Ayam_Goreng_475.jpg,0,1,0,0,0
train_Ayam_Goreng_Ayam_Goreng_478.jpg,0,1,0,0,0
train_Ayam_Goreng_Ayam_Goreng_479.jpg,0,1,0,0,0
train_Ayam_Goreng_Ayam_Goreng_480.jpg,0,1,0,0,0
train_Ayam_Goreng_Ayam_Goreng_481.jpg,0,1,0,0,0
train_Ayam_Goreng_Ayam_Goreng_482.jpg,0,1,0,0,0
train_Ayam_Goreng_Ayam_Goreng_483.jpg,0,1,0,0,0
train_Ayam_Goreng_Ayam_Goreng_484.jpg,0,1,0,0,0
train_Ayam_Goreng_Ayam_Goreng_485.jpg,0,1,0,0,0
train_Ayam_Goreng_Ayam_Goreng_486.jpg,0,1,0,0,0
train_Ayam_Goreng_Ayam_Goreng_487.jpg,0,1,0,0,0
train_Ayam_Goreng_Ayam_Goreng_488.jpg,0,1,0,0,0
train_Ayam_Goreng_Ayam_Goreng_489.jpg,0,1,0,0,0
train_Ayam_Goreng_Ayam_Goreng_490.jpg,0,1,0,0,0
train_Ayam_Goreng_Ayam_Goreng_491.jpg,0,1,0,0,0
train_Ayam_Goreng_Ayam_Goreng_492.jpg,0,1,0,0,0
train_Ayam_Goreng_Ayam_Goreng_493.jpg,0,1,0,0,0
train_Ayam_Goreng_Ayam_Goreng_494.jpg,0,1,0,0,0
train_Ayam_Goreng_Ayam_Goreng_495.jpg,0,1,0,0,0
train_Ayam_Goreng_Ayam_Goreng_497.jpg,0,1,0,0,0
train_Ayam_Goreng_Ayam_Goreng_498.jpg,0,1,0,0,0
train_Ayam_Goreng_Ayam_Goreng_499.jpg,0,1,0,0,0
train_Ayam_Goreng_Ayam_Goreng_500.jpg,0,1,0,0,0
train_Burger_Burger_001.jpg,1,1,1,0,0
train_Burger_Burger_002.jpg,1,1,1,0,0
train_Burger_Burger_004.jpg,1,1,1,0,0
train_Burger_Burger_005.jpg,1,1,1,0,0
train_Burger_Burger_006.jpg,1,1,1,0,0
train_Burger_Burger_007.jpg,1,1,1,0,0
train_Burger_Burger_008.jpg,1,1,1,0,0
train_Burger_Burger_009.jpg,1,1,1,0,0
train_Burger_Burger_010.jpg,1,1,1,0,0
train_Burger_Burger_011.jpg,1,1,1,0,0
train_Burger_Burger_012.jpg,1,1,1,0,0
train_Burger_Burger_013.jpg,1,1,1,0,0
train_Burger_Burger_014.jpg,1,1,1,0,0
train_Burger_Burger_015.jpg,1,1,1,0,0
train_Burger_Burger_016.jpg,1,1,1,0,0
train_Burger_Burger_017.jpg,1,1,1,0,0
train_Burger_Burger_019.jpg,1,1,1,0,0
train_Burger_Burger_020.jpg,1,1,1,0,0
train_Burger_Burger_021.jpg,1,1,1,0,0
train_Burger_Burger_022.jpg,1,1,1,0,0
train_Burger_Burger_023.jpg,1,1,1,0,0
train_Burger_Burger_024.jpg,1,1,1,0,0
train_Burger_Burger_025.jpg,1,1,1,0,0
train_Burger_Burger_026.jpg,1,1,1,0,0
train_Burger_Burger_027.jpg,1,1,1,0,0
train_Burger_Burger_028.jpg,1,1,1,0,0
train_Burger_Burger_029.jpg,1,1,1,0,0
train_Burger_Burger_031.jpg,1,1,1,0,0
train_Burger_Burger_032.jpg,1,1,1,0,0
train_Burger_Burger_035.jpg,1,1,1,0,0
train_Burger_Burger_036.jpg,1,1,1,0,0
train_Burger_Burger_037.jpg,1,1,1,0,0
train_Burger_Burger_038.jpg,1,1,1,0,0
train_Burger_Burger_039.jpg,1,1,1,0,0
train_Burger_Burger_041.jpg,1,1,1,0,0
train_Burger_Burger_042.jpg,1,1,1,0,0
train_Burger_Burger_044.jpg,1,1,1,0,0
train_Burger_Burger_045.jpg,1,1,1,0,0
train_Burger_Burger_046.jpg,1,1,1,0,0
train_Burger_Burger_047.jpg,1,1,1,0,0
train_Burger_Burger_048.jpg,1,1,1,0,0
train_Burger_Burger_050.jpg,1,1,1,0,0
train_Burger_Burger_051.jpg,1,1,1,0,0
train_Burger_Burger_054.jpg,1,1,1,0,0
train_Burger_Burger_055.jpg,1,1,1,0,0
train_Burger_Burger_056.jpg,1,1,1,0,0
train_Burger_Burger_057.jpg,1,1,1,0,0
train_Burger_Burger_058.jpg,1,1,1,0,0
train_Burger_Burger_059.jpg,1,1,1,0,0
train_Burger_Burger_060.jpg,1,1,1,0,0
train_Burger_Burger_062.jpg,1,1,1,0,0
train_Burger_Burger_063.jpg,1,1,1,0,0
train_Burger_Burger_064.jpg,1,1,1,0,0
train_Burger_Burger_065.jpg,1,1,1,0,0
train_Burger_Burger_066.jpg,1,1,1,0,0
train_Burger_Burger_067.jpg,1,1,1,0,0
train_Burger_Burger_071.jpg,1,1,1,0,0
train_Burger_Burger_072.jpg,1,1,1,0,0
train_Burger_Burger_073.jpg,1,1,1,0,0
train_Burger_Burger_075.jpg,1,1,1,0,0
train_Burger_Burger_076.jpg,1,1,1,0,0
train_Burger_Burger_077.jpg,1,1,1,0,0
train_Burger_Burger_078.jpg,1,1,1,0,0
train_Burger_Burger_079.jpg,1,1,1,0,0
train_Burger_Burger_080.jpg,1,1,1,0,0
train_Burger_Burger_081.jpg,1,1,1,0,0
train_Burger_Burger_082.jpg,1,1,1,0,0
train_Burger_Burger_084.jpg,1,1,1,0,0
train_Burger_Burger_085.jpg,1,1,1,0,0
train_Burger_Burger_087.jpg,1,1,1,0,0
train_Burger_Burger_089.jpg,1,1,1,0,0
train_Burger_Burger_090.jpg,1,1,1,0,0
train_Burger_Burger_091.jpg,1,1,1,0,0
train_Burger_Burger_093.jpg,1,1,1,0,0
train_Burger_Burger_094.jpg,1,1,1,0,0
train_Burger_Burger_096.jpg,1,1,1,0,0
train_Burger_Burger_098.jpg,1,1,1,0,0
train_Burger_Burger_099.jpg,1,1,1,0,0
train_Burger_Burger_100.jpg,1,1,1,0,0
train_Burger_Burger_102.jpg,1,1,1,0,0
train_Burger_Burger_103.jpg,1,1,1,0,0
train_Burger_Burger_104.jpg,1,1,1,0,0
train_Burger_Burger_107.jpg,1,1,1,0,0
train_Burger_Burger_108.jpg,1,1,1,0,0
train_Burger_Burger_109.jpg,1,1,1,0,0
train_Burger_Burger_110.jpg,1,1,1,0,0
train_Burger_Burger_111.jpg,1,1,1,0,0
train_Burger_Burger_112.jpg,1,1,1,0,0
train_Burger_Burger_113.jpg,1,1,1,0,0
train_Burger_Burger_114.jpg,1,1,1,0,0
train_Burger_Burger_115.jpg,1,1,1,0,0
train_Burger_Burger_116.jpg,1,1,1,0,0
train_Burger_Burger_117.jpg,1,1,1,0,0
train_Burger_Burger_118.jpg,1,1,1,0,0
train_Burger_Burger_119.jpg,1,1,1,0,0
train_Burger_Burger_120.jpg,1,1,1,0,0
train_Burger_Burger_122.jpg,1,1,1,0,0
train_Burger_Burger_123.jpg,1,1,1,0,0
train_Burger_Burger_124.jpg,1,1,1,0,0
train_Burger_Burger_125.jpg,1,1,1,0,0
train_Burger_Burger_126.jpg,1,1,1,0,0
train_Burger_Burger_127.jpg,1,1,1,0,0
train_Burger_Burger_128.jpg,1,1,1,0,0
train_Burger_Burger_130.jpg,1,1,1,0,0
train_Burger_Burger_132.jpg,1,1,1,0,0
train_Burger_Burger_133.jpg,1,1,1,0,0
train_Burger_Burger_135.jpg,1,1,1,0,0
train_Burger_Burger_136.jpg,1,1,1,0,0
train_Burger_Burger_137.jpg,1,1,1,0,0
train_Burger_Burger_139.jpg,1,1,1,0,0
train_Burger_Burger_140.jpg,1,1,1,0,0
train_Burger_Burger_141.jpg,1,1,1,0,0
train_Burger_Burger_143.jpg,1,1,1,0,0
train_Burger_Burger_144.jpg,1,1,1,0,0
train_Burger_Burger_145.jpg,1,1,1,0,0
train_Burger_Burger_148.jpg,1,1,1,0,0
train_Burger_Burger_149.jpg,1,1,1,0,0
train_Burger_Burger_151.jpg,1,1,1,0,0
train_Burger_Burger_153.jpg,1,1,1,0,0
train_Burger_Burger_154.jpg,1,1,1,0,0
train_Burger_Burger_155.jpg,1,1,1,0,0
train_Burger_Burger_156.jpg,1,1,1,0,0
train_Burger_Burger_157.jpg,1,1,1,0,0
train_Burger_Burger_158.jpg,1,1,1,0,0
train_Burger_Burger_159.jpg,1,1,1,0,0
train_Burger_Burger_160.jpg,1,1,1,0,0
train_Burger_Burger_161.jpg,1,1,1,0,0
train_Burger_Burger_163.jpg,1,1,1,0,0
train_Burger_Burger_164.jpg,1,1,1,0,0
train_Burger_Burger_165.jpg,1,1,1,0,0
train_Burger_Burger_166.jpg,1,1,1,0,0
train_Burger_Burger_167.jpg,1,1,1,0,0
train_Burger_Burger_169.jpg,1,1,1,0,0
train_Burger_Burger_170.jpg,1,1,1,0,0
train_Burger_Burger_171.jpg,1,1,1,0,0
train_Burger_Burger_172.jpg,1,1,1,0,0
train_Burger_Burger_173.jpg,1,1,1,0,0
train_Burger_Burger_174.jpg,1,1,1,0,0
train_Burger_Burger_175.jpg,1,1,1,0,0
train_Burger_Burger_176.jpg,1,1,1,0,0
train_Burger_Burger_177.jpg,1,1,1,0,0
train_Burger_Burger_178.jpg,1,1,1,0,0
train_Burger_Burger_179.jpg,1,1,1,0,0
train_Burger_Burger_180.jpg,1,1,1,0,0
train_Burger_Burger_181.jpg,1,1,1,0,0
train_Burger_Burger_182.jpg,1,1,1,0,0
train_Burger_Burger_184.jpg,1,1,1,0,0
train_Burger_Burger_185.jpg,1,1,1,0,0
train_Burger_Burger_186.jpg,1,1,1,0,0
train_Burger_Burger_190.jpg,1,1,1,0,0
train_Burger_Burger_191.jpg,1,1,1,0,0
train_Burger_Burger_192.jpg,1,1,1,0,0
train_Burger_Burger_195.jpg,1,1,1,0,0
train_Burger_Burger_196.jpg,1,1,1,0,0
train_Burger_Burger_197.jpg,1,1,1,0,0
train_Burger_Burger_198.jpg,1,1,1,0,0
train_Burger_Burger_199.jpg,1,1,1,0,0
train_Burger_Burger_200.jpg,1,1,1,0,0
train_Burger_Burger_201.jpg,1,1,1,0,0
train_Burger_Burger_202.jpg,1,1,1,0,0
train_Burger_Burger_203.jpg,1,1,1,0,0
train_Burger_Burger_204.jpg,1,1,1,0,0
train_Burger_Burger_205.jpg,1,1,1,0,0
train_Burger_Burger_206.jpg,1,1,1,0,0
train_Burger_Burger_207.jpg,1,1,1,0,0
train_Burger_Burger_210.jpg,1,1,1,0,0
train_Burger_Burger_211.jpg,1,1,1,0,0
train_Burger_Burger_212.jpg,1,1,1,0,0
train_Burger_Burger_214.jpg,1,1,1,0,0
train_Burger_Burger_217.jpg,1,1,1,0,0
train_Burger_Burger_220.jpg,1,1,1,0,0
train_Burger_Burger_221.jpg,1,1,1,0,0
train_Burger_Burger_222.jpg,1,1,1,0,0
train_Burger_Burger_224.jpg,1,1,1,0,0
train_Burger_Burger_225.jpg,1,1,1,0,0
train_Burger_Burger_226.jpg,1,1,1,0,0
train_Burger_Burger_227.jpg,1,1,1,0,0
train_Burger_Burger_228.jpg,1,1,1,0,0
train_Burger_Burger_229.jpg,1,1,1,0,0
train_Burger_Burger_230.jpg,1,1,1,0,0
train_Burger_Burger_231.jpg,1,1,1,0,0
train_Burger_Burger_232.jpg,1,1,1,0,0
train_Burger_Burger_233.jpg,1,1,1,0,0
train_Burger_Burger_234.jpg,1,1,1,0,0
train_Burger_Burger_235.jpg,1,1,1,0,0
train_Burger_Burger_236.jpg,1,1,1,0,0
train_Burger_Burger_238.jpg,1,1,1,0,0
train_Burger_Burger_239.jpg,1,1,1,0,0
train_Burger_Burger_240.jpg,1,1,1,0,0
train_Burger_Burger_241.jpg,1,1,1,0,0
train_Burger_Burger_242.jpg,1,1,1,0,0
train_Burger_Burger_244.jpg,1,1,1,0,0
train_Burger_Burger_246.jpg,1,1,1,0,0
train_Burger_Burger_247.jpg,1,1,1,0,0
train_Burger_Burger_249.jpg,1,1,1,0,0
train_Burger_Burger_250.jpg,1,1,1,0,0
train_Burger_Burger_251.jpg,1,1,1,0,0
train_Burger_Burger_252.jpg,1,1,1,0,0
train_Burger_Burger_253.jpg,1,1,1,0,0
train_Burger_Burger_254.jpg,1,1,1,0,0
train_Burger_Burger_255.jpg,1,1,1,0,0
train_Burger_Burger_257.jpg,1,1,1,0,0
train_Burger_Burger_258.jpg,1,1,1,0,0
train_Burger_Burger_259.jpg,1,1,1,0,0
train_Burger_Burger_260.jpg,1,1,1,0,0
train_Burger_Burger_261.jpg,1,1,1,0,0
train_Burger_Burger_262.jpg,1,1,1,0,0
train_Burger_Burger_263.jpg,1,1,1,0,0
train_Burger_Burger_264.jpg,1,1,1,0,0
train_Burger_Burger_265.jpg,1,1,1,0,0
train_Burger_Burger_266.jpg,1,1,1,0,0
train_Burger_Burger_267.jpg,1,1,1,0,0
train_Burger_Burger_268.jpg,1,1,1,0,0
train_Burger_Burger_269.jpg,1,1,1,0,0
train_Burger_Burger_270.jpg,1,1,1,0,0
train_Burger_Burger_273.jpg,1,1,1,0,0
train_Burger_Burger_274.jpg,1,1,1,0,0
train_Burger_Burger_275.jpg,1,1,1,0,0
train_Burger_Burger_276.jpg,1,1,1,0,0
train_Burger_Burger_277.jpg,1,1,1,0,0
train_Burger_Burger_278.jpg,1,1,1,0,0
train_Burger_Burger_280.jpg,1,1,1,0,0
train_Burger_Burger_281.jpg,1,1,1,0,0
train_Burger_Burger_282.jpg,1,1,1,0,0
train_Burger_Burger_283.jpg,1,1,1,0,0
train_Burger_Burger_284.jpg,1,1,1,0,0
train_Burger_Burger_285.jpg,1,1,1,0,0
train_Burger_Burger_286.jpg,1,1,1,0,0
train_Burger_Burger_287.jpg,1,1,1,0,0
train_Burger_Burger_289.jpg,1,1,1,0,0
train_Burger_Burger_290.jpg,1,1,1,0,0
train_Burger_Burger_291.jpg,1,1,1,0,0
train_Burger_Burger_293.jpg,1,1,1,0,0
train_Burger_Burger_294.jpg,1,1,1,0,0
train_Burger_Burger_297.jpg,1,1,1,0,0
train_Burger_Burger_299.jpg,1,1,1,0,0
train_Burger_Burger_300.jpg,1,1,1,0,0
train_Burger_Burger_301.jpg,1,1,1,0,0
train_Burger_Burger_303.jpg,1,1,1,0,0
train_Burger_Burger_304.jpg,1,1,1,0,0
train_Burger_Burger_305.jpg,1,1,1,0,0
train_Burger_Burger_306.jpg,1,1,1,0,0
train_Burger_Burger_307.jpg,1,1,1,0,0
train_Burger_Burger_308.jpg,1,1,1,0,0
train_Burger_Burger_309.jpg,1,1,1,0,0
train_Burger_Burger_310.jpg,1,1,1,0,0
train_Burger_Burger_312.jpg,1,1,1,0,0
train_Burger_Burger_313.jpg,1,1,1,0,0
train_Burger_Burger_314.jpg,1,1,1,0,0
train_Burger_Burger_315.jpg,1,1,1,0,0
train_Burger_Burger_316.jpg,1,1,1,0,0
train_Burger_Burger_317.jpg,1,1,1,0,0
train_Burger_Burger_318.jpg,1,1,1,0,0
train_Burger_Burger_319.jpg,1,1,1,0,0
train_Burger_Burger_320.jpg,1,1,1,0,0
train_Burger_Burger_321.jpg,1,1,1,0,0
train_Burger_Burger_322.jpg,1,1,1,0,0
train_Burger_Burger_323.jpg,1,1,1,0,0
train_Burger_Burger_324.jpg,1,1,1,0,0
train_Burger_Burger_325.jpg,1,1,1,0,0
train_Burger_Burger_326.jpg,1,1,1,0,0
train_Burger_Burger_327.jpg,1,1,1,0,0
train_Burger_Burger_328.jpg,1,1,1,0,0
train_Burger_Burger_329.jpg,1,1,1,0,0
train_Burger_Burger_331.jpg,1,1,1,0,0
train_Burger_Burger_332.jpg,1,1,1,0,0
train_Burger_Burger_335.jpg,1,1,1,0,0
train_Burger_Burger_336.jpg,1,1,1,0,0
train_Burger_Burger_339.jpg,1,1,1,0,0
train_Burger_Burger_341.jpg,1,1,1,0,0
train_Burger_Burger_342.jpg,1,1,1,0,0
train_Burger_Burger_343.jpg,1,1,1,0,0
train_Burger_Burger_344.jpg,1,1,1,0,0
train_Burger_Burger_346.jpg,1,1,1,0,0
train_Burger_Burger_347.jpg,1,1,1,0,0
train_Burger_Burger_348.jpg,1,1,1,0,0
train_Burger_Burger_349.jpg,1,1,1,0,0
train_Burger_Burger_350.jpg,1,1,1,0,0
train_Burger_Burger_352.jpg,1,1,1,0,0
train_Burger_Burger_353.jpg,1,1,1,0,0
train_Burger_Burger_354.jpg,1,1,1,0,0
train_Burger_Burger_355.jpg,1,1,1,0,0
train_Burger_Burger_356.jpg,1,1,1,0,0
train_Burger_Burger_358.jpg,1,1,1,0,0
train_Burger_Burger_359.jpg,1,1,1,0,0
train_Burger_Burger_360.jpg,1,1,1,0,0
train_Burger_Burger_361.jpg,1,1,1,0,0
train_Burger_Burger_362.jpg,1,1,1,0,0
train_Burger_Burger_363.jpg,1,1,1,0,0
train_Burger_Burger_364.jpg,1,1,1,0,0
train_Burger_Burger_365.jpg,1,1,1,0,0
train_Burger_Burger_366.jpg,1,1,1,0,0
train_Burger_Burger_367.jpg,1,1,1,0,0
train_Burger_Burger_368.jpg,1,1,1,0,0
train_Burger_Burger_369.jpg,1,1,1,0,0
train_Burger_Burger_370.jpg,1,1,1,0,0
train_Burger_Burger_371.jpg,1,1,1,0,0
train_Burger_Burger_372.jpg,1,1,1,0,0
train_Burger_Burger_373.jpg,1,1,1,0,0
train_Burger_Burger_374.jpg,1,1,1,0,0
train_Burger_Burger_375.jpg,1,1,1,0,0
train_Burger_Burger_376.jpg,1,1,1,0,0
train_Burger_Burger_377.jpg,1,1,1,0,0
train_Burger_Burger_378.jpg,1,1,1,0,0
train_Burger_Burger_379.jpg,1,1,1,0,0
train_Burger_Burger_382.jpg,1,1,1,0,0
train_Burger_Burger_383.jpg,1,1,1,0,0
train_Burger_Burger_384.jpg,1,1,1,0,0
train_Burger_Burger_387.jpg,1,1,1,0,0
train_Burger_Burger_388.jpg,1,1,1,0,0
train_Burger_Burger_389.jpg,1,1,1,0,0
train_Burger_Burger_390.jpg,1,1,1,0,0
train_Burger_Burger_391.jpg,1,1,1,0,0
train_Burger_Burger_392.jpg,1,1,1,0,0
train_Burger_Burger_393.jpg,1,1,1,0,0
train_Burger_Burger_394.jpg,1,1,1,0,0
train_Burger_Burger_395.jpg,1,1,1,0,0
train_Burger_Burger_396.jpg,1,1,1,0,0
train_Burger_Burger_397.jpg,1,1,1,0,0
train_Burger_Burger_398.jpg,1,1,1,0,0
train_Burger_Burger_399.jpg,1,1,1,0,0
train_Burger_Burger_400.jpg,1,1,1,0,0
train_Burger_Burger_401.jpg,1,1,1,0,0
train_Burger_Burger_403.jpg,1,1,1,0,0
train_Burger_Burger_406.jpg,1,1,1,0,0
train_Burger_Burger_407.jpg,1,1,1,0,0
train_Burger_Burger_409.jpg,1,1,1,0,0
train_Burger_Burger_410.jpg,1,1,1,0,0
train_Burger_Burger_411.jpg,1,1,1,0,0
train_Burger_Burger_412.jpg,1,1,1,0,0
train_Burger_Burger_414.jpg,1,1,1,0,0
train_Burger_Burger_416.jpg,1,1,1,0,0
train_Burger_Burger_417.jpg,1,1,1,0,0
train_Burger_Burger_419.jpg,1,1,1,0,0
train_Burger_Burger_420.jpg,1,1,1,0,0
train_Burger_Burger_421.jpg,1,1,1,0,0
train_Burger_Burger_422.jpg,1,1,1,0,0
train_Burger_Burger_423.jpg,1,1,1,0,0
train_Burger_Burger_424.jpg,1,1,1,0,0
train_Burger_Burger_425.jpg,1,1,1,0,0
train_Burger_Burger_426.jpg,1,1,1,0,0
train_Burger_Burger_428.jpg,1,1,1,0,0
train_Burger_Burger_429.jpg,1,1,1,0,0
train_Burger_Burger_430.jpg,1,1,1,0,0
train_Burger_Burger_431.jpg,1,1,1,0,0
train_Burger_Burger_433.jpg,1,1,1,0,0
train_Burger_Burger_434.jpg,1,1,1,0,0
train_Burger_Burger_435.jpg,1,1,1,0,0
train_Burger_Burger_436.jpg,1,1,1,0,0
train_Burger_Burger_437.jpg,1,1,1,0,0
train_Burger_Burger_438.jpg,1,1,1,0,0
train_Burger_Burger_439.jpg,1,1,1,0,0
train_Burger_Burger_441.jpg,1,1,1,0,0
train_Burger_Burger_442.jpg,1,1,1,0,0
train_Burger_Burger_443.jpg,1,1,1,0,0
train_Burger_Burger_445.jpg,1,1,1,0,0
train_Burger_Burger_446.jpg,1,1,1,0,0
train_Burger_Burger_447.jpg,1,1,1,0,0
train_Burger_Burger_448.jpg,1,1,1,0,0
train_Burger_Burger_449.jpg,1,1,1,0,0
train_Burger_Burger_450.jpg,1,1,1,0,0
train_Burger_Burger_453.jpg,1,1,1,0,0
train_Burger_Burger_454.jpg,1,1,1,0,0
train_Burger_Burger_455.jpg,1,1,1,0,0
train_Burger_Burger_456.jpg,1,1,1,0,0
train_Burger_Burger_457.jpg,1,1,1,0,0
train_Burger_Burger_458.jpg,1,1,1,0,0
train_Burger_Burger_459.jpg,1,1,1,0,0
train_Burger_Burger_460.jpg,1,1,1,0,0
train_Burger_Burger_461.jpg,1,1,1,0,0
train_Burger_Burger_462.jpg,1,1,1,0,0
train_Burger_Burger_463.jpg,1,1,1,0,0
train_Burger_Burger_465.jpg,1,1,1,0,0
train_Burger_Burger_469.jpg,1,1,1,0,0
train_Burger_Burger_471.jpg,1,1,1,0,0
train_Burger_Burger_473.jpg,1,1,1,0,0
train_Burger_Burger_474.jpg,1,1,1,0,0
train_Burger_Burger_475.jpg,1,1,1,0,0
train_Burger_Burger_476.jpg,1,1,1,0,0
train_Burger_Burger_477.jpg,1,1,1,0,0
train_Burger_Burger_479.jpg,1,1,1,0,0
train_Burger_Burger_480.jpg,1,1,1,0,0
train_Burger_Burger_481.jpg,1,1,1,0,0
train_Burger_Burger_482.jpg,1,1,1,0,0
train_Burger_Burger_483.jpg,1,1,1,0,0
train_Burger_Burger_484.jpg,1,1,1,0,0
train_Burger_Burger_485.jpg,1,1,1,0,0
train_Burger_Burger_486.jpg,1,1,1,0,0
train_Burger_Burger_487.jpg,1,1,1,0,0
train_Burger_Burger_488.jpg,1,1,1,0,0
train_Burger_Burger_490.jpg,1,1,1,0,0
train_Burger_Burger_491.jpg,1,1,1,0,0
train_Burger_Burger_492.jpg,1,1,1,0,0
train_Burger_Burger_493.jpg,1,1,1,0,0
train_Burger_Burger_495.jpg,1,1,1,0,0
train_Burger_Burger_496.jpg,1,1,1,0,0
train_Burger_Burger_497.jpg,1,1,1,0,0
train_Burger_Burger_498.jpg,1,1,1,0,0
train_Burger_Burger_499.jpg,1,1,1,0,0
train_Burger_Burger_500.jpg,1,1,1,0,0
train_French_Fries_French_Fries_001.jpg,1,0,0,0,0
train_French_Fries_French_Fries_002.jpg,1,0,0,0,0
train_French_Fries_French_Fries_003.jpg,1,0,0,0,0
train_French_Fries_French_Fries_004.jpg,1,0,0,0,0
train_French_Fries_French_Fries_006.jpg,1,0,0,0,0
train_French_Fries_French_Fries_007.jpg,1,0,0,0,0
train_French_Fries_French_Fries_009.jpg,1,0,0,0,0
train_French_Fries_French_Fries_010.jpg,1,0,0,0,0
train_French_Fries_French_Fries_012.jpg,1,0,0,0,0
train_French_Fries_French_Fries_014.jpg,1,0,0,0,0
train_French_Fries_French_Fries_015.jpg,1,0,0,0,0
train_French_Fries_French_Fries_016.jpg,1,0,0,0,0
train_French_Fries_French_Fries_017.jpg,1,0,0,0,0
train_French_Fries_French_Fries_019.jpg,1,0,0,0,0
train_French_Fries_French_Fries_020.jpg,1,0,0,0,0
train_French_Fries_French_Fries_023.jpg,1,0,0,0,0
train_French_Fries_French_Fries_024.jpg,1,0,0,0,0
train_French_Fries_French_Fries_025.jpg,1,0,0,0,0
train_French_Fries_French_Fries_027.jpg,1,0,0,0,0
train_French_Fries_French_Fries_028.jpg,1,0,0,0,0
train_French_Fries_French_Fries_029.jpg,1,0,0,0,0
train_French_Fries_French_Fries_030.jpg,1,0,0,0,0
train_French_Fries_French_Fries_031.jpg,1,0,0,0,0
train_French_Fries_French_Fries_032.jpg,1,0,0,0,0
train_French_Fries_French_Fries_033.jpg,1,0,0,0,0
train_French_Fries_French_Fries_034.jpg,1,0,0,0,0
train_French_Fries_French_Fries_036.jpg,1,0,0,0,0
train_French_Fries_French_Fries_037.jpg,1,0,0,0,0
train_French_Fries_French_Fries_038.jpg,1,0,0,0,0
train_French_Fries_French_Fries_039.jpg,1,0,0,0,0
train_French_Fries_French_Fries_040.jpg,1,0,0,0,0
train_French_Fries_French_Fries_041.jpg,1,0,0,0,0
train_French_Fries_French_Fries_042.jpg,1,0,0,0,0
train_French_Fries_French_Fries_043.jpg,1,0,0,0,0
train_French_Fries_French_Fries_044.jpg,1,0,0,0,0
train_French_Fries_French_Fries_046.jpg,1,0,0,0,0
train_French_Fries_French_Fries_048.jpg,1,0,0,0,0
train_French_Fries_French_Fries_050.jpg,1,0,0,0,0
train_French_Fries_French_Fries_052.jpg,1,0,0,0,0
train_French_Fries_French_Fries_054.jpg,1,0,0,0,0
train_French_Fries_French_Fries_055.jpg,1,0,0,0,0
train_French_Fries_French_Fries_056.jpg,1,0,0,0,0
train_French_Fries_French_Fries_057.jpg,1,0,0,0,0
train_French_Fries_French_Fries_058.jpg,1,0,0,0,0
train_French_Fries_French_Fries_059.jpg,1,0,0,0,0
train_French_Fries_French_Fries_061.jpg,1,0,0,0,0
train_French_Fries_French_Fries_062.jpg,1,0,0,0,0
train_French_Fries_French_Fries_064.jpg,1,0,0,0,0
train_French_Fries_French_Fries_065.jpg,1,0,0,0,0
train_French_Fries_French_Fries_066.jpg,1,0,0,0,0
train_French_Fries_French_Fries_068.jpg,1,0,0,0,0
train_French_Fries_French_Fries_069.jpg,1,0,0,0,0
train_French_Fries_French_Fries_070.jpg,1,0,0,0,0
train_French_Fries_French_Fries_071.jpg,1,0,0,0,0
train_French_Fries_French_Fries_072.jpg,1,0,0,0,0
train_French_Fries_French_Fries_075.jpg,1,0,0,0,0
train_French_Fries_French_Fries_076.jpg,1,0,0,0,0
train_French_Fries_French_Fries_077.jpg,1,0,0,0,0
train_French_Fries_French_Fries_078.jpg,1,0,0,0,0
train_French_Fries_French_Fries_080.jpg,1,0,0,0,0
train_French_Fries_French_Fries_081.jpg,1,0,0,0,0
train_French_Fries_French_Fries_083.jpg,1,0,0,0,0
train_French_Fries_French_Fries_086.jpg,1,0,0,0,0
train_French_Fries_French_Fries_087.jpg,1,0,0,0,0
train_French_Fries_French_Fries_088.jpg,1,0,0,0,0
train_French_Fries_French_Fries_089.jpg,1,0,0,0,0
train_French_Fries_French_Fries_090.jpg,1,0,0,0,0
train_French_Fries_French_Fries_091.jpg,1,0,0,0,0
train_French_Fries_French_Fries_092.jpg,1,0,0,0,0
train_French_Fries_French_Fries_093.jpg,1,0,0,0,0
train_French_Fries_French_Fries_094.jpg,1,0,0,0,0
train_French_Fries_French_Fries_095.jpg,1,0,0,0,0
train_French_Fries_French_Fries_096.jpg,1,0,0,0,0
train_French_Fries_French_Fries_097.jpg,1,0,0,0,0
train_French_Fries_French_Fries_098.jpg,1,0,0,0,0
train_French_Fries_French_Fries_100.jpg,1,0,0,0,0
train_French_Fries_French_Fries_101.jpg,1,0,0,0,0
train_French_Fries_French_Fries_102.jpg,1,0,0,0,0
train_French_Fries_French_Fries_103.jpg,1,0,0,0,0
train_French_Fries_French_Fries_104.jpg,1,0,0,0,0
train_French_Fries_French_Fries_105.jpg,1,0,0,0,0
train_French_Fries_French_Fries_106.jpg,1,0,0,0,0
train_French_Fries_French_Fries_107.jpg,1,0,0,0,0
train_French_Fries_French_Fries_108.jpg,1,0,0,0,0
train_French_Fries_French_Fries_109.jpg,1,0,0,0,0
train_French_Fries_French_Fries_110.jpg,1,0,0,0,0
train_French_Fries_French_Fries_112.jpg,1,0,0,0,0
train_French_Fries_French_Fries_113.jpg,1,0,0,0,0
train_French_Fries_French_Fries_114.jpg,1,0,0,0,0
train_French_Fries_French_Fries_115.jpg,1,0,0,0,0
train_French_Fries_French_Fries_116.jpg,1,0,0,0,0
train_French_Fries_French_Fries_117.jpg,1,0,0,0,0
train_French_Fries_French_Fries_118.jpg,1,0,0,0,0
train_French_Fries_French_Fries_120.jpg,1,0,0,0,0
train_French_Fries_French_Fries_121.jpg,1,0,0,0,0
train_French_Fries_French_Fries_123.jpg,1,0,0,0,0
train_French_Fries_French_Fries_124.jpg,1,0,0,0,0
train_French_Fries_French_Fries_126.jpg,1,0,0,0,0
train_French_Fries_French_Fries_128.jpg,1,0,0,0,0
train_French_Fries_French_Fries_132.jpg,1,0,0,0,0
train_French_Fries_French_Fries_133.jpg,1,0,0,0,0
train_French_Fries_French_Fries_134.jpg,1,0,0,0,0
train_French_Fries_French_Fries_136.jpg,1,0,0,0,0
train_French_Fries_French_Fries_137.jpg,1,0,0,0,0
train_French_Fries_French_Fries_138.jpg,1,0,0,0,0
train_French_Fries_French_Fries_139.jpg,1,0,0,0,0
train_French_Fries_French_Fries_140.jpg,1,0,0,0,0
train_French_Fries_French_Fries_141.jpg,1,0,0,0,0
train_French_Fries_French_Fries_143.jpg,1,0,0,0,0
train_French_Fries_French_Fries_144.jpg,1,0,0,0,0
train_French_Fries_French_Fries_145.jpg,1,0,0,0,0
train_French_Fries_French_Fries_146.jpg,1,0,0,0,0
train_French_Fries_French_Fries_147.jpg,1,0,0,0,0
train_French_Fries_French_Fries_148.jpg,1,0,0,0,0
train_French_Fries_French_Fries_150.jpg,1,0,0,0,0
train_French_Fries_French_Fries_151.jpg,1,0,0,0,0
train_French_Fries_French_Fries_152.jpg,1,0,0,0,0
train_French_Fries_French_Fries_153.jpg,1,0,0,0,0
train_French_Fries_French_Fries_154.jpg,1,0,0,0,0
train_French_Fries_French_Fries_155.jpg,1,0,0,0,0
train_French_Fries_French_Fries_156.jpg,1,0,0,0,0
train_French_Fries_French_Fries_157.jpg,1,0,0,0,0
train_French_Fries_French_Fries_158.jpg,1,0,0,0,0
train_French_Fries_French_Fries_159.jpg,1,0,0,0,0
train_French_Fries_French_Fries_160.jpg,1,0,0,0,0
train_French_Fries_French_Fries_161.jpg,1,0,0,0,0
train_French_Fries_French_Fries_162.jpg,1,0,0,0,0
train_French_Fries_French_Fries_163.jpg,1,0,0,0,0
train_French_Fries_French_Fries_164.jpg,1,0,0,0,0
train_French_Fries_French_Fries_165.jpg,1,0,0,0,0
train_French_Fries_French_Fries_166.jpg,1,0,0,0,0
train_French_Fries_French_Fries_167.jpg,1,0,0,0,0
train_French_Fries_French_Fries_169.jpg,1,0,0,0,0
train_French_Fries_French_Fries_170.jpg,1,0,0,0,0
train_French_Fries_French_Fries_171.jpg,1,0,0,0,0
train_French_Fries_French_Fries_172.jpg,1,0,0,0,0
train_French_Fries_French_Fries_173.jpg,1,0,0,0,0
train_French_Fries_French_Fries_174.jpg,1,0,0,0,0
train_French_Fries_French_Fries_175.jpg,1,0,0,0,0
train_French_Fries_French_Fries_176.jpg,1,0,0,0,0
train_French_Fries_French_Fries_177.jpg,1,0,0,0,0
train_French_Fries_French_Fries_178.jpg,1,0,0,0,0
train_French_Fries_French_Fries_179.jpg,1,0,0,0,0
train_French_Fries_French_Fries_180.jpg,1,0,0,0,0
train_French_Fries_French_Fries_181.jpg,1,0,0,0,0
train_French_Fries_French_Fries_182.jpg,1,0,0,0,0
train_French_Fries_French_Fries_186.jpg,1,0,0,0,0
train_French_Fries_French_Fries_187.jpg,1,0,0,0,0
train_French_Fries_French_Fries_188.jpg,1,0,0,0,0
train_French_Fries_French_Fries_189.jpg,1,0,0,0,0
train_French_Fries_French_Fries_190.jpg,1,0,0,0,0
train_French_Fries_French_Fries_191.jpg,1,0,0,0,0
train_French_Fries_French_Fries_192.jpg,1,0,0,0,0
train_French_Fries_French_Fries_193.jpg,1,0,0,0,0
train_French_Fries_French_Fries_194.jpg,1,0,0,0,0
train_French_Fries_French_Fries_195.jpg,1,0,0,0,0
train_French_Fries_French_Fries_196.jpg,1,0,0,0,0
train_French_Fries_French_Fries_197.jpg,1,0,0,0,0
train_French_Fries_French_Fries_198.jpg,1,0,0,0,0
train_French_Fries_French_Fries_200.jpg,1,0,0,0,0
train_French_Fries_French_Fries_202.jpg,1,0,0,0,0
train_French_Fries_French_Fries_203.jpg,1,0,0,0,0
train_French_Fries_French_Fries_205.jpg,1,0,0,0,0
train_French_Fries_French_Fries_206.jpg,1,0,0,0,0
train_French_Fries_French_Fries_207.jpg,1,0,0,0,0
train_French_Fries_French_Fries_208.jpg,1,0,0,0,0
train_French_Fries_French_Fries_209.jpg,1,0,0,0,0
train_French_Fries_French_Fries_210.jpg,1,0,0,0,0
train_French_Fries_French_Fries_211.jpg,1,0,0,0,0
train_French_Fries_French_Fries_213.jpg,1,0,0,0,0
train_French_Fries_French_Fries_214.jpg,1,0,0,0,0
train_French_Fries_French_Fries_216.jpg,1,0,0,0,0
train_French_Fries_French_Fries_217.jpg,1,0,0,0,0
train_French_Fries_French_Fries_219.jpg,1,0,0,0,0
train_French_Fries_French_Fries_221.jpg,1,0,0,0,0
train_French_Fries_French_Fries_222.jpg,1,0,0,0,0
train_French_Fries_French_Fries_223.jpg,1,0,0,0,0
train_French_Fries_French_Fries_224.jpg,1,0,0,0,0
train_French_Fries_French_Fries_225.jpg,1,0,0,0,0
train_French_Fries_French_Fries_226.jpg,1,0,0,0,0
train_French_Fries_French_Fries_227.jpg,1,0,0,0,0
train_French_Fries_French_Fries_228.jpg,1,0,0,0,0
train_French_Fries_French_Fries_229.jpg,1,0,0,0,0
train_French_Fries_French_Fries_231.jpg,1,0,0,0,0
train_French_Fries_French_Fries_232.jpg,1,0,0,0,0
train_French_Fries_French_Fries_233.jpg,1,0,0,0,0
train_French_Fries_French_Fries_235.jpg,1,0,0,0,0
train_French_Fries_French_Fries_236.jpg,1,0,0,0,0
train_French_Fries_French_Fries_237.jpg,1,0,0,0,0
train_French_Fries_French_Fries_239.jpg,1,0,0,0,0
train_French_Fries_French_Fries_240.jpg,1,0,0,0,0
train_French_Fries_French_Fries_241.jpg,1,0,0,0,0
train_French_Fries_French_Fries_242.jpg,1,0,0,0,0
train_French_Fries_French_Fries_243.jpg,1,0,0,0,0
train_French_Fries_French_Fries_244.jpg,1,0,0,0,0
train_French_Fries_French_Fries_245.jpg,1,0,0,0,0
train_French_Fries_French_Fries_246.jpg,1,0,0,0,0
train_French_Fries_French_Fries_247.jpg,1,0,0,0,0
train_French_Fries_French_Fries_248.jpg,1,0,0,0,0
train_French_Fries_French_Fries_249.jpg,1,0,0,0,0
train_French_Fries_French_Fries_251.jpg,1,0,0,0,0
train_French_Fries_French_Fries_252.jpg,1,0,0,0,0
train_French_Fries_French_Fries_253.jpg,1,0,0,0,0
train_French_Fries_French_Fries_254.jpg,1,0,0,0,0
train_French_Fries_French_Fries_255.jpg,1,0,0,0,0
train_French_Fries_French_Fries_256.jpg,1,0,0,0,0
train_French_Fries_French_Fries_257.jpg,1,0,0,0,0
train_French_Fries_French_Fries_258.jpg,1,0,0,0,0
train_French_Fries_French_Fries_259.jpg,1,0,0,0,0
train_French_Fries_French_Fries_260.jpg,1,0,0,0,0
train_French_Fries_French_Fries_262.jpg,1,0,0,0,0
train_French_Fries_French_Fries_263.jpg,1,0,0,0,0
train_French_Fries_French_Fries_265.jpg,1,0,0,0,0
train_French_Fries_French_Fries_266.jpg,1,0,0,0,0
train_French_Fries_French_Fries_267.jpg,1,0,0,0,0
train_French_Fries_French_Fries_269.jpg,1,0,0,0,0
train_French_Fries_French_Fries_271.jpg,1,0,0,0,0
train_French_Fries_French_Fries_272.jpg,1,0,0,0,0
train_French_Fries_French_Fries_273.jpg,1,0,0,0,0
train_French_Fries_French_Fries_274.jpg,1,0,0,0,0
train_French_Fries_French_Fries_275.jpg,1,0,0,0,0
train_French_Fries_French_Fries_276.jpg,1,0,0,0,0
train_French_Fries_French_Fries_277.jpg,1,0,0,0,0
train_French_Fries_French_Fries_278.jpg,1,0,0,0,0
train_French_Fries_French_Fries_279.jpg,1,0,0,0,0
train_French_Fries_French_Fries_280.jpg,1,0,0,0,0
train_French_Fries_French_Fries_281.jpg,1,0,0,0,0
train_French_Fries_French_Fries_286.jpg,1,0,0,0,0
train_French_Fries_French_Fries_287.jpg,1,0,0,0,0
train_French_Fries_French_Fries_288.jpg,1,0,0,0,0
train_French_Fries_French_Fries_289.jpg,1,0,0,0,0
train_French_Fries_French_Fries_291.jpg,1,0,0,0,0
train_French_Fries_French_Fries_294.jpg,1,0,0,0,0
train_French_Fries_French_Fries_295.jpg,1,0,0,0,0
train_French_Fries_French_Fries_297.jpg,1,0,0,0,0
train_French_Fries_French_Fries_299.jpg,1,0,0,0,0
train_French_Fries_French_Fries_300.jpg,1,0,0,0,0
train_French_Fries_French_Fries_302.jpg,1,0,0,0,0
train_French_Fries_French_Fries_304.jpg,1,0,0,0,0
train_French_Fries_French_Fries_305.jpg,1,0,0,0,0
train_French_Fries_French_Fries_306.jpg,1,0,0,0,0
train_French_Fries_French_Fries_307.jpg,1,0,0,0,0
train_French_Fries_French_Fries_308.jpg,1,0,0,0,0
train_French_Fries_French_Fries_309.jpg,1,0,0,0,0
train_French_Fries_French_Fries_310.jpg,1,0,0,0,0
train_French_Fries_French_Fries_311.jpg,1,0,0,0,0
train_French_Fries_French_Fries_313.jpg,1,0,0,0,0
train_French_Fries_French_Fries_314.jpg,1,0,0,0,0
train_French_Fries_French_Fries_315.jpg,1,0,0,0,0
train_French_Fries_French_Fries_316.jpg,1,0,0,0,0
train_French_Fries_French_Fries_317.jpg,1,0,0,0,0
train_French_Fries_French_Fries_318.jpg,1,0,0,0,0
train_French_Fries_French_Fries_319.jpg,1,0,0,0,0
train_French_Fries_French_Fries_321.jpg,1,0,0,0,0
train_French_Fries_French_Fries_322.jpg,1,0,0,0,0
train_French_Fries_French_Fries_323.jpg,1,0,0,0,0
train_French_Fries_French_Fries_324.jpg,1,0,0,0,0
train_French_Fries_French_Fries_326.jpg,1,0,0,0,0
train_French_Fries_French_Fries_327.jpg,1,0,0,0,0
train_French_Fries_French_Fries_328.jpg,1,0,0,0,0
train_French_Fries_French_Fries_329.jpg,1,0,0,0,0
train_French_Fries_French_Fries_330.jpg,1,0,0,0,0
train_French_Fries_French_Fries_332.jpg,1,0,0,0,0
train_French_Fries_French_Fries_334.jpg,1,0,0,0,0
train_French_Fries_French_Fries_335.jpg,1,0,0,0,0
train_French_Fries_French_Fries_336.jpg,1,0,0,0,0
train_French_Fries_French_Fries_337.jpg,1,0,0,0,0
train_French_Fries_French_Fries_338.jpg,1,0,0,0,0
train_French_Fries_French_Fries_339.jpg,1,0,0,0,0
train_French_Fries_French_Fries_340.jpg,1,0,0,0,0
train_French_Fries_French_Fries_342.jpg,1,0,0,0,0
train_French_Fries_French_Fries_343.jpg,1,0,0,0,0
train_French_Fries_French_Fries_345.jpg,1,0,0,0,0
train_French_Fries_French_Fries_346.jpg,1,0,0,0,0
train_French_Fries_French_Fries_347.jpg,1,0,0,0,0
train_French_Fries_French_Fries_348.jpg,1,0,0,0,0
train_French_Fries_French_Fries_349.jpg,1,0,0,0,0
train_French_Fries_French_Fries_350.jpg,1,0,0,0,0
train_French_Fries_French_Fries_351.jpg,1,0,0,0,0
train_French_Fries_French_Fries_352.jpg,1,0,0,0,0
train_French_Fries_French_Fries_354.jpg,1,0,0,0,0
train_French_Fries_French_Fries_355.jpg,1,0,0,0,0
train_French_Fries_French_Fries_357.jpg,1,0,0,0,0
train_French_Fries_French_Fries_358.jpg,1,0,0,0,0
train_French_Fries_French_Fries_360.jpg,1,0,0,0,0
train_French_Fries_French_Fries_361.jpg,1,0,0,0,0
train_French_Fries_French_Fries_362.jpg,1,0,0,0,0
train_French_Fries_French_Fries_363.jpg,1,0,0,0,0
train_French_Fries_French_Fries_366.jpg,1,0,0,0,0
train_French_Fries_French_Fries_367.jpg,1,0,0,0,0
train_French_Fries_French_Fries_368.jpg,1,0,0,0,0
train_French_Fries_French_Fries_369.jpg,1,0,0,0,0
train_French_Fries_French_Fries_370.jpg,1,0,0,0,0
train_French_Fries_French_Fries_371.jpg,1,0,0,0,0
train_French_Fries_French_Fries_372.jpg,1,0,0,0,0
train_French_Fries_French_Fries_373.jpg,1,0,0,0,0
train_French_Fries_French_Fries_374.jpg,1,0,0,0,0
train_French_Fries_French_Fries_376.jpg,1,0,0,0,0
train_French_Fries_French_Fries_377.jpg,1,0,0,0,0
train_French_Fries_French_Fries_378.jpg,1,0,0,0,0
train_French_Fries_French_Fries_379.jpg,1,0,0,0,0
train_French_Fries_French_Fries_380.jpg,1,0,0,0,0
train_French_Fries_French_Fries_381.jpg,1,0,0,0,0
train_French_Fries_French_Fries_382.jpg,1,0,0,0,0
train_French_Fries_French_Fries_383.jpg,1,0,0,0,0
train_French_Fries_French_Fries_384.jpg,1,0,0,0,0
train_French_Fries_French_Fries_385.jpg,1,0,0,0,0
train_French_Fries_French_Fries_386.jpg,1,0,0,0,0
train_French_Fries_French_Fries_388.jpg,1,0,0,0,0
train_French_Fries_French_Fries_389.jpg,1,0,0,0,0
train_French_Fries_French_Fries_390.jpg,1,0,0,0,0
train_French_Fries_French_Fries_391.jpg,1,0,0,0,0
train_French_Fries_French_Fries_393.jpg,1,0,0,0,0
train_French_Fries_French_Fries_395.jpg,1,0,0,0,0
train_French_Fries_French_Fries_396.jpg,1,0,0,0,0
train_French_Fries_French_Fries_397.jpg,1,0,0,0,0
train_French_Fries_French_Fries_398.jpg,1,0,0,0,0
train_French_Fries_French_Fries_399.jpg,1,0,0,0,0
train_French_Fries_French_Fries_400.jpg,1,0,0,0,0
train_French_Fries_French_Fries_402.jpg,1,0,0,0,0
train_French_Fries_French_Fries_403.jpg,1,0,0,0,0
train_French_Fries_French_Fries_404.jpg,1,0,0,0,0
train_French_Fries_French_Fries_406.jpg,1,0,0,0,0
train_French_Fries_French_Fries_407.jpg,1,0,0,0,0
train_French_Fries_French_Fries_410.jpg,1,0,0,0,0
train_French_Fries_French_Fries_411.jpg,1,0,0,0,0
train_French_Fries_French_Fries_412.jpg,1,0,0,0,0
train_French_Fries_French_Fries_413.jpg,1,0,0,0,0
train_French_Fries_French_Fries_415.jpg,1,0,0,0,0
train_French_Fries_French_Fries_416.jpg,1,0,0,0,0
train_French_Fries_French_Fries_417.jpg,1,0,0,0,0
train_French_Fries_French_Fries_418.jpg,1,0,0,0,0
train_French_Fries_French_Fries_419.jpg,1,0,0,0,0
train_French_Fries_French_Fries_420.jpg,1,0,0,0,0
train_French_Fries_French_Fries_421.jpg,1,0,0,0,0
train_French_Fries_French_Fries_422.jpg,1,0,0,0,0
train_French_Fries_French_Fries_423.jpg,1,0,0,0,0
train_French_Fries_French_Fries_424.jpg,1,0,0,0,0
train_French_Fries_French_Fries_425.jpg,1,0,0,0,0
train_French_Fries_French_Fries_426.jpg,1,0,0,0,0
train_French_Fries_French_Fries_428.jpg,1,0,0,0,0
train_French_Fries_French_Fries_429.jpg,1,0,0,0,0
train_French_Fries_French_Fries_433.jpg,1,0,0,0,0
train_French_Fries_French_Fries_434.jpg,1,0,0,0,0
train_French_Fries_French_Fries_435.jpg,1,0,0,0,0
train_French_Fries_French_Fries_436.jpg,1,0,0,0,0
train_French_Fries_French_Fries_437.jpg,1,0,0,0,0
train_French_Fries_French_Fries_438.jpg,1,0,0,0,0
train_French_Fries_French_Fries_439.jpg,1,0,0,0,0
train_French_Fries_French_Fries_440.jpg,1,0,0,0,0
train_French_Fries_French_Fries_441.jpg,1,0,0,0,0
train_French_Fries_French_Fries_442.jpg,1,0,0,0,0
train_French_Fries_French_Fries_443.jpg,1,0,0,0,0
train_French_Fries_French_Fries_444.jpg,1,0,0,0,0
train_French_Fries_French_Fries_445.jpg,1,0,0,0,0
train_French_Fries_French_Fries_446.jpg,1,0,0,0,0
train_French_Fries_French_Fries_447.jpg,1,0,0,0,0
train_French_Fries_French_Fries_448.jpg,1,0,0,0,0
train_French_Fries_French_Fries_449.jpg,1,0,0,0,0
train_French_Fries_French_Fries_450.jpg,1,0,0,0,0
train_French_Fries_French_Fries_451.jpg,1,0,0,0,0
train_French_Fries_French_Fries_452.jpg,1,0,0,0,0
train_French_Fries_French_Fries_454.jpg,1,0,0,0,0
train_French_Fries_French_Fries_455.jpg,1,0,0,0,0
train_French_Fries_French_Fries_456.jpg,1,0,0,0,0
train_French_Fries_French_Fries_457.jpg,1,0,0,0,0
train_French_Fries_French_Fries_458.jpg,1,0,0,0,0
train_French_Fries_French_Fries_460.jpg,1,0,0,0,0
train_French_Fries_French_Fries_462.jpg,1,0,0,0,0
train_French_Fries_French_Fries_464.jpg,1,0,0,0,0
train_French_Fries_French_Fries_465.jpg,1,0,0,0,0
train_French_Fries_French_Fries_467.jpg,1,0,0,0,0
train_French_Fries_French_Fries_468.jpg,1,0,0,0,0
train_French_Fries_French_Fries_469.jpg,1,0,0,0,0
train_French_Fries_French_Fries_470.jpg,1,0,0,0,0
train_French_Fries_French_Fries_472.jpg,1,0,0,0,0
train_French_Fries_French_Fries_473.jpg,1,0,0,0,0
train_French_Fries_French_Fries_474.jpg,1,0,0,0,0
train_French_Fries_French_Fries_475.jpg,1,0,0,0,0
train_French_Fries_French_Fries_476.jpg,1,0,0,0,0
train_French_Fries_French_Fries_477.jpg,1,0,0,0,0
train_French_Fries_French_Fries_478.jpg,1,0,0,0,0
train_French_Fries_French_Fries_481.jpg,1,0,0,0,0
train_French_Fries_French_Fries_482.jpg,1,0,0,0,0
train_French_Fries_French_Fries_483.jpg,1,0,0,0,0
train_French_Fries_French_Fries_485.jpg,1,0,0,0,0
train_French_Fries_French_Fries_486.jpg,1,0,0,0,0
train_French_Fries_French_Fries_487.jpg,1,0,0,0,0
train_French_Fries_French_Fries_488.jpg,1,0,0,0,0
train_French_Fries_French_Fries_489.jpg,1,0,0,0,0
train_French_Fries_French_Fries_490.jpg,1,0,0,0,0
train_French_Fries_French_Fries_491.jpg,1,0,0,0,0
train_French_Fries_French_Fries_492.jpg,1,0,0,0,0
train_French_Fries_French_Fries_493.jpg,1,0,0,0,0
train_French_Fries_French_Fries_494.jpg,1,0,0,0,0
train_French_Fries_French_Fries_496.jpg,1,0,0,0,0
train_French_Fries_French_Fries_497.jpg,1,0,0,0,0
train_French_Fries_French_Fries_498.jpg,1,0,0,0,0
train_French_Fries_French_Fries_499.jpg,1,0,0,0,0
train_French_Fries_French_Fries_500.jpg,1,0,0,0,0
train_Gado-Gado_Gado-Gado_001.jpg,0,1,1,0,0
train_Gado-Gado_Gado-Gado_002.jpg,0,1,1,0,0
train_Gado-Gado_Gado-Gado_004.jpg,0,1,1,0,0
train_Gado-Gado_Gado-Gado_006.jpg,0,1,1,0,0
train_Gado-Gado_Gado-Gado_007.jpg,0,1,1,0,0
train_Gado-Gado_Gado-Gado_009.jpg,0,1,1,0,0
train_Gado-Gado_Gado-Gado_010.jpg,0,1,1,0,0
train_Gado-Gado_Gado-Gado_011.jpg,0,1,1,0,0
train_Gado-Gado_Gado-Gado_013.jpg,0,1,1,0,0
train_Gado-Gado_Gado-Gado_014.jpg,0,1,1,0,0
train_Gado-Gado_Gado-Gado_015.jpg,0,1,1,0,0
train_Gado-Gado_Gado-Gado_016.jpg,0,1,1,0,0
train_Gado-Gado_Gado-Gado_018.jpg,0,1,1,0,0
train_Gado-Gado_Gado-Gado_019.jpg,0,1,1,0,0
train_Gado-Gado_Gado-Gado_020.jpg,0,1,1,0,0
train_Gado-Gado_Gado-Gado_021.jpg,0,1,1,0,0
train_Gado-Gado_Gado-Gado_022.jpg,0,1,1,0,0
train_Gado-Gado_Gado-Gado_023.jpg,0,1,1,0,0
train_Gado-Gado_Gado-Gado_024.jpg,0,1,1,0,0
train_Gado-Gado_Gado-Gado_025.jpg,0,1,1,0,0
train_Gado-Gado_Gado-Gado_027.jpg,0,1,1,0,0
train_Gado-Gado_Gado-Gado_028.jpg,0,1,1,0,0
train_Gado-Gado_Gado-Gado_029.jpg,0,1,1,0,0
train_Gado-Gado_Gado-Gado_030.jpg,0,1,1,0,0
train_Gado-Gado_Gado-Gado_031.jpg,0,1,1,0,0
train_Gado-Gado_Gado-Gado_032.jpg,0,1,1,0,0
train_Gado-Gado_Gado-Gado_033.jpg,0,1,1,0,0
train_Gado-Gado_Gado-Gado_034.jpg,0,1,1,0,0
train_Gado-Gado_Gado-Gado_035.jpg,0,1,1,0,0
train_Gado-Gado_Gado-Gado_036.jpg,0,1,1,0,0
train_Gado-Gado_Gado-Gado_037.jpg,0,1,1,0,0
train_Gado-Gado_Gado-Gado_038.jpg,0,1,1,0,0
train_Gado-Gado_Gado-Gado_039.jpg,0,1,1,0,0
train_Gado-Gado_Gado-Gado_040.jpg,0,1,1,0,0
train_Gado-Gado_Gado-Gado_042.jpg,0,1,1,0,0
train_Gado-Gado_Gado-Gado_043.jpg,0,1,1,0,0
train_Gado-Gado_Gado-Gado_044.jpg,0,1,1,0,0
train_Gado-Gado_Gado-Gado_045.jpg,0,1,1,0,0
train_Gado-Gado_Gado-Gado_046.jpg,0,1,1,0,0
train_Gado-Gado_Gado-Gado_048.jpg,0,1,1,0,0
train_Gado-Gado_Gado-Gado_049.jpg,0,1,1,0,0
train_Gado-Gado_Gado-Gado_052.jpg,0,1,1,0,0
train_Gado-Gado_Gado-Gado_053.jpg,0,1,1,0,0
train_Gado-Gado_Gado-Gado_054.jpg,0,1,1,0,0
train_Gado-Gado_Gado-Gado_055.jpg,0,1,1,0,0
train_Gado-Gado_Gado-Gado_056.jpg,0,1,1,0,0
train_Gado-Gado_Gado-Gado_057.jpg,0,1,1,0,0
train_Gado-Gado_Gado-Gado_058.jpg,0,1,1,0,0
train_Gado-Gado_Gado-Gado_061.jpg,0,1,1,0,0
train_Gado-Gado_Gado-Gado_063.jpg,0,1,1,0,0
train_Gado-Gado_Gado-Gado_066.jpg,0,1,1,0,0
train_Gado-Gado_Gado-Gado_068.jpg,0,1,1,0,0
train_Gado-Gado_Gado-Gado_069.jpg,0,1,1,0,0
train_Gado-Gado_Gado-Gado_070.jpg,0,1,1,0,0
train_Gado-Gado_Gado-Gado_071.jpg,0,1,1,0,0
train_Gado-Gado_Gado-Gado_073.jpg,0,1,1,0,0
train_Gado-Gado_Gado-Gado_074.jpg,0,1,1,0,0
train_Gado-Gado_Gado-Gado_075.jpg,0,1,1,0,0
train_Gado-Gado_Gado-Gado_076.jpg,0,1,1,0,0
train_Gado-Gado_Gado-Gado_077.jpg,0,1,1,0,0
train_Gado-Gado_Gado-Gado_078.jpg,0,1,1,0,0
train_Gado-Gado_Gado-Gado_079.jpg,0,1,1,0,0
train_Gado-Gado_Gado-Gado_080.jpg,0,1,1,0,0
train_Gado-Gado_Gado-Gado_081.jpg,0,1,1,0,0
train_Gado-Gado_Gado-Gado_083.jpg,0,1,1,0,0
train_Gado-Gado_Gado-Gado_084.jpg,0,1,1,0,0
train_Gado-Gado_Gado-Gado_085.jpg,0,1,1,0,0
train_Gado-Gado_Gado-Gado_086.jpg,0,1,1,0,0
train_Gado-Gado_Gado-Gado_087.jpg,0,1,1,0,0
train_Gado-Gado_Gado-Gado_088.jpg,0,1,1,0,0
train_Gado-Gado_Gado-Gado_089.jpg,0,1,1,0,0
train_Gado-Gado_Gado-Gado_090.jpg,0,1,1,0,0
train_Gado-Gado_Gado-Gado_092.jpg,0,1,1,0,0
train_Gado-Gado_Gado-Gado_093.jpg,0,1,1,0,0
train_Gado-Gado_Gado-Gado_094.jpg,0,1,1,0,0
train_Gado-Gado_Gado-Gado_095.jpg,0,1,1,0,0
train_Gado-Gado_Gado-Gado_096.jpg,0,1,1,0,0
train_Gado-Gado_Gado-Gado_097.jpg,0,1,1,0,0
train_Gado-Gado_Gado-Gado_098.jpg,0,1,1,0,0
train_Gado-Gado_Gado-Gado_100.jpg,0,1,1,0,0
train_Gado-Gado_Gado-Gado_101.jpg,0,1,1,0,0
train_Gado-Gado_Gado-Gado_102.jpg,0,1,1,0,0
train_Gado-Gado_Gado-Gado_103.jpg,0,1,1,0,0
train_Gado-Gado_Gado-Gado_104.jpg,0,1,1,0,0
train_Gado-Gado_Gado-Gado_106.jpg,0,1,1,0,0
train_Gado-Gado_Gado-Gado_107.jpg,0,1,1,0,0
train_Gado-Gado_Gado-Gado_108.jpg,0,1,1,0,0
train_Gado-Gado_Gado-Gado_110.jpg,0,1,1,0,0
train_Gado-Gado_Gado-Gado_111.jpg,0,1,1,0,0
train_Gado-Gado_Gado-Gado_113.jpg,0,1,1,0,0
train_Gado-Gado_Gado-Gado_114.jpg,0,1,1,0,0
train_Gado-Gado_Gado-Gado_115.jpg,0,1,1,0,0
train_Gado-Gado_Gado-Gado_117.jpg,0,1,1,0,0
train_Gado-Gado_Gado-Gado_118.jpg,0,1,1,0,0
train_Gado-Gado_Gado-Gado_119.jpg,0,1,1,0,0
train_Gado-Gado_Gado-Gado_120.jpg,0,1,1,0,0
train_Gado-Gado_Gado-Gado_121.jpg,0,1,1,0,0
train_Gado-Gado_Gado-Gado_122.jpg,0,1,1,0,0
train_Gado-Gado_Gado-Gado_123.jpg,0,1,1,0,0
train_Gado-Gado_Gado-Gado_124.jpg,0,1,1,0,0
train_Gado-Gado_Gado-Gado_125.jpg,0,1,1,0,0
train_Gado-Gado_Gado-Gado_126.jpg,0,1,1,0,0
train_Gado-Gado_Gado-Gado_128.jpg,0,1,1,0,0
train_Gado-Gado_Gado-Gado_129.jpg,0,1,1,0,0
train_Gado-Gado_Gado-Gado_130.jpg,0,1,1,0,0
train_Gado-Gado_Gado-Gado_131.jpg,0,1,1,0,0
train_Gado-Gado_Gado-Gado_132.jpg,0,1,1,0,0
train_Gado-Gado_Gado-Gado_134.jpg,0,1,1,0,0
train_Gado-Gado_Gado-Gado_135.jpg,0,1,1,0,0
train_Gado-Gado_Gado-Gado_136.jpg,0,1,1,0,0
train_Gado-Gado_Gado-Gado_137.jpg,0,1,1,0,0
train_Gado-Gado_Gado-Gado_138.jpg,0,1,1,0,0
train_Gado-Gado_Gado-Gado_139.jpg,0,1,1,0,0
train_Gado-Gado_Gado-Gado_140.jpg,0,1,1,0,0
train_Gado-Gado_Gado-Gado_141.jpg,0,1,1,0,0
train_Gado-Gado_Gado-Gado_142.jpg,0,1,1,0,0
train_Gado-Gado_Gado-Gado_143.jpg,0,1,1,0,0
train_Gado-Gado_Gado-Gado_144.jpg,0,1,1,0,0
train_Gado-Gado_Gado-Gado_145.jpg,0,1,1,0,0
train_Gado-Gado_Gado-Gado_146.jpg,0,1,1,0,0
train_Gado-Gado_Gado-Gado_147.jpg,0,1,1,0,0
train_Gado-Gado_Gado-Gado_148.jpg,0,1,1,0,0
train_Gado-Gado_Gado-Gado_149.jpg,0,1,1,0,0
train_Gado-Gado_Gado-Gado_150.jpg,0,1,1,0,0
train_Gado-Gado_Gado-Gado_151.jpg,0,1,1,0,0
train_Gado-Gado_Gado-Gado_152.jpg,0,1,1,0,0
train_Gado-Gado_Gado-Gado_153.jpg,0,1,1,0,0
train_Gado-Gado_Gado-Gado_154.jpg,0,1,1,0,0
train_Gado-Gado_Gado-Gado_155.jpg,0,1,1,0,0
train_Gado-Gado_Gado-Gado_156.jpg,0,1,1,0,0
train_Gado-Gado_Gado-Gado_157.jpg,0,1,1,0,0
train_Gado-Gado_Gado-Gado_159.jpg,0,1,1,0,0
train_Gado-Gado_Gado-Gado_160.jpg,0,1,1,0,0
train_Gado-Gado_Gado-Gado_161.jpg,0,1,1,0,0
train_Gado-Gado_Gado-Gado_163.jpg,0,1,1,0,0
train_Gado-Gado_Gado-Gado_165.jpg,0,1,1,0,0
train_Gado-Gado_Gado-Gado_168.jpg,0,1,1,0,0
train_Gado-Gado_Gado-Gado_169.jpg,0,1,1,0,0
train_Gado-Gado_Gado-Gado_170.jpg,0,1,1,0,0
train_Gado-Gado_Gado-Gado_171.jpg,0,1,1,0,0
train_Gado-Gado_Gado-Gado_172.jpg,0,1,1,0,0
train_Gado-Gado_Gado-Gado_173.jpg,0,1,1,0,0
train_Gado-Gado_Gado-Gado_174.jpg,0,1,1,0,0
train_Gado-Gado_Gado-Gado_175.jpg,0,1,1,0,0
train_Gado-Gado_Gado-Gado_176.jpg,0,1,1,0,0
train_Gado-Gado_Gado-Gado_177.jpg,0,1,1,0,0
train_Gado-Gado_Gado-Gado_178.jpg,0,1,1,0,0
train_Gado-Gado_Gado-Gado_179.jpg,0,1,1,0,0
train_Gado-Gado_Gado-Gado_180.jpg,0,1,1,0,0
train_Gado-Gado_Gado-Gado_181.jpg,0,1,1,0,0
train_Gado-Gado_Gado-Gado_182.jpg,0,1,1,0,0
train_Gado-Gado_Gado-Gado_184.jpg,0,1,1,0,0
train_Gado-Gado_Gado-Gado_185.jpg,0,1,1,0,0
train_Gado-Gado_Gado-Gado_186.jpg,0,1,1,0,0
train_Gado-Gado_Gado-Gado_188.jpg,0,1,1,0,0
train_Gado-Gado_Gado-Gado_189.jpg,0,1,1,0,0
train_Gado-Gado_Gado-Gado_190.jpg,0,1,1,0,0
train_Gado-Gado_Gado-Gado_191.jpg,0,1,1,0,0
train_Gado-Gado_Gado-Gado_192.jpg,0,1,1,0,0
train_Gado-Gado_Gado-Gado_193.jpg,0,1,1,0,0
train_Gado-Gado_Gado-Gado_194.jpg,0,1,1,0,0
train_Gado-Gado_Gado-Gado_195.jpg,0,1,1,0,0
train_Gado-Gado_Gado-Gado_196.jpg,0,1,1,0,0
train_Gado-Gado_Gado-Gado_197.jpg,0,1,1,0,0
train_Gado-Gado_Gado-Gado_198.jpg,0,1,1,0,0
train_Gado-Gado_Gado-Gado_199.jpg,0,1,1,0,0
train_Gado-Gado_Gado-Gado_200.jpg,0,1,1,0,0
train_Gado-Gado_Gado-Gado_202.jpg,0,1,1,0,0
train_Gado-Gado_Gado-Gado_203.jpg,0,1,1,0,0
train_Gado-Gado_Gado-Gado_204.jpg,0,1,1,0,0
train_Gado-Gado_Gado-Gado_205.jpg,0,1,1,0,0
train_Gado-Gado_Gado-Gado_206.jpg,0,1,1,0,0
train_Gado-Gado_Gado-Gado_207.jpg,0,1,1,0,0
train_Gado-Gado_Gado-Gado_209.jpg,0,1,1,0,0
train_Gado-Gado_Gado-Gado_212.jpg,0,1,1,0,0
train_Gado-Gado_Gado-Gado_213.jpg,0,1,1,0,0
train_Gado-Gado_Gado-Gado_214.jpg,0,1,1,0,0
train_Gado-Gado_Gado-Gado_215.jpg,0,1,1,0,0
train_Gado-Gado_Gado-Gado_216.jpg,0,1,1,0,0
train_Gado-Gado_Gado-Gado_217.jpg,0,1,1,0,0
train_Gado-Gado_Gado-Gado_218.jpg,0,1,1,0,0
train_Gado-Gado_Gado-Gado_219.jpg,0,1,1,0,0
train_Gado-Gado_Gado-Gado_220.jpg,0,1,1,0,0
train_Gado-Gado_Gado-Gado_221.jpg,0,1,1,0,0
train_Gado-Gado_Gado-Gado_222.jpg,0,1,1,0,0
train_Gado-Gado_Gado-Gado_224.jpg,0,1,1,0,0
train_Gado-Gado_Gado-Gado_225.jpg,0,1,1,0,0
train_Gado-Gado_Gado-Gado_227.jpg,0,1,1,0,0
train_Gado-Gado_Gado-Gado_228.jpg,0,1,1,0,0
train_Gado-Gado_Gado-Gado_230.jpg,0,1,1,0,0
train_Gado-Gado_Gado-Gado_231.jpg,0,1,1,0,0
train_Gado-Gado_Gado-Gado_232.jpg,0,1,1,0,0
train_Gado-Gado_Gado-Gado_234.jpg,0,1,1,0,0
train_Gado-Gado_Gado-Gado_235.jpg,0,1,1,0,0
train_Gado-Gado_Gado-Gado_238.jpg,0,1,1,0,0
train_Gado-Gado_Gado-Gado_239.jpg,0,1,1,0,0
train_Gado-Gado_Gado-Gado_240.jpg,0,1,1,0,0
train_Gado-Gado_Gado-Gado_241.jpg,0,1,1,0,0
train_Gado-Gado_Gado-Gado_242.jpg,0,1,1,0,0
train_Gado-Gado_Gado-Gado_243.jpg,0,1,1,0,0
train_Gado-Gado_Gado-Gado_244.jpg,0,1,1,0,0
train_Gado-Gado_Gado-Gado_245.jpg,0,1,1,0,0
train_Gado-Gado_Gado-Gado_246.jpg,0,1,1,0,0
train_Gado-Gado_Gado-Gado_247.jpg,0,1,1,0,0
train_Gado-Gado_Gado-Gado_248.jpg,0,1,1,0,0
train_Gado-Gado_Gado-Gado_249.jpg,0,1,1,0,0
train_Gado-Gado_Gado-Gado_251.jpg,0,1,1,0,0
train_Gado-Gado_Gado-Gado_254.jpg,0,1,1,0,0
train_Gado-Gado_Gado-Gado_256.jpg,0,1,1,0,0
train_Gado-Gado_Gado-Gado_260.jpg,0,1,1,0,0
train_Gado-Gado_Gado-Gado_262.jpg,0,1,1,0,0
train_Gado-Gado_Gado-Gado_263.jpg,0,1,1,0,0
train_Gado-Gado_Gado-Gado_264.jpg,0,1,1,0,0
train_Gado-Gado_Gado-Gado_265.jpg,0,1,1,0,0
train_Gado-Gado_Gado-Gado_266.jpg,0,1,1,0,0
train_Gado-Gado_Gado-Gado_267.jpg,0,1,1,0,0
train_Gado-Gado_Gado-Gado_268.jpg,0,1,1,0,0
train_Gado-Gado_Gado-Gado_269.jpg,0,1,1,0,0
train_Gado-Gado_Gado-Gado_270.jpg,0,1,1,0,0
train_Gado-Gado_Gado-Gado_272.jpg,0,1,1,0,0
train_Gado-Gado_Gado-Gado_274.jpg,0,1,1,0,0
train_Gado-Gado_Gado-Gado_275.jpg,0,1,1,0,0
train_Gado-Gado_Gado-Gado_276.jpg,0,1,1,0,0
train_Gado-Gado_Gado-Gado_277.jpg,0,1,1,0,0
train_Gado-Gado_Gado-Gado_278.jpg,0,1,1,0,0
train_Gado-Gado_Gado-Gado_279.jpg,0,1,1,0,0
train_Gado-Gado_Gado-Gado_280.jpg,0,1,1,0,0
train_Gado-Gado_Gado-Gado_281.jpg,0,1,1,0,0
train_Gado-Gado_Gado-Gado_282.jpg,0,1,1,0,0
train_Gado-Gado_Gado-Gado_283.jpg,0,1,1,0,0
train_Gado-Gado_Gado-Gado_284.jpg,0,1,1,0,0
train_Gado-Gado_Gado-Gado_285.jpg,0,1,1,0,0
train_Gado-Gado_Gado-Gado_286.jpg,0,1,1,0,0
train_Gado-Gado_Gado-Gado_288.jpg,0,1,1,0,0
train_Gado-Gado_Gado-Gado_290.jpg,0,1,1,0,0
train_Gado-Gado_Gado-Gado_291.jpg,0,1,1,0,0
train_Gado-Gado_Gado-Gado_292.jpg,0,1,1,0,0
train_Gado-Gado_Gado-Gado_293.jpg,0,1,1,0,0
train_Gado-Gado_Gado-Gado_294.jpg,0,1,1,0,0
train_Gado-Gado_Gado-Gado_295.jpg,0,1,1,0,0
train_Gado-Gado_Gado-Gado_297.jpg,0,1,1,0,0
train_Gado-Gado_Gado-Gado_302.jpg,0,1,1,0,0
train_Gado-Gado_Gado-Gado_304.jpg,0,1,1,0,0
train_Gado-Gado_Gado-Gado_305.jpg,0,1,1,0,0
train_Gado-Gado_Gado-Gado_306.jpg,0,1,1,0,0
train_Gado-Gado_Gado-Gado_307.jpg,0,1,1,0,0
train_Gado-Gado_Gado-Gado_308.jpg,0,1,1,0,0
train_Gado-Gado_Gado-Gado_311.jpg,0,1,1,0,0
train_Gado-Gado_Gado-Gado_312.jpg,0,1,1,0,0
train_Gado-Gado_Gado-Gado_313.jpg,0,1,1,0,0
train_Gado-Gado_Gado-Gado_314.jpg,0,1,1,0,0
train_Gado-Gado_Gado-Gado_315.jpg,0,1,1,0,0
train_Gado-Gado_Gado-Gado_316.jpg,0,1,1,0,0
train_Gado-Gado_Gado-Gado_317.jpg,0,1,1,0,0
train_Gado-Gado_Gado-Gado_320.jpg,0,1,1,0,0
train_Gado-Gado_Gado-Gado_321.jpg,0,1,1,0,0
train_Gado-Gado_Gado-Gado_322.jpg,0,1,1,0,0
train_Gado-Gado_Gado-Gado_323.jpg,0,1,1,0,0
train_Gado-Gado_Gado-Gado_326.jpg,0,1,1,0,0
train_Gado-Gado_Gado-Gado_328.jpg,0,1,1,0,0
train_Gado-Gado_Gado-Gado_329.jpg,0,1,1,0,0
train_Gado-Gado_Gado-Gado_330.jpg,0,1,1,0,0
train_Gado-Gado_Gado-Gado_331.jpg,0,1,1,0,0
train_Gado-Gado_Gado-Gado_332.jpg,0,1,1,0,0
train_Gado-Gado_Gado-Gado_333.jpg,0,1,1,0,0
train_Gado-Gado_Gado-Gado_334.jpg,0,1,1,0,0
train_Gado-Gado_Gado-Gado_335.jpg,0,1,1,0,0
train_Gado-Gado_Gado-Gado_336.jpg,0,1,1,0,0
train_Gado-Gado_Gado-Gado_338.jpg,0,1,1,0,0
train_Gado-Gado_Gado-Gado_339.jpg,0,1,1,0,0
train_Gado-Gado_Gado-Gado_341.jpg,0,1,1,0,0
train_Gado-Gado_Gado-Gado_342.jpg,0,1,1,0,0
train_Gado-Gado_Gado-Gado_343.jpg,0,1,1,0,0
train_Gado-Gado_Gado-Gado_344.jpg,0,1,1,0,0
train_Gado-Gado_Gado-Gado_346.jpg,0,1,1,0,0
train_Gado-Gado_Gado-Gado_347.jpg,0,1,1,0,0
train_Gado-Gado_Gado-Gado_348.jpg,0,1,1,0,0
train_Gado-Gado_Gado-Gado_349.jpg,0,1,1,0,0
train_Gado-Gado_Gado-Gado_352.jpg,0,1,1,0,0
train_Gado-Gado_Gado-Gado_353.jpg,0,1,1,0,0
train_Gado-Gado_Gado-Gado_354.jpg,0,1,1,0,0
train_Gado-Gado_Gado-Gado_355.jpg,0,1,1,0,0
train_Gado-Gado_Gado-Gado_356.jpg,0,1,1,0,0
train_Gado-Gado_Gado-Gado_357.jpg,0,1,1,0,0
train_Gado-Gado_Gado-Gado_359.jpg,0,1,1,0,0
train_Gado-Gado_Gado-Gado_360.jpg,0,1,1,0,0
train_Gado-Gado_Gado-Gado_362.jpg,0,1,1,0,0
train_Gado-Gado_Gado-Gado_363.jpg,0,1,1,0,0
train_Gado-Gado_Gado-Gado_364.jpg,0,1,1,0,0
train_Gado-Gado_Gado-Gado_365.jpg,0,1,1,0,0
train_Gado-Gado_Gado-Gado_366.jpg,0,1,1,0,0
train_Gado-Gado_Gado-Gado_367.jpg,0,1,1,0,0
train_Gado-Gado_Gado-Gado_368.jpg,0,1,1,0,0
train_Gado-Gado_Gado-Gado_369.jpg,0,1,1,0,0
train_Gado-Gado_Gado-Gado_371.jpg,0,1,1,0,0
train_Gado-Gado_Gado-Gado_372.jpg,0,1,1,0,0
train_Gado-Gado_Gado-Gado_375.jpg,0,1,1,0,0
train_Gado-Gado_Gado-Gado_376.jpg,0,1,1,0,0
train_Gado-Gado_Gado-Gado_379.jpg,0,1,1,0,0
train_Gado-Gado_Gado-Gado_380.jpg,0,1,1,0,0
train_Gado-Gado_Gado-Gado_383.jpg,0,1,1,0,0
train_Gado-Gado_Gado-Gado_384.jpg,0,1,1,0,0
train_Gado-Gado_Gado-Gado_386.jpg,0,1,1,0,0
train_Gado-Gado_Gado-Gado_387.jpg,0,1,1,0,0
train_Gado-Gado_Gado-Gado_388.jpg,0,1,1,0,0
train_Gado-Gado_Gado-Gado_389.jpg,0,1,1,0,0
train_Gado-Gado_Gado-Gado_390.jpg,0,1,1,0,0
train_Gado-Gado_Gado-Gado_391.jpg,0,1,1,0,0
train_Gado-Gado_Gado-Gado_392.jpg,0,1,1,0,0
train_Gado-Gado_Gado-Gado_393.jpg,0,1,1,0,0
train_Gado-Gado_Gado-Gado_395.jpg,0,1,1,0,0
train_Gado-Gado_Gado-Gado_396.jpg,0,1,1,0,0
train_Gado-Gado_Gado-Gado_397.jpg,0,1,1,0,0
train_Gado-Gado_Gado-Gado_398.jpg,0,1,1,0,0
train_Gado-Gado_Gado-Gado_399.jpg,0,1,1,0,0
train_Gado-Gado_Gado-Gado_400.jpg,0,1,1,0,0
train_Gado-Gado_Gado-Gado_402.jpg,0,1,1,0,0
train_Gado-Gado_Gado-Gado_403.jpg,0,1,1,0,0
train_Gado-Gado_Gado-Gado_404.jpg,0,1,1,0,0
train_Gado-Gado_Gado-Gado_405.jpg,0,1,1,0,0
train_Gado-Gado_Gado-Gado_406.jpg,0,1,1,0,0
train_Gado-Gado_Gado-Gado_407.jpg,0,1,1,0,0
train_Gado-Gado_Gado-Gado_408.jpg,0,1,1,0,0
train_Gado-Gado_Gado-Gado_409.jpg,0,1,1,0,0
train_Gado-Gado_Gado-Gado_410.jpg,0,1,1,0,0
train_Gado-Gado_Gado-Gado_412.jpg,0,1,1,0,0
train_Gado-Gado_Gado-Gado_413.jpg,0,1,1,0,0
train_Gado-Gado_Gado-Gado_417.jpg,0,1,1,0,0
train_Gado-Gado_Gado-Gado_418.jpg,0,1,1,0,0
train_Gado-Gado_Gado-Gado_420.jpg,0,1,1,0,0
train_Gado-Gado_Gado-Gado_421.jpg,0,1,1,0,0
train_Gado-Gado_Gado-Gado_422.jpg,0,1,1,0,0
train_Gado-Gado_Gado-Gado_425.jpg,0,1,1,0,0
train_Gado-Gado_Gado-Gado_426.jpg,0,1,1,0,0
train_Gado-Gado_Gado-Gado_427.jpg,0,1,1,0,0
train_Gado-Gado_Gado-Gado_428.jpg,0,1,1,0,0
train_Gado-Gado_Gado-Gado_429.jpg,0,1,1,0,0
train_Gado-Gado_Gado-Gado_430.jpg,0,1,1,0,0
train_Gado-Gado_Gado-Gado_431.jpg,0,1,1,0,0
train_Gado-Gado_Gado-Gado_432.jpg,0,1,1,0,0
train_Gado-Gado_Gado-Gado_433.jpg,0,1,1,0,0
train_Gado-Gado_Gado-Gado_434.jpg,0,1,1,0,0
train_Gado-Gado_Gado-Gado_435.jpg,0,1,1,0,0
train_Gado-Gado_Gado-Gado_436.jpg,0,1,1,0,0
train_Gado-Gado_Gado-Gado_437.jpg,0,1,1,0,0
train_Gado-Gado_Gado-Gado_438.jpg,0,1,1,0,0
train_Gado-Gado_Gado-Gado_439.jpg,0,1,1,0,0
train_Gado-Gado_Gado-Gado_441.jpg,0,1,1,0,0
train_Gado-Gado_Gado-Gado_442.jpg,0,1,1,0,0
train_Gado-Gado_Gado-Gado_443.jpg,0,1,1,0,0
train_Gado-Gado_Gado-Gado_444.jpg,0,1,1,0,0
train_Gado-Gado_Gado-Gado_445.jpg,0,1,1,0,0
train_Gado-Gado_Gado-Gado_446.jpg,0,1,1,0,0
train_Gado-Gado_Gado-Gado_447.jpg,0,1,1,0,0
train_Gado-Gado_Gado-Gado_448.jpg,0,1,1,0,0
train_Gado-Gado_Gado-Gado_450.jpg,0,1,1,0,0
train_Gado-Gado_Gado-Gado_451.jpg,0,1,1,0,0
train_Gado-Gado_Gado-Gado_453.jpg,0,1,1,0,0
train_Gado-Gado_Gado-Gado_454.jpg,0,1,1,0,0
train_Gado-Gado_Gado-Gado_455.jpg,0,1,1,0,0
train_Gado-Gado_Gado-Gado_456.jpg,0,1,1,0,0
train_Gado-Gado_Gado-Gado_457.jpg,0,1,1,0,0
train_Gado-Gado_Gado-Gado_458.jpg,0,1,1,0,0
train_Gado-Gado_Gado-Gado_460.jpg,0,1,1,0,0
train_Gado-Gado_Gado-Gado_462.jpg,0,1,1,0,0
train_Gado-Gado_Gado-Gado_463.jpg,0,1,1,0,0
train_Gado-Gado_Gado-Gado_464.jpg,0,1,1,0,0
train_Gado-Gado_Gado-Gado_465.jpg,0,1,1,0,0
train_Gado-Gado_Gado-Gado_466.jpg,0,1,1,0,0
train_Gado-Gado_Gado-Gado_467.jpg,0,1,1,0,0
train_Gado-Gado_Gado-Gado_468.jpg,0,1,1,0,0
train_Gado-Gado_Gado-Gado_469.jpg,0,1,1,0,0
train_Gado-Gado_Gado-Gado_470.jpg,0,1,1,0,0
train_Gado-Gado_Gado-Gado_471.jpg,0,1,1,0,0
train_Gado-Gado_Gado-Gado_472.jpg,0,1,1,0,0
train_Gado-Gado_Gado-Gado_473.jpg,0,1,1,0,0
train_Gado-Gado_Gado-Gado_474.jpg,0,1,1,0,0
train_Gado-Gado_Gado-Gado_476.jpg,0,1,1,0,0
train_Gado-Gado_Gado-Gado_477.jpg,0,1,1,0,0
train_Gado-Gado_Gado-Gado_479.jpg,0,1,1,0,0
train_Gado-Gado_Gado-Gado_480.jpg,0,1,1,0,0
train_Gado-Gado_Gado-Gado_481.jpg,0,1,1,0,0
train_Gado-Gado_Gado-Gado_482.jpg,0,1,1,0,0
train_Gado-Gado_Gado-Gado_483.jpg,0,1,1,0,0
train_Gado-Gado_Gado-Gado_486.jpg,0,1,1,0,0
train_Gado-Gado_Gado-Gado_487.jpg,0,1,1,0,0
train_Gado-Gado_Gado-Gado_489.jpg,0,1,1,0,0
train_Gado-Gado_Gado-Gado_490.jpg,0,1,1,0,0
train_Gado-Gado_Gado-Gado_491.jpg,0,1,1,0,0
train_Gado-Gado_Gado-Gado_492.jpg,0,1,1,0,0
train_Gado-Gado_Gado-Gado_493.jpg,0,1,1,0,0
train_Gado-Gado_Gado-Gado_494.jpg,0,1,1,0,0
train_Gado-Gado_Gado-Gado_495.jpg,0,1,1,0,0
train_Gado-Gado_Gado-Gado_496.jpg,0,1,1,0,0
train_Gado-Gado_Gado-Gado_497.jpg,0,1,1,0,0
train_Gado-Gado_Gado-Gado_498.jpg,0,1,1,0,0
train_Gado-Gado_Gado-Gado_499.jpg,0,1,1,0,0
train_Gado-Gado_Gado-Gado_500.jpg,0,1,1,0,0
train_Ikan_Goreng_Ikan_Goreng_001.jpg,0,1,0,0,0
train_Ikan_Goreng_Ikan_Goreng_002.jpg,0,1,0,0,0
train_Ikan_Goreng_Ikan_Goreng_003.jpg,0,1,0,0,0
train_Ikan_Goreng_Ikan_Goreng_004.jpg,0,1,0,0,0
train_Ikan_Goreng_Ikan_Goreng_005.jpg,0,1,0,0,0
train_Ikan_Goreng_Ikan_Goreng_006.jpg,0,1,0,0,0
train_Ikan_Goreng_Ikan_Goreng_007.jpg,0,1,0,0,0
train_Ikan_Goreng_Ikan_Goreng_008.jpg,0,1,0,0,0
train_Ikan_Goreng_Ikan_Goreng_009.jpg,0,1,0,0,0
train_Ikan_Goreng_Ikan_Goreng_010.jpg,0,1,0,0,0
train_Ikan_Goreng_Ikan_Goreng_011.jpg,0,1,0,0,0
train_Ikan_Goreng_Ikan_Goreng_012.jpg,0,1,0,0,0
train_Ikan_Goreng_Ikan_Goreng_013.jpg,0,1,0,0,0
train_Ikan_Goreng_Ikan_Goreng_014.jpg,0,1,0,0,0
train_Ikan_Goreng_Ikan_Goreng_015.jpg,0,1,0,0,0
train_Ikan_Goreng_Ikan_Goreng_016.jpg,0,1,0,0,0
train_Ikan_Goreng_Ikan_Goreng_017.jpg,0,1,0,0,0
train_Ikan_Goreng_Ikan_Goreng_018.jpg,0,1,0,0,0
train_Ikan_Goreng_Ikan_Goreng_019.jpg,0,1,0,0,0
train_Ikan_Goreng_Ikan_Goreng_020.jpg,0,1,0,0,0
train_Ikan_Goreng_Ikan_Goreng_021.jpg,0,1,0,0,0
train_Ikan_Goreng_Ikan_Goreng_022.jpg,0,1,0,0,0
train_Ikan_Goreng_Ikan_Goreng_025.jpg,0,1,0,0,0
train_Ikan_Goreng_Ikan_Goreng_026.jpg,0,1,0,0,0
train_Ikan_Goreng_Ikan_Goreng_027.jpg,0,1,0,0,0
train_Ikan_Goreng_Ikan_Goreng_029.jpg,0,1,0,0,0
train_Ikan_Goreng_Ikan_Goreng_030.jpg,0,1,0,0,0
train_Ikan_Goreng_Ikan_Goreng_032.jpg,0,1,0,0,0
train_Ikan_Goreng_Ikan_Goreng_033.jpg,0,1,0,0,0
train_Ikan_Goreng_Ikan_Goreng_034.jpg,0,1,0,0,0
train_Ikan_Goreng_Ikan_Goreng_035.jpg,0,1,0,0,0
train_Ikan_Goreng_Ikan_Goreng_036.jpg,0,1,0,0,0
train_Ikan_Goreng_Ikan_Goreng_037.jpg,0,1,0,0,0
train_Ikan_Goreng_Ikan_Goreng_038.jpg,0,1,0,0,0
train_Ikan_Goreng_Ikan_Goreng_039.jpg,0,1,0,0,0
train_Ikan_Goreng_Ikan_Goreng_040.jpg,0,1,0,0,0
train_Ikan_Goreng_Ikan_Goreng_041.jpg,0,1,0,0,0
train_Ikan_Goreng_Ikan_Goreng_043.jpg,0,1,0,0,0
train_Ikan_Goreng_Ikan_Goreng_045.jpg,0,1,0,0,0
train_Ikan_Goreng_Ikan_Goreng_046.jpg,0,1,0,0,0
train_Ikan_Goreng_Ikan_Goreng_047.jpg,0,1,0,0,0
train_Ikan_Goreng_Ikan_Goreng_048.jpg,0,1,0,0,0
train_Ikan_Goreng_Ikan_Goreng_050.jpg,0,1,0,0,0
train_Ikan_Goreng_Ikan_Goreng_052.jpg,0,1,0,0,0
train_Ikan_Goreng_Ikan_Goreng_054.jpg,0,1,0,0,0
train_Ikan_Goreng_Ikan_Goreng_056.jpg,0,1,0,0,0
train_Ikan_Goreng_Ikan_Goreng_057.jpg,0,1,0,0,0
train_Ikan_Goreng_Ikan_Goreng_058.jpg,0,1,0,0,0
train_Ikan_Goreng_Ikan_Goreng_059.jpg,0,1,0,0,0
train_Ikan_Goreng_Ikan_Goreng_060.jpg,0,1,0,0,0
train_Ikan_Goreng_Ikan_Goreng_061.jpg,0,1,0,0,0
train_Ikan_Goreng_Ikan_Goreng_062.jpg,0,1,0,0,0
train_Ikan_Goreng_Ikan_Goreng_064.jpg,0,1,0,0,0
train_Ikan_Goreng_Ikan_Goreng_065.jpg,0,1,0,0,0
train_Ikan_Goreng_Ikan_Goreng_066.jpg,0,1,0,0,0
train_Ikan_Goreng_Ikan_Goreng_067.jpg,0,1,0,0,0
train_Ikan_Goreng_Ikan_Goreng_068.jpg,0,1,0,0,0
train_Ikan_Goreng_Ikan_Goreng_069.jpg,0,1,0,0,0
train_Ikan_Goreng_Ikan_Goreng_070.jpg,0,1,0,0,0
train_Ikan_Goreng_Ikan_Goreng_071.jpg,0,1,0,0,0
train_Ikan_Goreng_Ikan_Goreng_072.jpg,0,1,0,0,0
train_Ikan_Goreng_Ikan_Goreng_073.jpg,0,1,0,0,0
train_Ikan_Goreng_Ikan_Goreng_074.jpg,0,1,0,0,0
train_Ikan_Goreng_Ikan_Goreng_075.jpg,0,1,0,0,0
train_Ikan_Goreng_Ikan_Goreng_076.jpg,0,1,0,0,0
train_Ikan_Goreng_Ikan_Goreng_077.jpg,0,1,0,0,0
train_Ikan_Goreng_Ikan_Goreng_079.jpg,0,1,0,0,0
train_Ikan_Goreng_Ikan_Goreng_080.jpg,0,1,0,0,0
train_Ikan_Goreng_Ikan_Goreng_081.jpg,0,1,0,0,0
train_Ikan_Goreng_Ikan_Goreng_082.jpg,0,1,0,0,0
train_Ikan_Goreng_Ikan_Goreng_083.jpg,0,1,0,0,0
train_Ikan_Goreng_Ikan_Goreng_084.jpg,0,1,0,0,0
train_Ikan_Goreng_Ikan_Goreng_085.jpg,0,1,0,0,0
train_Ikan_Goreng_Ikan_Goreng_086.jpg,0,1,0,0,0
train_Ikan_Goreng_Ikan_Goreng_088.jpg,0,1,0,0,0
train_Ikan_Goreng_Ikan_Goreng_089.jpg,0,1,0,0,0
train_Ikan_Goreng_Ikan_Goreng_090.jpg,0,1,0,0,0
train_Ikan_Goreng_Ikan_Goreng_091.jpg,0,1,0,0,0
train_Ikan_Goreng_Ikan_Goreng_092.jpg,0,1,0,0,0
train_Ikan_Goreng_Ikan_Goreng_093.jpg,0,1,0,0,0
train_Ikan_Goreng_Ikan_Goreng_094.jpg,0,1,0,0,0
train_Ikan_Goreng_Ikan_Goreng_095.jpg,0,1,0,0,0
train_Ikan_Goreng_Ikan_Goreng_098.jpg,0,1,0,0,0
train_Ikan_Goreng_Ikan_Goreng_099.jpg,0,1,0,0,0
train_Ikan_Goreng_Ikan_Goreng_100.jpg,0,1,0,0,0
train_Ikan_Goreng_Ikan_Goreng_101.jpg,0,1,0,0,0
train_Ikan_Goreng_Ikan_Goreng_102.jpg,0,1,0,0,0
train_Ikan_Goreng_Ikan_Goreng_104.jpg,0,1,0,0,0
train_Ikan_Goreng_Ikan_Goreng_105.jpg,0,1,0,0,0
train_Ikan_Goreng_Ikan_Goreng_106.jpg,0,1,0,0,0
train_Ikan_Goreng_Ikan_Goreng_107.jpg,0,1,0,0,0
train_Ikan_Goreng_Ikan_Goreng_108.jpg,0,1,0,0,0
train_Ikan_Goreng_Ikan_Goreng_109.jpg,0,1,0,0,0
train_Ikan_Goreng_Ikan_Goreng_110.jpg,0,1,0,0,0
train_Ikan_Goreng_Ikan_Goreng_111.jpg,0,1,0,0,0
train_Ikan_Goreng_Ikan_Goreng_112.jpg,0,1,0,0,0
train_Ikan_Goreng_Ikan_Goreng_113.jpg,0,1,0,0,0
train_Ikan_Goreng_Ikan_Goreng_115.jpg,0,1,0,0,0
train_Ikan_Goreng_Ikan_Goreng_116.jpg,0,1,0,0,0
train_Ikan_Goreng_Ikan_Goreng_117.jpg,0,1,0,0,0
train_Ikan_Goreng_Ikan_Goreng_118.jpg,0,1,0,0,0
train_Ikan_Goreng_Ikan_Goreng_119.jpg,0,1,0,0,0
train_Ikan_Goreng_Ikan_Goreng_120.jpg,0,1,0,0,0
train_Ikan_Goreng_Ikan_Goreng_121.jpg,0,1,0,0,0
train_Ikan_Goreng_Ikan_Goreng_122.jpg,0,1,0,0,0
train_Ikan_Goreng_Ikan_Goreng_125.jpg,0,1,0,0,0
train_Ikan_Goreng_Ikan_Goreng_126.jpg,0,1,0,0,0
train_Ikan_Goreng_Ikan_Goreng_127.jpg,0,1,0,0,0
train_Ikan_Goreng_Ikan_Goreng_129.jpg,0,1,0,0,0
train_Ikan_Goreng_Ikan_Goreng_131.jpg,0,1,0,0,0
train_Ikan_Goreng_Ikan_Goreng_132.jpg,0,1,0,0,0
train_Ikan_Goreng_Ikan_Goreng_133.jpg,0,1,0,0,0
train_Ikan_Goreng_Ikan_Goreng_134.jpg,0,1,0,0,0
train_Ikan_Goreng_Ikan_Goreng_135.jpg,0,1,0,0,0
train_Ikan_Goreng_Ikan_Goreng_136.jpg,0,1,0,0,0
train_Ikan_Goreng_Ikan_Goreng_137.jpg,0,1,0,0,0
train_Ikan_Goreng_Ikan_Goreng_138.jpg,0,1,0,0,0
train_Ikan_Goreng_Ikan_Goreng_139.jpg,0,1,0,0,0
train_Ikan_Goreng_Ikan_Goreng_140.jpg,0,1,0,0,0
train_Ikan_Goreng_Ikan_Goreng_141.jpg,0,1,0,0,0
train_Ikan_Goreng_Ikan_Goreng_145.jpg,0,1,0,0,0
train_Ikan_Goreng_Ikan_Goreng_146.jpg,0,1,0,0,0
train_Ikan_Goreng_Ikan_Goreng_147.jpg,0,1,0,0,0
train_Ikan_Goreng_Ikan_Goreng_148.jpg,0,1,0,0,0
train_Ikan_Goreng_Ikan_Goreng_149.jpg,0,1,0,0,0
train_Ikan_Goreng_Ikan_Goreng_150.jpg,0,1,0,0,0
train_Ikan_Goreng_Ikan_Goreng_151.jpg,0,1,0,0,0
train_Ikan_Goreng_Ikan_Goreng_152.jpg,0,1,0,0,0
train_Ikan_Goreng_Ikan_Goreng_153.jpg,0,1,0,0,0
train_Ikan_Goreng_Ikan_Goreng_154.jpg,0,1,0,0,0
train_Ikan_Goreng_Ikan_Goreng_155.jpg,0,1,0,0,0
train_Ikan_Goreng_Ikan_Goreng_156.jpg,0,1,0,0,0
train_Ikan_Goreng_Ikan_Goreng_157.jpg,0,1,0,0,0
train_Ikan_Goreng_Ikan_Goreng_159.jpg,0,1,0,0,0
train_Ikan_Goreng_Ikan_Goreng_160.jpg,0,1,0,0,0
train_Ikan_Goreng_Ikan_Goreng_161.jpg,0,1,0,0,0
train_Ikan_Goreng_Ikan_Goreng_162.jpg,0,1,0,0,0
train_Ikan_Goreng_Ikan_Goreng_164.jpg,0,1,0,0,0
train_Ikan_Goreng_Ikan_Goreng_165.jpg,0,1,0,0,0
train_Ikan_Goreng_Ikan_Goreng_167.jpg,0,1,0,0,0
train_Ikan_Goreng_Ikan_Goreng_168.jpg,0,1,0,0,0
train_Ikan_Goreng_Ikan_Goreng_169.jpg,0,1,0,0,0
train_Ikan_Goreng_Ikan_Goreng_170.jpg,0,1,0,0,0
train_Ikan_Goreng_Ikan_Goreng_171.jpg,0,1,0,0,0
train_Ikan_Goreng_Ikan_Goreng_172.jpg,0,1,0,0,0
train_Ikan_Goreng_Ikan_Goreng_173.jpg,0,1,0,0,0
train_Ikan_Goreng_Ikan_Goreng_174.jpg,0,1,0,0,0
train_Ikan_Goreng_Ikan_Goreng_176.jpg,0,1,0,0,0
train_Ikan_Goreng_Ikan_Goreng_177.jpg,0,1,0,0,0
train_Ikan_Goreng_Ikan_Goreng_178.jpg,0,1,0,0,0
train_Ikan_Goreng_Ikan_Goreng_179.jpg,0,1,0,0,0
train_Ikan_Goreng_Ikan_Goreng_180.jpg,0,1,0,0,0
train_Ikan_Goreng_Ikan_Goreng_181.jpg,0,1,0,0,0
train_Ikan_Goreng_Ikan_Goreng_182.jpg,0,1,0,0,0
train_Ikan_Goreng_Ikan_Goreng_183.jpg,0,1,0,0,0
train_Ikan_Goreng_Ikan_Goreng_185.jpg,0,1,0,0,0
train_Ikan_Goreng_Ikan_Goreng_187.jpg,0,1,0,0,0
train_Ikan_Goreng_Ikan_Goreng_188.jpg,0,1,0,0,0
train_Ikan_Goreng_Ikan_Goreng_189.jpg,0,1,0,0,0
train_Ikan_Goreng_Ikan_Goreng_192.jpg,0,1,0,0,0
train_Ikan_Goreng_Ikan_Goreng_193.jpg,0,1,0,0,0
train_Ikan_Goreng_Ikan_Goreng_195.jpg,0,1,0,0,0
train_Ikan_Goreng_Ikan_Goreng_196.jpg,0,1,0,0,0
train_Ikan_Goreng_Ikan_Goreng_197.jpg,0,1,0,0,0
train_Ikan_Goreng_Ikan_Goreng_198.jpg,0,1,0,0,0
train_Ikan_Goreng_Ikan_Goreng_199.jpg,0,1,0,0,0
train_Ikan_Goreng_Ikan_Goreng_200.jpg,0,1,0,0,0
train_Ikan_Goreng_Ikan_Goreng_201.jpg,0,1,0,0,0
train_Ikan_Goreng_Ikan_Goreng_202.jpg,0,1,0,0,0
train_Ikan_Goreng_Ikan_Goreng_203.jpg,0,1,0,0,0
train_Ikan_Goreng_Ikan_Goreng_204.jpg,0,1,0,0,0
train_Ikan_Goreng_Ikan_Goreng_205.jpg,0,1,0,0,0
train_Ikan_Goreng_Ikan_Goreng_207.jpg,0,1,0,0,0
train_Ikan_Goreng_Ikan_Goreng_208.jpg,0,1,0,0,0
train_Ikan_Goreng_Ikan_Goreng_209.jpg,0,1,0,0,0
train_Ikan_Goreng_Ikan_Goreng_210.jpg,0,1,0,0,0
train_Ikan_Goreng_Ikan_Goreng_211.jpg,0,1,0,0,0
train_Ikan_Goreng_Ikan_Goreng_212.jpg,0,1,0,0,0
train_Ikan_Goreng_Ikan_Goreng_213.jpg,0,1,0,0,0
train_Ikan_Goreng_Ikan_Goreng_215.jpg,0,1,0,0,0
train_Ikan_Goreng_Ikan_Goreng_217.jpg,0,1,0,0,0
train_Ikan_Goreng_Ikan_Goreng_218.jpg,0,1,0,0,0
train_Ikan_Goreng_Ikan_Goreng_219.jpg,0,1,0,0,0
train_Ikan_Goreng_Ikan_Goreng_220.jpg,0,1,0,0,0
train_Ikan_Goreng_Ikan_Goreng_221.jpg,0,1,0,0,0
train_Ikan_Goreng_Ikan_Goreng_222.jpg,0,1,0,0,0
train_Ikan_Goreng_Ikan_Goreng_225.jpg,0,1,0,0,0
train_Ikan_Goreng_Ikan_Goreng_227.jpg,0,1,0,0,0
train_Ikan_Goreng_Ikan_Goreng_228.jpg,0,1,0,0,0
train_Ikan_Goreng_Ikan_Goreng_229.jpg,0,1,0,0,0
train_Ikan_Goreng_Ikan_Goreng_231.jpg,0,1,0,0,0
train_Ikan_Goreng_Ikan_Goreng_232.jpg,0,1,0,0,0
train_Ikan_Goreng_Ikan_Goreng_234.jpg,0,1,0,0,0
train_Ikan_Goreng_Ikan_Goreng_235.jpg,0,1,0,0,0
train_Ikan_Goreng_Ikan_Goreng_236.jpg,0,1,0,0,0
train_Ikan_Goreng_Ikan_Goreng_237.jpg,0,1,0,0,0
train_Ikan_Goreng_Ikan_Goreng_238.jpg,0,1,0,0,0
train_Ikan_Goreng_Ikan_Goreng_239.jpg,0,1,0,0,0
train_Ikan_Goreng_Ikan_Goreng_240.jpg,0,1,0,0,0
train_Ikan_Goreng_Ikan_Goreng_241.jpg,0,1,0,0,0
train_Ikan_Goreng_Ikan_Goreng_242.jpg,0,1,0,0,0
train_Ikan_Goreng_Ikan_Goreng_243.jpg,0,1,0,0,0
train_Ikan_Goreng_Ikan_Goreng_244.jpg,0,1,0,0,0
train_Ikan_Goreng_Ikan_Goreng_245.jpg,0,1,0,0,0
train_Ikan_Goreng_Ikan_Goreng_246.jpg,0,1,0,0,0
train_Ikan_Goreng_Ikan_Goreng_247.jpg,0,1,0,0,0
train_Ikan_Goreng_Ikan_Goreng_248.jpg,0,1,0,0,0
train_Ikan_Goreng_Ikan_Goreng_249.jpg,0,1,0,0,0
train_Ikan_Goreng_Ikan_Goreng_252.jpg,0,1,0,0,0
train_Ikan_Goreng_Ikan_Goreng_255.jpg,0,1,0,0,0
train_Ikan_Goreng_Ikan_Goreng_256.jpg,0,1,0,0,0
train_Ikan_Goreng_Ikan_Goreng_258.jpg,0,1,0,0,0
train_Ikan_Goreng_Ikan_Goreng_261.jpg,0,1,0,0,0
train_Ikan_Goreng_Ikan_Goreng_262.jpg,0,1,0,0,0
train_Ikan_Goreng_Ikan_Goreng_263.jpg,0,1,0,0,0
train_Ikan_Goreng_Ikan_Goreng_264.jpg,0,1,0,0,0
train_Ikan_Goreng_Ikan_Goreng_265.jpg,0,1,0,0,0
train_Ikan_Goreng_Ikan_Goreng_266.jpg,0,1,0,0,0
train_Ikan_Goreng_Ikan_Goreng_267.jpg,0,1,0,0,0
train_Ikan_Goreng_Ikan_Goreng_268.jpg,0,1,0,0,0
train_Ikan_Goreng_Ikan_Goreng_269.jpg,0,1,0,0,0
train_Ikan_Goreng_Ikan_Goreng_270.jpg,0,1,0,0,0
train_Ikan_Goreng_Ikan_Goreng_271.jpg,0,1,0,0,0
train_Ikan_Goreng_Ikan_Goreng_272.jpg,0,1,0,0,0
train_Ikan_Goreng_Ikan_Goreng_273.jpg,0,1,0,0,0
train_Ikan_Goreng_Ikan_Goreng_274.jpg,0,1,0,0,0
train_Ikan_Goreng_Ikan_Goreng_275.jpg,0,1,0,0,0
train_Ikan_Goreng_Ikan_Goreng_277.jpg,0,1,0,0,0
train_Ikan_Goreng_Ikan_Goreng_279.jpg,0,1,0,0,0
train_Ikan_Goreng_Ikan_Goreng_280.jpg,0,1,0,0,0
train_Ikan_Goreng_Ikan_Goreng_283.jpg,0,1,0,0,0
train_Ikan_Goreng_Ikan_Goreng_284.jpg,0,1,0,0,0
train_Ikan_Goreng_Ikan_Goreng_285.jpg,0,1,0,0,0
train_Ikan_Goreng_Ikan_Goreng_286.jpg,0,1,0,0,0
train_Ikan_Goreng_Ikan_Goreng_287.jpg,0,1,0,0,0
train_Ikan_Goreng_Ikan_Goreng_288.jpg,0,1,0,0,0
train_Ikan_Goreng_Ikan_Goreng_290.jpg,0,1,0,0,0
train_Ikan_Goreng_Ikan_Goreng_291.jpg,0,1,0,0,0
train_Ikan_Goreng_Ikan_Goreng_292.jpg,0,1,0,0,0
train_Ikan_Goreng_Ikan_Goreng_293.jpg,0,1,0,0,0
train_Ikan_Goreng_Ikan_Goreng_294.jpg,0,1,0,0,0
train_Ikan_Goreng_Ikan_Goreng_295.jpg,0,1,0,0,0
train_Ikan_Goreng_Ikan_Goreng_296.jpg,0,1,0,0,0
train_Ikan_Goreng_Ikan_Goreng_298.jpg,0,1,0,0,0
train_Ikan_Goreng_Ikan_Goreng_299.jpg,0,1,0,0,0
train_Ikan_Goreng_Ikan_Goreng_302.jpg,0,1,0,0,0
train_Ikan_Goreng_Ikan_Goreng_303.jpg,0,1,0,0,0
train_Ikan_Goreng_Ikan_Goreng_304.jpg,0,1,0,0,0
train_Ikan_Goreng_Ikan_Goreng_305.jpg,0,1,0,0,0
train_Ikan_Goreng_Ikan_Goreng_308.jpg,0,1,0,0,0
train_Ikan_Goreng_Ikan_Goreng_309.jpg,0,1,0,0,0
train_Ikan_Goreng_Ikan_Goreng_310.jpg,0,1,0,0,0
train_Ikan_Goreng_Ikan_Goreng_311.jpg,0,1,0,0,0
train_Ikan_Goreng_Ikan_Goreng_312.jpg,0,1,0,0,0
train_Ikan_Goreng_Ikan_Goreng_313.jpg,0,1,0,0,0
train_Ikan_Goreng_Ikan_Goreng_315.jpg,0,1,0,0,0
train_Ikan_Goreng_Ikan_Goreng_316.jpg,0,1,0,0,0
train_Ikan_Goreng_Ikan_Goreng_317.jpg,0,1,0,0,0
train_Ikan_Goreng_Ikan_Goreng_318.jpg,0,1,0,0,0
train_Ikan_Goreng_Ikan_Goreng_319.jpg,0,1,0,0,0
train_Ikan_Goreng_Ikan_Goreng_320.jpg,0,1,0,0,0
train_Ikan_Goreng_Ikan_Goreng_321.jpg,0,1,0,0,0
train_Ikan_Goreng_Ikan_Goreng_322.jpg,0,1,0,0,0
train_Ikan_Goreng_Ikan_Goreng_323.jpg,0,1,0,0,0
train_Ikan_Goreng_Ikan_Goreng_324.jpg,0,1,0,0,0
train_Ikan_Goreng_Ikan_Goreng_325.jpg,0,1,0,0,0
train_Ikan_Goreng_Ikan_Goreng_326.jpg,0,1,0,0,0
train_Ikan_Goreng_Ikan_Goreng_327.jpg,0,1,0,0,0
train_Ikan_Goreng_Ikan_Goreng_328.jpg,0,1,0,0,0
train_Ikan_Goreng_Ikan_Goreng_329.jpg,0,1,0,0,0
train_Ikan_Goreng_Ikan_Goreng_330.jpg,0,1,0,0,0
train_Ikan_Goreng_Ikan_Goreng_332.jpg,0,1,0,0,0
train_Ikan_Goreng_Ikan_Goreng_333.jpg,0,1,0,0,0
train_Ikan_Goreng_Ikan_Goreng_334.jpg,0,1,0,0,0
train_Ikan_Goreng_Ikan_Goreng_336.jpg,0,1,0,0,0
train_Ikan_Goreng_Ikan_Goreng_337.jpg,0,1,0,0,0
train_Ikan_Goreng_Ikan_Goreng_339.jpg,0,1,0,0,0
train_Ikan_Goreng_Ikan_Goreng_340.jpg,0,1,0,0,0
train_Ikan_Goreng_Ikan_Goreng_341.jpg,0,1,0,0,0
train_Ikan_Goreng_Ikan_Goreng_342.jpg,0,1,0,0,0
train_Ikan_Goreng_Ikan_Goreng_343.jpg,0,1,0,0,0
train_Ikan_Goreng_Ikan_Goreng_344.jpg,0,1,0,0,0
train_Ikan_Goreng_Ikan_Goreng_345.jpg,0,1,0,0,0
train_Ikan_Goreng_Ikan_Goreng_346.jpg,0,1,0,0,0
train_Ikan_Goreng_Ikan_Goreng_347.jpg,0,1,0,0,0
train_Ikan_Goreng_Ikan_Goreng_348.jpg,0,1,0,0,0
train_Ikan_Goreng_Ikan_Goreng_350.jpg,0,1,0,0,0
train_Ikan_Goreng_Ikan_Goreng_351.jpg,0,1,0,0,0
train_Ikan_Goreng_Ikan_Goreng_352.jpg,0,1,0,0,0
train_Ikan_Goreng_Ikan_Goreng_353.jpg,0,1,0,0,0
train_Ikan_Goreng_Ikan_Goreng_355.jpg,0,1,0,0,0
train_Ikan_Goreng_Ikan_Goreng_356.jpg,0,1,0,0,0
train_Ikan_Goreng_Ikan_Goreng_357.jpg,0,1,0,0,0
train_Ikan_Goreng_Ikan_Goreng_358.jpg,0,1,0,0,0
train_Ikan_Goreng_Ikan_Goreng_359.jpg,0,1,0,0,0
train_Ikan_Goreng_Ikan_Goreng_360.jpg,0,1,0,0,0
train_Ikan_Goreng_Ikan_Goreng_361.jpg,0,1,0,0,0
train_Ikan_Goreng_Ikan_Goreng_363.jpg,0,1,0,0,0
train_Ikan_Goreng_Ikan_Goreng_364.jpg,0,1,0,0,0
train_Ikan_Goreng_Ikan_Goreng_365.jpg,0,1,0,0,0
train_Ikan_Goreng_Ikan_Goreng_366.jpg,0,1,0,0,0
train_Ikan_Goreng_Ikan_Goreng_367.jpg,0,1,0,0,0
train_Ikan_Goreng_Ikan_Goreng_368.jpg,0,1,0,0,0
train_Ikan_Goreng_Ikan_Goreng_369.jpg,0,1,0,0,0
train_Ikan_Goreng_Ikan_Goreng_370.jpg,0,1,0,0,0
train_Ikan_Goreng_Ikan_Goreng_371.jpg,0,1,0,0,0
train_Ikan_Goreng_Ikan_Goreng_372.jpg,0,1,0,0,0
train_Ikan_Goreng_Ikan_Goreng_373.jpg,0,1,0,0,0
train_Ikan_Goreng_Ikan_Goreng_374.jpg,0,1,0,0,0
train_Ikan_Goreng_Ikan_Goreng_375.jpg,0,1,0,0,0
train_Ikan_Goreng_Ikan_Goreng_376.jpg,0,1,0,0,0
train_Ikan_Goreng_Ikan_Goreng_377.jpg,0,1,0,0,0
train_Ikan_Goreng_Ikan_Goreng_378.jpg,0,1,0,0,0
train_Ikan_Goreng_Ikan_Goreng_379.jpg,0,1,0,0,0
train_Ikan_Goreng_Ikan_Goreng_381.jpg,0,1,0,0,0
train_Ikan_Goreng_Ikan_Goreng_382.jpg,0,1,0,0,0
train_Ikan_Goreng_Ikan_Goreng_384.jpg,0,1,0,0,0
train_Ikan_Goreng_Ikan_Goreng_387.jpg,0,1,0,0,0
train_Ikan_Goreng_Ikan_Goreng_388.jpg,0,1,0,0,0
train_Ikan_Goreng_Ikan_Goreng_391.jpg,0,1,0,0,0
train_Ikan_Goreng_Ikan_Goreng_393.jpg,0,1,0,0,0
train_Ikan_Goreng_Ikan_Goreng_394.jpg,0,1,0,0,0
train_Ikan_Goreng_Ikan_Goreng_395.jpg,0,1,0,0,0
train_Ikan_Goreng_Ikan_Goreng_396.jpg,0,1,0,0,0
train_Ikan_Goreng_Ikan_Goreng_397.jpg,0,1,0,0,0
train_Ikan_Goreng_Ikan_Goreng_398.jpg,0,1,0,0,0
train_Ikan_Goreng_Ikan_Goreng_400.jpg,0,1,0,0,0
train_Ikan_Goreng_Ikan_Goreng_401.jpg,0,1,0,0,0
train_Ikan_Goreng_Ikan_Goreng_402.jpg,0,1,0,0,0
train_Ikan_Goreng_Ikan_Goreng_403.jpg,0,1,0,0,0
train_Ikan_Goreng_Ikan_Goreng_404.jpg,0,1,0,0,0
train_Ikan_Goreng_Ikan_Goreng_405.jpg,0,1,0,0,0
train_Ikan_Goreng_Ikan_Goreng_406.jpg,0,1,0,0,0
train_Ikan_Goreng_Ikan_Goreng_408.jpg,0,1,0,0,0
train_Ikan_Goreng_Ikan_Goreng_409.jpg,0,1,0,0,0
train_Ikan_Goreng_Ikan_Goreng_410.jpg,0,1,0,0,0
train_Ikan_Goreng_Ikan_Goreng_411.jpg,0,1,0,0,0
train_Ikan_Goreng_Ikan_Goreng_412.jpg,0,1,0,0,0
train_Ikan_Goreng_Ikan_Goreng_413.jpg,0,1,0,0,0
train_Ikan_Goreng_Ikan_Goreng_415.jpg,0,1,0,0,0
train_Ikan_Goreng_Ikan_Goreng_416.jpg,0,1,0,0,0
train_Ikan_Goreng_Ikan_Goreng_417.jpg,0,1,0,0,0
train_Ikan_Goreng_Ikan_Goreng_418.jpg,0,1,0,0,0
train_Ikan_Goreng_Ikan_Goreng_419.jpg,0,1,0,0,0
train_Ikan_Goreng_Ikan_Goreng_420.jpg,0,1,0,0,0
train_Ikan_Goreng_Ikan_Goreng_421.jpg,0,1,0,0,0
train_Ikan_Goreng_Ikan_Goreng_422.jpg,0,1,0,0,0
train_Ikan_Goreng_Ikan_Goreng_423.jpg,0,1,0,0,0
train_Ikan_Goreng_Ikan_Goreng_424.jpg,0,1,0,0,0
train_Ikan_Goreng_Ikan_Goreng_425.jpg,0,1,0,0,0
train_Ikan_Goreng_Ikan_Goreng_426.jpg,0,1,0,0,0
train_Ikan_Goreng_Ikan_Goreng_427.jpg,0,1,0,0,0
train_Ikan_Goreng_Ikan_Goreng_428.jpg,0,1,0,0,0
train_Ikan_Goreng_Ikan_Goreng_429.jpg,0,1,0,0,0
train_Ikan_Goreng_Ikan_Goreng_430.jpg,0,1,0,0,0
train_Ikan_Goreng_Ikan_Goreng_432.jpg,0,1,0,0,0
train_Ikan_Goreng_Ikan_Goreng_433.jpg,0,1,0,0,0
train_Ikan_Goreng_Ikan_Goreng_434.jpg,0,1,0,0,0
train_Ikan_Goreng_Ikan_Goreng_436.jpg,0,1,0,0,0
train_Ikan_Goreng_Ikan_Goreng_437.jpg,0,1,0,0,0
train_Ikan_Goreng_Ikan_Goreng_438.jpg,0,1,0,0,0
train_Ikan_Goreng_Ikan_Goreng_441.jpg,0,1,0,0,0
train_Ikan_Goreng_Ikan_Goreng_442.jpg,0,1,0,0,0
train_Ikan_Goreng_Ikan_Goreng_444.jpg,0,1,0,0,0
train_Ikan_Goreng_Ikan_Goreng_447.jpg,0,1,0,0,0
train_Ikan_Goreng_Ikan_Goreng_448.jpg,0,1,0,0,0
train_Ikan_Goreng_Ikan_Goreng_450.jpg,0,1,0,0,0
train_Ikan_Goreng_Ikan_Goreng_451.jpg,0,1,0,0,0
train_Ikan_Goreng_Ikan_Goreng_452.jpg,0,1,0,0,0
train_Ikan_Goreng_Ikan_Goreng_454.jpg,0,1,0,0,0
train_Ikan_Goreng_Ikan_Goreng_456.jpg,0,1,0,0,0
train_Ikan_Goreng_Ikan_Goreng_458.jpg,0,1,0,0,0
train_Ikan_Goreng_Ikan_Goreng_460.jpg,0,1,0,0,0
train_Ikan_Goreng_Ikan_Goreng_462.jpg,0,1,0,0,0
train_Ikan_Goreng_Ikan_Goreng_463.jpg,0,1,0,0,0
train_Ikan_Goreng_Ikan_Goreng_464.jpg,0,1,0,0,0
train_Ikan_Goreng_Ikan_Goreng_467.jpg,0,1,0,0,0
train_Ikan_Goreng_Ikan_Goreng_469.jpg,0,1,0,0,0
train_Ikan_Goreng_Ikan_Goreng_470.jpg,0,1,0,0,0
train_Ikan_Goreng_Ikan_Goreng_471.jpg,0,1,0,0,0
train_Ikan_Goreng_Ikan_Goreng_472.jpg,0,1,0,0,0
train_Ikan_Goreng_Ikan_Goreng_474.jpg,0,1,0,0,0
train_Ikan_Goreng_Ikan_Goreng_475.jpg,0,1,0,0,0
train_Ikan_Goreng_Ikan_Goreng_476.jpg,0,1,0,0,0
train_Ikan_Goreng_Ikan_Goreng_477.jpg,0,1,0,0,0
train_Ikan_Goreng_Ikan_Goreng_479.jpg,0,1,0,0,0
train_Ikan_Goreng_Ikan_Goreng_480.jpg,0,1,0,0,0
train_Ikan_Goreng_Ikan_Goreng_481.jpg,0,1,0,0,0
train_Ikan_Goreng_Ikan_Goreng_486.jpg,0,1,0,0,0
train_Ikan_Goreng_Ikan_Goreng_487.jpg,0,1,0,0,0
train_Ikan_Goreng_Ikan_Goreng_488.jpg,0,1,0,0,0
train_Ikan_Goreng_Ikan_Goreng_490.jpg,0,1,0,0,0
train_Ikan_Goreng_Ikan_Goreng_491.jpg,0,1,0,0,0
train_Ikan_Goreng_Ikan_Goreng_494.jpg,0,1,0,0,0
train_Ikan_Goreng_Ikan_Goreng_495.jpg,0,1,0,0,0
train_Ikan_Goreng_Ikan_Goreng_496.jpg,0,1,0,0,0
train_Ikan_Goreng_Ikan_Goreng_497.jpg,0,1,0,0,0
train_Ikan_Goreng_Ikan_Goreng_498.jpg,0,1,0,0,0
train_Ikan_Goreng_Ikan_Goreng_499.jpg,0,1,0,0,0
train_Ikan_Goreng_Ikan_Goreng_500.jpg,0,1,0,0,0
train_Mie_Goreng_Mie_Goreng_001.jpg,1,1,1,0,0
train_Mie_Goreng_Mie_Goreng_002.jpg,1,1,1,0,0
train_Mie_Goreng_Mie_Goreng_003.jpg,1,1,1,0,0
train_Mie_Goreng_Mie_Goreng_004.jpg,1,1,1,0,0
train_Mie_Goreng_Mie_Goreng_005.jpg,1,1,1,0,0
train_Mie_Goreng_Mie_Goreng_006.jpg,1,1,1,0,0
train_Mie_Goreng_Mie_Goreng_007.jpg,1,1,1,0,0
train_Mie_Goreng_Mie_Goreng_008.jpg,1,1,1,0,0
train_Mie_Goreng_Mie_Goreng_009.jpg,1,1,1,0,0
train_Mie_Goreng_Mie_Goreng_010.jpg,1,1,1,0,0
train_Mie_Goreng_Mie_Goreng_011.jpg,1,1,1,0,0
train_Mie_Goreng_Mie_Goreng_012.jpg,1,1,1,0,0
train_Mie_Goreng_Mie_Goreng_013.jpg,1,1,1,0,0
train_Mie_Goreng_Mie_Goreng_014.jpg,1,1,1,0,0
train_Mie_Goreng_Mie_Goreng_015.jpg,1,1,1,0,0
train_Mie_Goreng_Mie_Goreng_020.jpg,1,1,1,0,0
train_Mie_Goreng_Mie_Goreng_021.jpg,1,1,1,0,0
train_Mie_Goreng_Mie_Goreng_022.jpg,1,1,1,0,0
train_Mie_Goreng_Mie_Goreng_023.jpg,1,1,1,0,0
train_Mie_Goreng_Mie_Goreng_024.jpg,1,1,1,0,0
train_Mie_Goreng_Mie_Goreng_025.jpg,1,1,1,0,0
train_Mie_Goreng_Mie_Goreng_026.jpg,1,1,1,0,0
train_Mie_Goreng_Mie_Goreng_028.jpg,1,1,1,0,0
train_Mie_Goreng_Mie_Goreng_029.jpg,1,1,1,0,0
train_Mie_Goreng_Mie_Goreng_030.jpg,1,1,1,0,0
train_Mie_Goreng_Mie_Goreng_031.jpg,1,1,1,0,0
train_Mie_Goreng_Mie_Goreng_032.jpg,1,1,1,0,0
train_Mie_Goreng_Mie_Goreng_033.jpg,1,1,1,0,0
train_Mie_Goreng_Mie_Goreng_035.jpg,1,1,1,0,0
train_Mie_Goreng_Mie_Goreng_036.jpg,1,1,1,0,0
train_Mie_Goreng_Mie_Goreng_038.jpg,1,1,1,0,0
train_Mie_Goreng_Mie_Goreng_040.jpg,1,1,1,0,0
train_Mie_Goreng_Mie_Goreng_041.jpg,1,1,1,0,0
train_Mie_Goreng_Mie_Goreng_042.jpg,1,1,1,0,0
train_Mie_Goreng_Mie_Goreng_043.jpg,1,1,1,0,0
train_Mie_Goreng_Mie_Goreng_045.jpg,1,1,1,0,0
train_Mie_Goreng_Mie_Goreng_046.jpg,1,1,1,0,0
train_Mie_Goreng_Mie_Goreng_047.jpg,1,1,1,0,0
train_Mie_Goreng_Mie_Goreng_048.jpg,1,1,1,0,0
train_Mie_Goreng_Mie_Goreng_049.jpg,1,1,1,0,0
train_Mie_Goreng_Mie_Goreng_050.jpg,1,1,1,0,0
train_Mie_Goreng_Mie_Goreng_051.jpg,1,1,1,0,0
train_Mie_Goreng_Mie_Goreng_052.jpg,1,1,1,0,0
train_Mie_Goreng_Mie_Goreng_053.jpg,1,1,1,0,0
train_Mie_Goreng_Mie_Goreng_054.jpg,1,1,1,0,0
train_Mie_Goreng_Mie_Goreng_055.jpg,1,1,1,0,0
train_Mie_Goreng_Mie_Goreng_056.jpg,1,1,1,0,0
train_Mie_Goreng_Mie_Goreng_057.jpg,1,1,1,0,0
train_Mie_Goreng_Mie_Goreng_059.jpg,1,1,1,0,0
train_Mie_Goreng_Mie_Goreng_060.jpg,1,1,1,0,0
train_Mie_Goreng_Mie_Goreng_061.jpg,1,1,1,0,0
train_Mie_Goreng_Mie_Goreng_062.jpg,1,1,1,0,0
train_Mie_Goreng_Mie_Goreng_063.jpg,1,1,1,0,0
train_Mie_Goreng_Mie_Goreng_064.jpg,1,1,1,0,0
train_Mie_Goreng_Mie_Goreng_065.jpg,1,1,1,0,0
train_Mie_Goreng_Mie_Goreng_067.jpg,1,1,1,0,0
train_Mie_Goreng_Mie_Goreng_070.jpg,1,1,1,0,0
train_Mie_Goreng_Mie_Goreng_074.jpg,1,1,1,0,0
train_Mie_Goreng_Mie_Goreng_077.jpg,1,1,1,0,0
train_Mie_Goreng_Mie_Goreng_078.jpg,1,1,1,0,0
train_Mie_Goreng_Mie_Goreng_079.jpg,1,1,1,0,0
train_Mie_Goreng_Mie_Goreng_080.jpg,1,1,1,0,0
train_Mie_Goreng_Mie_Goreng_081.jpg,1,1,1,0,0
train_Mie_Goreng_Mie_Goreng_082.jpg,1,1,1,0,0
train_Mie_Goreng_Mie_Goreng_083.jpg,1,1,1,0,0
train_Mie_Goreng_Mie_Goreng_084.jpg,1,1,1,0,0
train_Mie_Goreng_Mie_Goreng_085.jpg,1,1,1,0,0
train_Mie_Goreng_Mie_Goreng_086.jpg,1,1,1,0,0
train_Mie_Goreng_Mie_Goreng_087.jpg,1,1,1,0,0
train_Mie_Goreng_Mie_Goreng_088.jpg,1,1,1,0,0
train_Mie_Goreng_Mie_Goreng_090.jpg,1,1,1,0,0
train_Mie_Goreng_Mie_Goreng_092.jpg,1,1,1,0,0
train_Mie_Goreng_Mie_Goreng_093.jpg,1,1,1,0,0
train_Mie_Goreng_Mie_Goreng_094.jpg,1,1,1,0,0
train_Mie_Goreng_Mie_Goreng_095.jpg,1,1,1,0,0
train_Mie_Goreng_Mie_Goreng_096.jpg,1,1,1,0,0
train_Mie_Goreng_Mie_Goreng_097.jpg,1,1,1,0,0
train_Mie_Goreng_Mie_Goreng_098.jpg,1,1,1,0,0
train_Mie_Goreng_Mie_Goreng_099.jpg,1,1,1,0,0
train_Mie_Goreng_Mie_Goreng_100.jpg,1,1,1,0,0
train_Mie_Goreng_Mie_Goreng_101.jpg,1,1,1,0,0
train_Mie_Goreng_Mie_Goreng_102.jpg,1,1,1,0,0
train_Mie_Goreng_Mie_Goreng_103.jpg,1,1,1,0,0
train_Mie_Goreng_Mie_Goreng_104.jpg,1,1,1,0,0
train_Mie_Goreng_Mie_Goreng_105.jpg,1,1,1,0,0
train_Mie_Goreng_Mie_Goreng_107.jpg,1,1,1,0,0
train_Mie_Goreng_Mie_Goreng_109.jpg,1,1,1,0,0
train_Mie_Goreng_Mie_Goreng_110.jpg,1,1,1,0,0
train_Mie_Goreng_Mie_Goreng_111.jpg,1,1,1,0,0
train_Mie_Goreng_Mie_Goreng_112.jpg,1,1,1,0,0
train_Mie_Goreng_Mie_Goreng_113.jpg,1,1,1,0,0
train_Mie_Goreng_Mie_Goreng_114.jpg,1,1,1,0,0
train_Mie_Goreng_Mie_Goreng_117.jpg,1,1,1,0,0
train_Mie_Goreng_Mie_Goreng_118.jpg,1,1,1,0,0
train_Mie_Goreng_Mie_Goreng_119.jpg,1,1,1,0,0
train_Mie_Goreng_Mie_Goreng_120.jpg,1,1,1,0,0
train_Mie_Goreng_Mie_Goreng_121.jpg,1,1,1,0,0
train_Mie_Goreng_Mie_Goreng_122.jpg,1,1,1,0,0
train_Mie_Goreng_Mie_Goreng_123.jpg,1,1,1,0,0
train_Mie_Goreng_Mie_Goreng_124.jpg,1,1,1,0,0
train_Mie_Goreng_Mie_Goreng_125.jpg,1,1,1,0,0
train_Mie_Goreng_Mie_Goreng_127.jpg,1,1,1,0,0
train_Mie_Goreng_Mie_Goreng_128.jpg,1,1,1,0,0
train_Mie_Goreng_Mie_Goreng_129.jpg,1,1,1,0,0
train_Mie_Goreng_Mie_Goreng_131.jpg,1,1,1,0,0
train_Mie_Goreng_Mie_Goreng_132.jpg,1,1,1,0,0
train_Mie_Goreng_Mie_Goreng_133.jpg,1,1,1,0,0
train_Mie_Goreng_Mie_Goreng_134.jpg,1,1,1,0,0
train_Mie_Goreng_Mie_Goreng_135.jpg,1,1,1,0,0
train_Mie_Goreng_Mie_Goreng_136.jpg,1,1,1,0,0
train_Mie_Goreng_Mie_Goreng_137.jpg,1,1,1,0,0
train_Mie_Goreng_Mie_Goreng_138.jpg,1,1,1,0,0
train_Mie_Goreng_Mie_Goreng_139.jpg,1,1,1,0,0
train_Mie_Goreng_Mie_Goreng_141.jpg,1,1,1,0,0
train_Mie_Goreng_Mie_Goreng_142.jpg,1,1,1,0,0
train_Mie_Goreng_Mie_Goreng_143.jpg,1,1,1,0,0
train_Mie_Goreng_Mie_Goreng_145.jpg,1,1,1,0,0
train_Mie_Goreng_Mie_Goreng_146.jpg,1,1,1,0,0
train_Mie_Goreng_Mie_Goreng_147.jpg,1,1,1,0,0
train_Mie_Goreng_Mie_Goreng_149.jpg,1,1,1,0,0
train_Mie_Goreng_Mie_Goreng_151.jpg,1,1,1,0,0
train_Mie_Goreng_Mie_Goreng_153.jpg,1,1,1,0,0
train_Mie_Goreng_Mie_Goreng_154.jpg,1,1,1,0,0
train_Mie_Goreng_Mie_Goreng_155.jpg,1,1,1,0,0
train_Mie_Goreng_Mie_Goreng_156.jpg,1,1,1,0,0
train_Mie_Goreng_Mie_Goreng_158.jpg,1,1,1,0,0
train_Mie_Goreng_Mie_Goreng_160.jpg,1,1,1,0,0
train_Mie_Goreng_Mie_Goreng_161.jpg,1,1,1,0,0
train_Mie_Goreng_Mie_Goreng_162.jpg,1,1,1,0,0
train_Mie_Goreng_Mie_Goreng_163.jpg,1,1,1,0,0
train_Mie_Goreng_Mie_Goreng_164.jpg,1,1,1,0,0
train_Mie_Goreng_Mie_Goreng_165.jpg,1,1,1,0,0
train_Mie_Goreng_Mie_Goreng_166.jpg,1,1,1,0,0
train_Mie_Goreng_Mie_Goreng_168.jpg,1,1,1,0,0
train_Mie_Goreng_Mie_Goreng_169.jpg,1,1,1,0,0
train_Mie_Goreng_Mie_Goreng_171.jpg,1,1,1,0,0
train_Mie_Goreng_Mie_Goreng_173.jpg,1,1,1,0,0
train_Mie_Goreng_Mie_Goreng_175.jpg,1,1,1,0,0
train_Mie_Goreng_Mie_Goreng_176.jpg,1,1,1,0,0
train_Mie_Goreng_Mie_Goreng_178.jpg,1,1,1,0,0
train_Mie_Goreng_Mie_Goreng_179.jpg,1,1,1,0,0
train_Mie_Goreng_Mie_Goreng_180.jpg,1,1,1,0,0
train_Mie_Goreng_Mie_Goreng_181.jpg,1,1,1,0,0
train_Mie_Goreng_Mie_Goreng_182.jpg,1,1,1,0,0
train_Mie_Goreng_Mie_Goreng_183.jpg,1,1,1,0,0
train_Mie_Goreng_Mie_Goreng_186.jpg,1,1,1,0,0
train_Mie_Goreng_Mie_Goreng_187.jpg,1,1,1,0,0
train_Mie_Goreng_Mie_Goreng_188.jpg,1,1,1,0,0
train_Mie_Goreng_Mie_Goreng_189.jpg,1,1,1,0,0
train_Mie_Goreng_Mie_Goreng_190.jpg,1,1,1,0,0
train_Mie_Goreng_Mie_Goreng_191.jpg,1,1,1,0,0
train_Mie_Goreng_Mie_Goreng_192.jpg,1,1,1,0,0
train_Mie_Goreng_Mie_Goreng_193.jpg,1,1,1,0,0
train_Mie_Goreng_Mie_Goreng_194.jpg,1,1,1,0,0
train_Mie_Goreng_Mie_Goreng_195.jpg,1,1,1,0,0
train_Mie_Goreng_Mie_Goreng_196.jpg,1,1,1,0,0
train_Mie_Goreng_Mie_Goreng_198.jpg,1,1,1,0,0
train_Mie_Goreng_Mie_Goreng_199.jpg,1,1,1,0,0
train_Mie_Goreng_Mie_Goreng_200.jpg,1,1,1,0,0
train_Mie_Goreng_Mie_Goreng_202.jpg,1,1,1,0,0
train_Mie_Goreng_Mie_Goreng_203.jpg,1,1,1,0,0
train_Mie_Goreng_Mie_Goreng_204.jpg,1,1,1,0,0
train_Mie_Goreng_Mie_Goreng_205.jpg,1,1,1,0,0
train_Mie_Goreng_Mie_Goreng_206.jpg,1,1,1,0,0
train_Mie_Goreng_Mie_Goreng_207.jpg,1,1,1,0,0
train_Mie_Goreng_Mie_Goreng_208.jpg,1,1,1,0,0
train_Mie_Goreng_Mie_Goreng_209.jpg,1,1,1,0,0
train_Mie_Goreng_Mie_Goreng_210.jpg,1,1,1,0,0
train_Mie_Goreng_Mie_Goreng_211.jpg,1,1,1,0,0
train_Mie_Goreng_Mie_Goreng_212.jpg,1,1,1,0,0
train_Mie_Goreng_Mie_Goreng_214.jpg,1,1,1,0,0
train_Mie_Goreng_Mie_Goreng_215.jpg,1,1,1,0,0
train_Mie_Goreng_Mie_Goreng_216.jpg,1,1,1,0,0
train_Mie_Goreng_Mie_Goreng_217.jpg,1,1,1,0,0
train_Mie_Goreng_Mie_Goreng_218.jpg,1,1,1,0,0
train_Mie_Goreng_Mie_Goreng_219.jpg,1,1,1,0,0
train_Mie_Goreng_Mie_Goreng_221.jpg,1,1,1,0,0
train_Mie_Goreng_Mie_Goreng_223.jpg,1,1,1,0,0
train_Mie_Goreng_Mie_Goreng_224.jpg,1,1,1,0,0
train_Mie_Goreng_Mie_Goreng_225.jpg,1,1,1,0,0
train_Mie_Goreng_Mie_Goreng_226.jpg,1,1,1,0,0
train_Mie_Goreng_Mie_Goreng_229.jpg,1,1,1,0,0
train_Mie_Goreng_Mie_Goreng_230.jpg,1,1,1,0,0
train_Mie_Goreng_Mie_Goreng_231.jpg,1,1,1,0,0
train_Mie_Goreng_Mie_Goreng_232.jpg,1,1,1,0,0
train_Mie_Goreng_Mie_Goreng_233.jpg,1,1,1,0,0
train_Mie_Goreng_Mie_Goreng_234.jpg,1,1,1,0,0
train_Mie_Goreng_Mie_Goreng_235.jpg,1,1,1,0,0
train_Mie_Goreng_Mie_Goreng_237.jpg,1,1,1,0,0
train_Mie_Goreng_Mie_Goreng_238.jpg,1,1,1,0,0
train_Mie_Goreng_Mie_Goreng_239.jpg,1,1,1,0,0
train_Mie_Goreng_Mie_Goreng_240.jpg,1,1,1,0,0
train_Mie_Goreng_Mie_Goreng_241.jpg,1,1,1,0,0
train_Mie_Goreng_Mie_Goreng_242.jpg,1,1,1,0,0
train_Mie_Goreng_Mie_Goreng_243.jpg,1,1,1,0,0
train_Mie_Goreng_Mie_Goreng_245.jpg,1,1,1,0,0
train_Mie_Goreng_Mie_Goreng_246.jpg,1,1,1,0,0
train_Mie_Goreng_Mie_Goreng_247.jpg,1,1,1,0,0
train_Mie_Goreng_Mie_Goreng_249.jpg,1,1,1,0,0
train_Mie_Goreng_Mie_Goreng_250.jpg,1,1,1,0,0
train_Mie_Goreng_Mie_Goreng_251.jpg,1,1,1,0,0
train_Mie_Goreng_Mie_Goreng_252.jpg,1,1,1,0,0
train_Mie_Goreng_Mie_Goreng_253.jpg,1,1,1,0,0
train_Mie_Goreng_Mie_Goreng_254.jpg,1,1,1,0,0
train_Mie_Goreng_Mie_Goreng_255.jpg,1,1,1,0,0
train_Mie_Goreng_Mie_Goreng_256.jpg,1,1,1,0,0
train_Mie_Goreng_Mie_Goreng_258.jpg,1,1,1,0,0
train_Mie_Goreng_Mie_Goreng_259.jpg,1,1,1,0,0
train_Mie_Goreng_Mie_Goreng_260.jpg,1,1,1,0,0
train_Mie_Goreng_Mie_Goreng_261.jpg,1,1,1,0,0
train_Mie_Goreng_Mie_Goreng_263.jpg,1,1,1,0,0
train_Mie_Goreng_Mie_Goreng_265.jpg,1,1,1,0,0
train_Mie_Goreng_Mie_Goreng_266.jpg,1,1,1,0,0
train_Mie_Goreng_Mie_Goreng_267.jpg,1,1,1,0,0
train_Mie_Goreng_Mie_Goreng_268.jpg,1,1,1,0,0
train_Mie_Goreng_Mie_Goreng_269.jpg,1,1,1,0,0
train_Mie_Goreng_Mie_Goreng_271.jpg,1,1,1,0,0
train_Mie_Goreng_Mie_Goreng_272.jpg,1,1,1,0,0
train_Mie_Goreng_Mie_Goreng_273.jpg,1,1,1,0,0
train_Mie_Goreng_Mie_Goreng_274.jpg,1,1,1,0,0
train_Mie_Goreng_Mie_Goreng_276.jpg,1,1,1,0,0
train_Mie_Goreng_Mie_Goreng_278.jpg,1,1,1,0,0
train_Mie_Goreng_Mie_Goreng_279.jpg,1,1,1,0,0
train_Mie_Goreng_Mie_Goreng_282.jpg,1,1,1,0,0
train_Mie_Goreng_Mie_Goreng_283.jpg,1,1,1,0,0
train_Mie_Goreng_Mie_Goreng_284.jpg,1,1,1,0,0
train_Mie_Goreng_Mie_Goreng_285.jpg,1,1,1,0,0
train_Mie_Goreng_Mie_Goreng_286.jpg,1,1,1,0,0
train_Mie_Goreng_Mie_Goreng_287.jpg,1,1,1,0,0
train_Mie_Goreng_Mie_Goreng_288.jpg,1,1,1,0,0
train_Mie_Goreng_Mie_Goreng_289.jpg,1,1,1,0,0
train_Mie_Goreng_Mie_Goreng_290.jpg,1,1,1,0,0
train_Mie_Goreng_Mie_Goreng_291.jpg,1,1,1,0,0
train_Mie_Goreng_Mie_Goreng_292.jpg,1,1,1,0,0
train_Mie_Goreng_Mie_Goreng_293.jpg,1,1,1,0,0
train_Mie_Goreng_Mie_Goreng_295.jpg,1,1,1,0,0
train_Mie_Goreng_Mie_Goreng_296.jpg,1,1,1,0,0
train_Mie_Goreng_Mie_Goreng_297.jpg,1,1,1,0,0
train_Mie_Goreng_Mie_Goreng_299.jpg,1,1,1,0,0
train_Mie_Goreng_Mie_Goreng_300.jpg,1,1,1,0,0
train_Mie_Goreng_Mie_Goreng_301.jpg,1,1,1,0,0
train_Mie_Goreng_Mie_Goreng_303.jpg,1,1,1,0,0
train_Mie_Goreng_Mie_Goreng_305.jpg,1,1,1,0,0
train_Mie_Goreng_Mie_Goreng_306.jpg,1,1,1,0,0
train_Mie_Goreng_Mie_Goreng_307.jpg,1,1,1,0,0
train_Mie_Goreng_Mie_Goreng_308.jpg,1,1,1,0,0
train_Mie_Goreng_Mie_Goreng_309.jpg,1,1,1,0,0
train_Mie_Goreng_Mie_Goreng_310.jpg,1,1,1,0,0
train_Mie_Goreng_Mie_Goreng_311.jpg,1,1,1,0,0
train_Mie_Goreng_Mie_Goreng_312.jpg,1,1,1,0,0
train_Mie_Goreng_Mie_Goreng_313.jpg,1,1,1,0,0
train_Mie_Goreng_Mie_Goreng_315.jpg,1,1,1,0,0
train_Mie_Goreng_Mie_Goreng_316.jpg,1,1,1,0,0
train_Mie_Goreng_Mie_Goreng_318.jpg,1,1,1,0,0
train_Mie_Goreng_Mie_Goreng_319.jpg,1,1,1,0,0
train_Mie_Goreng_Mie_Goreng_320.jpg,1,1,1,0,0
train_Mie_Goreng_Mie_Goreng_321.jpg,1,1,1,0,0
train_Mie_Goreng_Mie_Goreng_322.jpg,1,1,1,0,0
train_Mie_Goreng_Mie_Goreng_323.jpg,1,1,1,0,0
train_Mie_Goreng_Mie_Goreng_326.jpg,1,1,1,0,0
train_Mie_Goreng_Mie_Goreng_327.jpg,1,1,1,0,0
train_Mie_Goreng_Mie_Goreng_328.jpg,1,1,1,0,0
train_Mie_Goreng_Mie_Goreng_329.jpg,1,1,1,0,0
train_Mie_Goreng_Mie_Goreng_330.jpg,1,1,1,0,0
train_Mie_Goreng_Mie_Goreng_332.jpg,1,1,1,0,0
train_Mie_Goreng_Mie_Goreng_333.jpg,1,1,1,0,0
train_Mie_Goreng_Mie_Goreng_335.jpg,1,1,1,0,0
train_Mie_Goreng_Mie_Goreng_336.jpg,1,1,1,0,0
train_Mie_Goreng_Mie_Goreng_337.jpg,1,1,1,0,0
train_Mie_Goreng_Mie_Goreng_338.jpg,1,1,1,0,0
train_Mie_Goreng_Mie_Goreng_339.jpg,1,1,1,0,0
train_Mie_Goreng_Mie_Goreng_340.jpg,1,1,1,0,0
train_Mie_Goreng_Mie_Goreng_342.jpg,1,1,1,0,0
train_Mie_Goreng_Mie_Goreng_343.jpg,1,1,1,0,0
train_Mie_Goreng_Mie_Goreng_345.jpg,1,1,1,0,0
train_Mie_Goreng_Mie_Goreng_346.jpg,1,1,1,0,0
train_Mie_Goreng_Mie_Goreng_347.jpg,1,1,1,0,0
train_Mie_Goreng_Mie_Goreng_349.jpg,1,1,1,0,0
train_Mie_Goreng_Mie_Goreng_350.jpg,1,1,1,0,0
train_Mie_Goreng_Mie_Goreng_352.jpg,1,1,1,0,0
train_Mie_Goreng_Mie_Goreng_353.jpg,1,1,1,0,0
train_Mie_Goreng_Mie_Goreng_355.jpg,1,1,1,0,0
train_Mie_Goreng_Mie_Goreng_356.jpg,1,1,1,0,0
train_Mie_Goreng_Mie_Goreng_357.jpg,1,1,1,0,0
train_Mie_Goreng_Mie_Goreng_358.jpg,1,1,1,0,0
train_Mie_Goreng_Mie_Goreng_359.jpg,1,1,1,0,0
train_Mie_Goreng_Mie_Goreng_360.jpg,1,1,1,0,0
train_Mie_Goreng_Mie_Goreng_363.jpg,1,1,1,0,0
train_Mie_Goreng_Mie_Goreng_364.jpg,1,1,1,0,0
train_Mie_Goreng_Mie_Goreng_365.jpg,1,1,1,0,0
train_Mie_Goreng_Mie_Goreng_366.jpg,1,1,1,0,0
train_Mie_Goreng_Mie_Goreng_369.jpg,1,1,1,0,0
train_Mie_Goreng_Mie_Goreng_370.jpg,1,1,1,0,0
train_Mie_Goreng_Mie_Goreng_372.jpg,1,1,1,0,0
train_Mie_Goreng_Mie_Goreng_373.jpg,1,1,1,0,0
train_Mie_Goreng_Mie_Goreng_374.jpg,1,1,1,0,0
train_Mie_Goreng_Mie_Goreng_375.jpg,1,1,1,0,0
train_Mie_Goreng_Mie_Goreng_376.jpg,1,1,1,0,0
train_Mie_Goreng_Mie_Goreng_377.jpg,1,1,1,0,0
train_Mie_Goreng_Mie_Goreng_378.jpg,1,1,1,0,0
train_Mie_Goreng_Mie_Goreng_379.jpg,1,1,1,0,0
train_Mie_Goreng_Mie_Goreng_380.jpg,1,1,1,0,0
train_Mie_Goreng_Mie_Goreng_381.jpg,1,1,1,0,0
train_Mie_Goreng_Mie_Goreng_382.jpg,1,1,1,0,0
train_Mie_Goreng_Mie_Goreng_383.jpg,1,1,1,0,0
train_Mie_Goreng_Mie_Goreng_384.jpg,1,1,1,0,0
train_Mie_Goreng_Mie_Goreng_385.jpg,1,1,1,0,0
train_Mie_Goreng_Mie_Goreng_386.jpg,1,1,1,0,0
train_Mie_Goreng_Mie_Goreng_387.jpg,1,1,1,0,0
train_Mie_Goreng_Mie_Goreng_388.jpg,1,1,1,0,0
train_Mie_Goreng_Mie_Goreng_389.jpg,1,1,1,0,0
train_Mie_Goreng_Mie_Goreng_390.jpg,1,1,1,0,0
train_Mie_Goreng_Mie_Goreng_391.jpg,1,1,1,0,0
train_Mie_Goreng_Mie_Goreng_392.jpg,1,1,1,0,0
train_Mie_Goreng_Mie_Goreng_393.jpg,1,1,1,0,0
train_Mie_Goreng_Mie_Goreng_394.jpg,1,1,1,0,0
train_Mie_Goreng_Mie_Goreng_395.jpg,1,1,1,0,0
train_Mie_Goreng_Mie_Goreng_396.jpg,1,1,1,0,0
train_Mie_Goreng_Mie_Goreng_397.jpg,1,1,1,0,0
train_Mie_Goreng_Mie_Goreng_398.jpg,1,1,1,0,0
train_Mie_Goreng_Mie_Goreng_399.jpg,1,1,1,0,0
train_Mie_Goreng_Mie_Goreng_402.jpg,1,1,1,0,0
train_Mie_Goreng_Mie_Goreng_403.jpg,1,1,1,0,0
train_Mie_Goreng_Mie_Goreng_404.jpg,1,1,1,0,0
train_Mie_Goreng_Mie_Goreng_405.jpg,1,1,1,0,0
train_Mie_Goreng_Mie_Goreng_406.jpg,1,1,1,0,0
train_Mie_Goreng_Mie_Goreng_407.jpg,1,1,1,0,0
train_Mie_Goreng_Mie_Goreng_408.jpg,1,1,1,0,0
train_Mie_Goreng_Mie_Goreng_409.jpg,1,1,1,0,0
train_Mie_Goreng_Mie_Goreng_410.jpg,1,1,1,0,0
train_Mie_Goreng_Mie_Goreng_411.jpg,1,1,1,0,0
train_Mie_Goreng_Mie_Goreng_412.jpg,1,1,1,0,0
train_Mie_Goreng_Mie_Goreng_413.jpg,1,1,1,0,0
train_Mie_Goreng_Mie_Goreng_414.jpg,1,1,1,0,0
train_Mie_Goreng_Mie_Goreng_415.jpg,1,1,1,0,0
train_Mie_Goreng_Mie_Goreng_416.jpg,1,1,1,0,0
train_Mie_Goreng_Mie_Goreng_420.jpg,1,1,1,0,0
train_Mie_Goreng_Mie_Goreng_422.jpg,1,1,1,0,0
train_Mie_Goreng_Mie_Goreng_423.jpg,1,1,1,0,0
train_Mie_Goreng_Mie_Goreng_425.jpg,1,1,1,0,0
train_Mie_Goreng_Mie_Goreng_426.jpg,1,1,1,0,0
train_Mie_Goreng_Mie_Goreng_427.jpg,1,1,1,0,0
train_Mie_Goreng_Mie_Goreng_428.jpg,1,1,1,0,0
train_Mie_Goreng_Mie_Goreng_430.jpg,1,1,1,0,0
train_Mie_Goreng_Mie_Goreng_433.jpg,1,1,1,0,0
train_Mie_Goreng_Mie_Goreng_434.jpg,1,1,1,0,0
train_Mie_Goreng_Mie_Goreng_435.jpg,1,1,1,0,0
train_Mie_Goreng_Mie_Goreng_436.jpg,1,1,1,0,0
train_Mie_Goreng_Mie_Goreng_437.jpg,1,1,1,0,0
train_Mie_Goreng_Mie_Goreng_438.jpg,1,1,1,0,0
train_Mie_Goreng_Mie_Goreng_439.jpg,1,1,1,0,0
train_Mie_Goreng_Mie_Goreng_440.jpg,1,1,1,0,0
train_Mie_Goreng_Mie_Goreng_441.jpg,1,1,1,0,0
train_Mie_Goreng_Mie_Goreng_442.jpg,1,1,1,0,0
train_Mie_Goreng_Mie_Goreng_443.jpg,1,1,1,0,0
train_Mie_Goreng_Mie_Goreng_444.jpg,1,1,1,0,0
train_Mie_Goreng_Mie_Goreng_445.jpg,1,1,1,0,0
train_Mie_Goreng_Mie_Goreng_447.jpg,1,1,1,0,0
train_Mie_Goreng_Mie_Goreng_448.jpg,1,1,1,0,0
train_Mie_Goreng_Mie_Goreng_450.jpg,1,1,1,0,0
train_Mie_Goreng_Mie_Goreng_451.jpg,1,1,1,0,0
train_Mie_Goreng_Mie_Goreng_452.jpg,1,1,1,0,0
train_Mie_Goreng_Mie_Goreng_453.jpg,1,1,1,0,0
train_Mie_Goreng_Mie_Goreng_454.jpg,1,1,1,0,0
train_Mie_Goreng_Mie_Goreng_455.jpg,1,1,1,0,0
train_Mie_Goreng_Mie_Goreng_456.jpg,1,1,1,0,0
train_Mie_Goreng_Mie_Goreng_457.jpg,1,1,1,0,0
train_Mie_Goreng_Mie_Goreng_459.jpg,1,1,1,0,0
train_Mie_Goreng_Mie_Goreng_461.jpg,1,1,1,0,0
train_Mie_Goreng_Mie_Goreng_462.jpg,1,1,1,0,0
train_Mie_Goreng_Mie_Goreng_464.jpg,1,1,1,0,0
train_Mie_Goreng_Mie_Goreng_465.jpg,1,1,1,0,0
train_Mie_Goreng_Mie_Goreng_466.jpg,1,1,1,0,0
train_Mie_Goreng_Mie_Goreng_467.jpg,1,1,1,0,0
train_Mie_Goreng_Mie_Goreng_468.jpg,1,1,1,0,0
train_Mie_Goreng_Mie_Goreng_469.jpg,1,1,1,0,0
train_Mie_Goreng_Mie_Goreng_470.jpg,1,1,1,0,0
train_Mie_Goreng_Mie_Goreng_471.jpg,1,1,1,0,0
train_Mie_Goreng_Mie_Goreng_472.jpg,1,1,1,0,0
train_Mie_Goreng_Mie_Goreng_473.jpg,1,1,1,0,0
train_Mie_Goreng_Mie_Goreng_476.jpg,1,1,1,0,0
train_Mie_Goreng_Mie_Goreng_477.jpg,1,1,1,0,0
train_Mie_Goreng_Mie_Goreng_478.jpg,1,1,1,0,0
train_Mie_Goreng_Mie_Goreng_481.jpg,1,1,1,0,0
train_Mie_Goreng_Mie_Goreng_482.jpg,1,1,1,0,0
train_Mie_Goreng_Mie_Goreng_484.jpg,1,1,1,0,0
train_Mie_Goreng_Mie_Goreng_485.jpg,1,1,1,0,0
train_Mie_Goreng_Mie_Goreng_486.jpg,1,1,1,0,0
train_Mie_Goreng_Mie_Goreng_487.jpg,1,1,1,0,0
train_Mie_Goreng_Mie_Goreng_488.jpg,1,1,1,0,0
train_Mie_Goreng_Mie_Goreng_489.jpg,1,1,1,0,0
train_Mie_Goreng_Mie_Goreng_492.jpg,1,1,1,0,0
train_Mie_Goreng_Mie_Goreng_494.jpg,1,1,1,0,0
train_Mie_Goreng_Mie_Goreng_495.jpg,1,1,1,0,0
train_Mie_Goreng_Mie_Goreng_496.jpg,1,1,1,0,0
train_Mie_Goreng_Mie_Goreng_497.jpg,1,1,1,0,0
train_Mie_Goreng_Mie_Goreng_498.jpg,1,1,1,0,0
train_Mie_Goreng_Mie_Goreng_499.jpg,1,1,1,0,0
train_Mie_Goreng_Mie_Goreng_500.jpg,1,1,1,0,0
train_Nasi_Goreng_Nasi_Goreng_002.jpg,1,1,0,0,0
train_Nasi_Goreng_Nasi_Goreng_003.jpg,1,1,0,0,0
train_Nasi_Goreng_Nasi_Goreng_004.jpg,1,1,0,0,0
train_Nasi_Goreng_Nasi_Goreng_005.jpg,1,1,0,0,0
train_Nasi_Goreng_Nasi_Goreng_006.jpg,1,1,0,0,0
train_Nasi_Goreng_Nasi_Goreng_007.jpg,1,1,0,0,0
train_Nasi_Goreng_Nasi_Goreng_008.jpg,1,1,0,0,0
train_Nasi_Goreng_Nasi_Goreng_009.jpg,1,1,0,0,0
train_Nasi_Goreng_Nasi_Goreng_010.jpg,1,1,0,0,0
train_Nasi_Goreng_Nasi_Goreng_012.jpg,1,1,0,0,0
train_Nasi_Goreng_Nasi_Goreng_013.jpg,1,1,0,0,0
train_Nasi_Goreng_Nasi_Goreng_015.jpg,1,1,0,0,0
train_Nasi_Goreng_Nasi_Goreng_016.jpg,1,1,0,0,0
train_Nasi_Goreng_Nasi_Goreng_018.jpg,1,1,0,0,0
train_Nasi_Goreng_Nasi_Goreng_019.jpg,1,1,0,0,0
train_Nasi_Goreng_Nasi_Goreng_020.jpg,1,1,0,0,0
train_Nasi_Goreng_Nasi_Goreng_021.jpg,1,1,0,0,0
train_Nasi_Goreng_Nasi_Goreng_022.jpg,1,1,0,0,0
train_Nasi_Goreng_Nasi_Goreng_023.jpg,1,1,0,0,0
train_Nasi_Goreng_Nasi_Goreng_024.jpg,1,1,0,0,0
train_Nasi_Goreng_Nasi_Goreng_025.jpg,1,1,0,0,0
train_Nasi_Goreng_Nasi_Goreng_026.jpg,1,1,0,0,0
train_Nasi_Goreng_Nasi_Goreng_027.jpg,1,1,0,0,0
train_Nasi_Goreng_Nasi_Goreng_028.jpg,1,1,0,0,0
train_Nasi_Goreng_Nasi_Goreng_029.jpg,1,1,0,0,0
train_Nasi_Goreng_Nasi_Goreng_031.jpg,1,1,0,0,0
train_Nasi_Goreng_Nasi_Goreng_033.jpg,1,1,0,0,0
train_Nasi_Goreng_Nasi_Goreng_035.jpg,1,1,0,0,0
train_Nasi_Goreng_Nasi_Goreng_036.jpg,1,1,0,0,0
train_Nasi_Goreng_Nasi_Goreng_038.jpg,1,1,0,0,0
train_Nasi_Goreng_Nasi_Goreng_039.jpg,1,1,0,0,0
train_Nasi_Goreng_Nasi_Goreng_040.jpg,1,1,0,0,0
train_Nasi_Goreng_Nasi_Goreng_041.jpg,1,1,0,0,0
train_Nasi_Goreng_Nasi_Goreng_042.jpg,1,1,0,0,0
train_Nasi_Goreng_Nasi_Goreng_044.jpg,1,1,0,0,0
train_Nasi_Goreng_Nasi_Goreng_046.jpg,1,1,0,0,0
train_Nasi_Goreng_Nasi_Goreng_047.jpg,1,1,0,0,0
train_Nasi_Goreng_Nasi_Goreng_049.jpg,1,1,0,0,0
train_Nasi_Goreng_Nasi_Goreng_050.jpg,1,1,0,0,0
train_Nasi_Goreng_Nasi_Goreng_051.jpg,1,1,0,0,0
train_Nasi_Goreng_Nasi_Goreng_052.jpg,1,1,0,0,0
train_Nasi_Goreng_Nasi_Goreng_054.jpg,1,1,0,0,0
train_Nasi_Goreng_Nasi_Goreng_055.jpg,1,1,0,0,0
train_Nasi_Goreng_Nasi_Goreng_056.jpg,1,1,0,0,0
train_Nasi_Goreng_Nasi_Goreng_057.jpg,1,1,0,0,0
train_Nasi_Goreng_Nasi_Goreng_058.jpg,1,1,0,0,0
train_Nasi_Goreng_Nasi_Goreng_059.jpg,1,1,0,0,0
train_Nasi_Goreng_Nasi_Goreng_060.jpg,1,1,0,0,0
train_Nasi_Goreng_Nasi_Goreng_061.jpg,1,1,0,0,0
train_Nasi_Goreng_Nasi_Goreng_065.jpg,1,1,0,0,0
train_Nasi_Goreng_Nasi_Goreng_066.jpg,1,1,0,0,0
train_Nasi_Goreng_Nasi_Goreng_068.jpg,1,1,0,0,0
train_Nasi_Goreng_Nasi_Goreng_069.jpg,1,1,0,0,0
train_Nasi_Goreng_Nasi_Goreng_070.jpg,1,1,0,0,0
train_Nasi_Goreng_Nasi_Goreng_071.jpg,1,1,0,0,0
train_Nasi_Goreng_Nasi_Goreng_072.jpg,1,1,0,0,0
train_Nasi_Goreng_Nasi_Goreng_073.jpg,1,1,0,0,0
train_Nasi_Goreng_Nasi_Goreng_074.jpg,1,1,0,0,0
train_Nasi_Goreng_Nasi_Goreng_075.jpg,1,1,0,0,0
train_Nasi_Goreng_Nasi_Goreng_076.jpg,1,1,0,0,0
train_Nasi_Goreng_Nasi_Goreng_077.jpg,1,1,0,0,0
train_Nasi_Goreng_Nasi_Goreng_078.jpg,1,1,0,0,0
train_Nasi_Goreng_Nasi_Goreng_079.jpg,1,1,0,0,0
train_Nasi_Goreng_Nasi_Goreng_080.jpg,1,1,0,0,0
train_Nasi_Goreng_Nasi_Goreng_081.jpg,1,1,0,0,0
train_Nasi_Goreng_Nasi_Goreng_082.jpg,1,1,0,0,0
train_Nasi_Goreng_Nasi_Goreng_083.jpg,1,1,0,0,0
train_Nasi_Goreng_Nasi_Goreng_084.jpg,1,1,0,0,0
train_Nasi_Goreng_Nasi_Goreng_085.jpg,1,1,0,0,0
train_Nasi_Goreng_Nasi_Goreng_086.jpg,1,1,0,0,0
train_Nasi_Goreng_Nasi_Goreng_088.jpg,1,1,0,0,0
train_Nasi_Goreng_Nasi_Goreng_089.jpg,1,1,0,0,0
train_Nasi_Goreng_Nasi_Goreng_090.jpg,1,1,0,0,0
train_Nasi_Goreng_Nasi_Goreng_091.jpg,1,1,0,0,0
train_Nasi_Goreng_Nasi_Goreng_093.jpg,1,1,0,0,0
train_Nasi_Goreng_Nasi_Goreng_095.jpg,1,1,0,0,0
train_Nasi_Goreng_Nasi_Goreng_096.jpg,1,1,0,0,0
train_Nasi_Goreng_Nasi_Goreng_097.jpg,1,1,0,0,0
train_Nasi_Goreng_Nasi_Goreng_098.jpg,1,1,0,0,0
train_Nasi_Goreng_Nasi_Goreng_099.jpg,1,1,0,0,0
train_Nasi_Goreng_Nasi_Goreng_100.jpg,1,1,0,0,0
train_Nasi_Goreng_Nasi_Goreng_101.jpg,1,1,0,0,0
train_Nasi_Goreng_Nasi_Goreng_102.jpg,1,1,0,0,0
train_Nasi_Goreng_Nasi_Goreng_103.jpg,1,1,0,0,0
train_Nasi_Goreng_Nasi_Goreng_105.jpg,1,1,0,0,0
train_Nasi_Goreng_Nasi_Goreng_106.jpg,1,1,0,0,0
train_Nasi_Goreng_Nasi_Goreng_107.jpg,1,1,0,0,0
train_Nasi_Goreng_Nasi_Goreng_108.jpg,1,1,0,0,0
train_Nasi_Goreng_Nasi_Goreng_109.jpg,1,1,0,0,0
train_Nasi_Goreng_Nasi_Goreng_111.jpg,1,1,0,0,0
train_Nasi_Goreng_Nasi_Goreng_112.jpg,1,1,0,0,0
train_Nasi_Goreng_Nasi_Goreng_113.jpg,1,1,0,0,0
train_Nasi_Goreng_Nasi_Goreng_115.jpg,1,1,0,0,0
train_Nasi_Goreng_Nasi_Goreng_116.jpg,1,1,0,0,0
train_Nasi_Goreng_Nasi_Goreng_117.jpg,1,1,0,0,0
train_Nasi_Goreng_Nasi_Goreng_118.jpg,1,1,0,0,0
train_Nasi_Goreng_Nasi_Goreng_120.jpg,1,1,0,0,0
train_Nasi_Goreng_Nasi_Goreng_122.jpg,1,1,0,0,0
train_Nasi_Goreng_Nasi_Goreng_123.jpg,1,1,0,0,0
train_Nasi_Goreng_Nasi_Goreng_124.jpg,1,1,0,0,0
train_Nasi_Goreng_Nasi_Goreng_126.jpg,1,1,0,0,0
train_Nasi_Goreng_Nasi_Goreng_128.jpg,1,1,0,0,0
train_Nasi_Goreng_Nasi_Goreng_129.jpg,1,1,0,0,0
train_Nasi_Goreng_Nasi_Goreng_130.jpg,1,1,0,0,0
train_Nasi_Goreng_Nasi_Goreng_131.jpg,1,1,0,0,0
train_Nasi_Goreng_Nasi_Goreng_132.jpg,1,1,0,0,0
train_Nasi_Goreng_Nasi_Goreng_134.jpg,1,1,0,0,0
train_Nasi_Goreng_Nasi_Goreng_135.jpg,1,1,0,0,0
train_Nasi_Goreng_Nasi_Goreng_136.jpg,1,1,0,0,0
train_Nasi_Goreng_Nasi_Goreng_137.jpg,1,1,0,0,0
train_Nasi_Goreng_Nasi_Goreng_138.jpg,1,1,0,0,0
train_Nasi_Goreng_Nasi_Goreng_139.jpg,1,1,0,0,0
train_Nasi_Goreng_Nasi_Goreng_141.jpg,1,1,0,0,0
train_Nasi_Goreng_Nasi_Goreng_142.jpg,1,1,0,0,0
train_Nasi_Goreng_Nasi_Goreng_143.jpg,1,1,0,0,0
train_Nasi_Goreng_Nasi_Goreng_145.jpg,1,1,0,0,0
train_Nasi_Goreng_Nasi_Goreng_146.jpg,1,1,0,0,0
train_Nasi_Goreng_Nasi_Goreng_147.jpg,1,1,0,0,0
train_Nasi_Goreng_Nasi_Goreng_148.jpg,1,1,0,0,0
train_Nasi_Goreng_Nasi_Goreng_149.jpg,1,1,0,0,0
train_Nasi_Goreng_Nasi_Goreng_151.jpg,1,1,0,0,0
train_Nasi_Goreng_Nasi_Goreng_152.jpg,1,1,0,0,0
train_Nasi_Goreng_Nasi_Goreng_153.jpg,1,1,0,0,0
train_Nasi_Goreng_Nasi_Goreng_154.jpg,1,1,0,0,0
train_Nasi_Goreng_Nasi_Goreng_155.jpg,1,1,0,0,0
train_Nasi_Goreng_Nasi_Goreng_156.jpg,1,1,0,0,0
train_Nasi_Goreng_Nasi_Goreng_157.jpg,1,1,0,0,0
train_Nasi_Goreng_Nasi_Goreng_158.jpg,1,1,0,0,0
train_Nasi_Goreng_Nasi_Goreng_159.jpg,1,1,0,0,0
train_Nasi_Goreng_Nasi_Goreng_160.jpg,1,1,0,0,0
train_Nasi_Goreng_Nasi_Goreng_161.jpg,1,1,0,0,0
train_Nasi_Goreng_Nasi_Goreng_162.jpg,1,1,0,0,0
train_Nasi_Goreng_Nasi_Goreng_163.jpg,1,1,0,0,0
train_Nasi_Goreng_Nasi_Goreng_164.jpg,1,1,0,0,0
train_Nasi_Goreng_Nasi_Goreng_165.jpg,1,1,0,0,0
train_Nasi_Goreng_Nasi_Goreng_166.jpg,1,1,0,0,0
train_Nasi_Goreng_Nasi_Goreng_167.jpg,1,1,0,0,0
train_Nasi_Goreng_Nasi_Goreng_168.jpg,1,1,0,0,0
train_Nasi_Goreng_Nasi_Goreng_169.jpg,1,1,0,0,0
train_Nasi_Goreng_Nasi_Goreng_171.jpg,1,1,0,0,0
train_Nasi_Goreng_Nasi_Goreng_172.jpg,1,1,0,0,0
train_Nasi_Goreng_Nasi_Goreng_173.jpg,1,1,0,0,0
train_Nasi_Goreng_Nasi_Goreng_175.jpg,1,1,0,0,0
train_Nasi_Goreng_Nasi_Goreng_177.jpg,1,1,0,0,0
train_Nasi_Goreng_Nasi_Goreng_178.jpg,1,1,0,0,0
train_Nasi_Goreng_Nasi_Goreng_179.jpg,1,1,0,0,0
train_Nasi_Goreng_Nasi_Goreng_180.jpg,1,1,0,0,0
train_Nasi_Goreng_Nasi_Goreng_181.jpg,1,1,0,0,0
train_Nasi_Goreng_Nasi_Goreng_182.jpg,1,1,0,0,0
train_Nasi_Goreng_Nasi_Goreng_183.jpg,1,1,0,0,0
train_Nasi_Goreng_Nasi_Goreng_184.jpg,1,1,0,0,0
train_Nasi_Goreng_Nasi_Goreng_185.jpg,1,1,0,0,0
train_Nasi_Goreng_Nasi_Goreng_186.jpg,1,1,0,0,0
train_Nasi_Goreng_Nasi_Goreng_187.jpg,1,1,0,0,0
train_Nasi_Goreng_Nasi_Goreng_189.jpg,1,1,0,0,0
train_Nasi_Goreng_Nasi_Goreng_190.jpg,1,1,0,0,0
train_Nasi_Goreng_Nasi_Goreng_191.jpg,1,1,0,0,0
train_Nasi_Goreng_Nasi_Goreng_194.jpg,1,1,0,0,0
train_Nasi_Goreng_Nasi_Goreng_195.jpg,1,1,0,0,0
train_Nasi_Goreng_Nasi_Goreng_197.jpg,1,1,0,0,0
train_Nasi_Goreng_Nasi_Goreng_198.jpg,1,1,0,0,0
train_Nasi_Goreng_Nasi_Goreng_199.jpg,1,1,0,0,0
train_Nasi_Goreng_Nasi_Goreng_200.jpg,1,1,0,0,0
train_Nasi_Goreng_Nasi_Goreng_201.jpg,1,1,0,0,0
train_Nasi_Goreng_Nasi_Goreng_202.jpg,1,1,0,0,0
train_Nasi_Goreng_Nasi_Goreng_203.jpg,1,1,0,0,0
train_Nasi_Goreng_Nasi_Goreng_204.jpg,1,1,0,0,0
train_Nasi_Goreng_Nasi_Goreng_205.jpg,1,1,0,0,0
train_Nasi_Goreng_Nasi_Goreng_207.jpg,1,1,0,0,0
train_Nasi_Goreng_Nasi_Goreng_208.jpg,1,1,0,0,0
train_Nasi_Goreng_Nasi_Goreng_209.jpg,1,1,0,0,0
train_Nasi_Goreng_Nasi_Goreng_211.jpg,1,1,0,0,0
train_Nasi_Goreng_Nasi_Goreng_212.jpg,1,1,0,0,0
train_Nasi_Goreng_Nasi_Goreng_213.jpg,1,1,0,0,0
train_Nasi_Goreng_Nasi_Goreng_214.jpg,1,1,0,0,0
train_Nasi_Goreng_Nasi_Goreng_215.jpg,1,1,0,0,0
train_Nasi_Goreng_Nasi_Goreng_216.jpg,1,1,0,0,0
train_Nasi_Goreng_Nasi_Goreng_217.jpg,1,1,0,0,0
train_Nasi_Goreng_Nasi_Goreng_218.jpg,1,1,0,0,0
train_Nasi_Goreng_Nasi_Goreng_219.jpg,1,1,0,0,0
train_Nasi_Goreng_Nasi_Goreng_220.jpg,1,1,0,0,0
train_Nasi_Goreng_Nasi_Goreng_221.jpg,1,1,0,0,0
train_Nasi_Goreng_Nasi_Goreng_222.jpg,1,1,0,0,0
train_Nasi_Goreng_Nasi_Goreng_223.jpg,1,1,0,0,0
train_Nasi_Goreng_Nasi_Goreng_224.jpg,1,1,0,0,0
train_Nasi_Goreng_Nasi_Goreng_225.jpg,1,1,0,0,0
train_Nasi_Goreng_Nasi_Goreng_226.jpg,1,1,0,0,0
train_Nasi_Goreng_Nasi_Goreng_227.jpg,1,1,0,0,0
train_Nasi_Goreng_Nasi_Goreng_228.jpg,1,1,0,0,0
train_Nasi_Goreng_Nasi_Goreng_229.jpg,1,1,0,0,0
train_Nasi_Goreng_Nasi_Goreng_231.jpg,1,1,0,0,0
train_Nasi_Goreng_Nasi_Goreng_232.jpg,1,1,0,0,0
train_Nasi_Goreng_Nasi_Goreng_233.jpg,1,1,0,0,0
train_Nasi_Goreng_Nasi_Goreng_235.jpg,1,1,0,0,0
train_Nasi_Goreng_Nasi_Goreng_236.jpg,1,1,0,0,0
train_Nasi_Goreng_Nasi_Goreng_237.jpg,1,1,0,0,0
train_Nasi_Goreng_Nasi_Goreng_238.jpg,1,1,0,0,0
train_Nasi_Goreng_Nasi_Goreng_239.jpg,1,1,0,0,0
train_Nasi_Goreng_Nasi_Goreng_241.jpg,1,1,0,0,0
train_Nasi_Goreng_Nasi_Goreng_242.jpg,1,1,0,0,0
train_Nasi_Goreng_Nasi_Goreng_243.jpg,1,1,0,0,0
train_Nasi_Goreng_Nasi_Goreng_245.jpg,1,1,0,0,0
train_Nasi_Goreng_Nasi_Goreng_246.jpg,1,1,0,0,0
train_Nasi_Goreng_Nasi_Goreng_247.jpg,1,1,0,0,0
train_Nasi_Goreng_Nasi_Goreng_249.jpg,1,1,0,0,0
train_Nasi_Goreng_Nasi_Goreng_250.jpg,1,1,0,0,0
train_Nasi_Goreng_Nasi_Goreng_251.jpg,1,1,0,0,0
train_Nasi_Goreng_Nasi_Goreng_254.jpg,1,1,0,0,0
train_Nasi_Goreng_Nasi_Goreng_255.jpg,1,1,0,0,0
train_Nasi_Goreng_Nasi_Goreng_256.jpg,1,1,0,0,0
train_Nasi_Goreng_Nasi_Goreng_257.jpg,1,1,0,0,0
train_Nasi_Goreng_Nasi_Goreng_258.jpg,1,1,0,0,0
train_Nasi_Goreng_Nasi_Goreng_260.jpg,1,1,0,0,0
train_Nasi_Goreng_Nasi_Goreng_261.jpg,1,1,0,0,0
train_Nasi_Goreng_Nasi_Goreng_262.jpg,1,1,0,0,0
train_Nasi_Goreng_Nasi_Goreng_263.jpg,1,1,0,0,0
train_Nasi_Goreng_Nasi_Goreng_264.jpg,1,1,0,0,0
train_Nasi_Goreng_Nasi_Goreng_265.jpg,1,1,0,0,0
train_Nasi_Goreng_Nasi_Goreng_266.jpg,1,1,0,0,0
train_Nasi_Goreng_Nasi_Goreng_267.jpg,1,1,0,0,0
train_Nasi_Goreng_Nasi_Goreng_268.jpg,1,1,0,0,0
train_Nasi_Goreng_Nasi_Goreng_269.jpg,1,1,0,0,0
train_Nasi_Goreng_Nasi_Goreng_271.jpg,1,1,0,0,0
train_Nasi_Goreng_Nasi_Goreng_272.jpg,1,1,0,0,0
train_Nasi_Goreng_Nasi_Goreng_273.jpg,1,1,0,0,0
train_Nasi_Goreng_Nasi_Goreng_274.jpg,1,1,0,0,0
train_Nasi_Goreng_Nasi_Goreng_275.jpg,1,1,0,0,0
train_Nasi_Goreng_Nasi_Goreng_276.jpg,1,1,0,0,0
train_Nasi_Goreng_Nasi_Goreng_277.jpg,1,1,0,0,0
train_Nasi_Goreng_Nasi_Goreng_278.jpg,1,1,0,0,0
train_Nasi_Goreng_Nasi_Goreng_279.jpg,1,1,0,0,0
train_Nasi_Goreng_Nasi_Goreng_281.jpg,1,1,0,0,0
train_Nasi_Goreng_Nasi_Goreng_282.jpg,1,1,0,0,0
train_Nasi_Goreng_Nasi_Goreng_283.jpg,1,1,0,0,0
train_Nasi_Goreng_Nasi_Goreng_284.jpg,1,1,0,0,0
train_Nasi_Goreng_Nasi_Goreng_285.jpg,1,1,0,0,0
train_Nasi_Goreng_Nasi_Goreng_286.jpg,1,1,0,0,0
train_Nasi_Goreng_Nasi_Goreng_287.jpg,1,1,0,0,0
train_Nasi_Goreng_Nasi_Goreng_288.jpg,1,1,0,0,0
train_Nasi_Goreng_Nasi_Goreng_289.jpg,1,1,0,0,0
train_Nasi_Goreng_Nasi_Goreng_290.jpg,1,1,0,0,0
train_Nasi_Goreng_Nasi_Goreng_291.jpg,1,1,0,0,0
train_Nasi_Goreng_Nasi_Goreng_292.jpg,1,1,0,0,0
train_Nasi_Goreng_Nasi_Goreng_293.jpg,1,1,0,0,0
train_Nasi_Goreng_Nasi_Goreng_294.jpg,1,1,0,0,0
train_Nasi_Goreng_Nasi_Goreng_295.jpg,1,1,0,0,0
train_Nasi_Goreng_Nasi_Goreng_296.jpg,1,1,0,0,0
train_Nasi_Goreng_Nasi_Goreng_297.jpg,1,1,0,0,0
train_Nasi_Goreng_Nasi_Goreng_298.jpg,1,1,0,0,0
train_Nasi_Goreng_Nasi_Goreng_299.jpg,1,1,0,0,0
train_Nasi_Goreng_Nasi_Goreng_300.jpg,1,1,0,0,0
train_Nasi_Goreng_Nasi_Goreng_301.jpg,1,1,0,0,0
train_Nasi_Goreng_Nasi_Goreng_303.jpg,1,1,0,0,0
train_Nasi_Goreng_Nasi_Goreng_304.jpg,1,1,0,0,0
train_Nasi_Goreng_Nasi_Goreng_305.jpg,1,1,0,0,0
train_Nasi_Goreng_Nasi_Goreng_306.jpg,1,1,0,0,0
train_Nasi_Goreng_Nasi_Goreng_308.jpg,1,1,0,0,0
train_Nasi_Goreng_Nasi_Goreng_309.jpg,1,1,0,0,0
train_Nasi_Goreng_Nasi_Goreng_311.jpg,1,1,0,0,0
train_Nasi_Goreng_Nasi_Goreng_312.jpg,1,1,0,0,0
train_Nasi_Goreng_Nasi_Goreng_313.jpg,1,1,0,0,0
train_Nasi_Goreng_Nasi_Goreng_314.jpg,1,1,0,0,0
train_Nasi_Goreng_Nasi_Goreng_315.jpg,1,1,0,0,0
train_Nasi_Goreng_Nasi_Goreng_316.jpg,1,1,0,0,0
train_Nasi_Goreng_Nasi_Goreng_317.jpg,1,1,0,0,0
train_Nasi_Goreng_Nasi_Goreng_319.jpg,1,1,0,0,0
train_Nasi_Goreng_Nasi_Goreng_322.jpg,1,1,0,0,0
train_Nasi_Goreng_Nasi_Goreng_326.jpg,1,1,0,0,0
train_Nasi_Goreng_Nasi_Goreng_327.jpg,1,1,0,0,0
train_Nasi_Goreng_Nasi_Goreng_329.jpg,1,1,0,0,0
train_Nasi_Goreng_Nasi_Goreng_330.jpg,1,1,0,0,0
train_Nasi_Goreng_Nasi_Goreng_331.jpg,1,1,0,0,0
train_Nasi_Goreng_Nasi_Goreng_333.jpg,1,1,0,0,0
train_Nasi_Goreng_Nasi_Goreng_334.jpg,1,1,0,0,0
train_Nasi_Goreng_Nasi_Goreng_335.jpg,1,1,0,0,0
train_Nasi_Goreng_Nasi_Goreng_337.jpg,1,1,0,0,0
train_Nasi_Goreng_Nasi_Goreng_338.jpg,1,1,0,0,0
train_Nasi_Goreng_Nasi_Goreng_339.jpg,1,1,0,0,0
train_Nasi_Goreng_Nasi_Goreng_340.jpg,1,1,0,0,0
train_Nasi_Goreng_Nasi_Goreng_341.jpg,1,1,0,0,0
train_Nasi_Goreng_Nasi_Goreng_343.jpg,1,1,0,0,0
train_Nasi_Goreng_Nasi_Goreng_344.jpg,1,1,0,0,0
train_Nasi_Goreng_Nasi_Goreng_345.jpg,1,1,0,0,0
train_Nasi_Goreng_Nasi_Goreng_346.jpg,1,1,0,0,0
train_Nasi_Goreng_Nasi_Goreng_347.jpg,1,1,0,0,0
train_Nasi_Goreng_Nasi_Goreng_348.jpg,1,1,0,0,0
train_Nasi_Goreng_Nasi_Goreng_349.jpg,1,1,0,0,0
train_Nasi_Goreng_Nasi_Goreng_351.jpg,1,1,0,0,0
train_Nasi_Goreng_Nasi_Goreng_352.jpg,1,1,0,0,0
train_Nasi_Goreng_Nasi_Goreng_355.jpg,1,1,0,0,0
train_Nasi_Goreng_Nasi_Goreng_356.jpg,1,1,0,0,0
train_Nasi_Goreng_Nasi_Goreng_357.jpg,1,1,0,0,0
train_Nasi_Goreng_Nasi_Goreng_358.jpg,1,1,0,0,0
train_Nasi_Goreng_Nasi_Goreng_359.jpg,1,1,0,0,0
train_Nasi_Goreng_Nasi_Goreng_360.jpg,1,1,0,0,0
train_Nasi_Goreng_Nasi_Goreng_361.jpg,1,1,0,0,0
train_Nasi_Goreng_Nasi_Goreng_362.jpg,1,1,0,0,0
train_Nasi_Goreng_Nasi_Goreng_363.jpg,1,1,0,0,0
train_Nasi_Goreng_Nasi_Goreng_364.jpg,1,1,0,0,0
train_Nasi_Goreng_Nasi_Goreng_366.jpg,1,1,0,0,0
train_Nasi_Goreng_Nasi_Goreng_368.jpg,1,1,0,0,0
train_Nasi_Goreng_Nasi_Goreng_369.jpg,1,1,0,0,0
train_Nasi_Goreng_Nasi_Goreng_370.jpg,1,1,0,0,0
train_Nasi_Goreng_Nasi_Goreng_371.jpg,1,1,0,0,0
train_Nasi_Goreng_Nasi_Goreng_372.jpg,1,1,0,0,0
train_Nasi_Goreng_Nasi_Goreng_373.jpg,1,1,0,0,0
train_Nasi_Goreng_Nasi_Goreng_374.jpg,1,1,0,0,0
train_Nasi_Goreng_Nasi_Goreng_375.jpg,1,1,0,0,0
train_Nasi_Goreng_Nasi_Goreng_376.jpg,1,1,0,0,0
train_Nasi_Goreng_Nasi_Goreng_377.jpg,1,1,0,0,0
train_Nasi_Goreng_Nasi_Goreng_378.jpg,1,1,0,0,0
train_Nasi_Goreng_Nasi_Goreng_380.jpg,1,1,0,0,0
train_Nasi_Goreng_Nasi_Goreng_381.jpg,1,1,0,0,0
train_Nasi_Goreng_Nasi_Goreng_383.jpg,1,1,0,0,0
train_Nasi_Goreng_Nasi_Goreng_384.jpg,1,1,0,0,0
train_Nasi_Goreng_Nasi_Goreng_385.jpg,1,1,0,0,0
train_Nasi_Goreng_Nasi_Goreng_386.jpg,1,1,0,0,0
train_Nasi_Goreng_Nasi_Goreng_388.jpg,1,1,0,0,0
train_Nasi_Goreng_Nasi_Goreng_389.jpg,1,1,0,0,0
train_Nasi_Goreng_Nasi_Goreng_390.jpg,1,1,0,0,0
train_Nasi_Goreng_Nasi_Goreng_391.jpg,1,1,0,0,0
train_Nasi_Goreng_Nasi_Goreng_392.jpg,1,1,0,0,0
train_Nasi_Goreng_Nasi_Goreng_394.jpg,1,1,0,0,0
train_Nasi_Goreng_Nasi_Goreng_395.jpg,1,1,0,0,0
train_Nasi_Goreng_Nasi_Goreng_397.jpg,1,1,0,0,0
train_Nasi_Goreng_Nasi_Goreng_398.jpg,1,1,0,0,0
train_Nasi_Goreng_Nasi_Goreng_399.jpg,1,1,0,0,0
train_Nasi_Goreng_Nasi_Goreng_400.jpg,1,1,0,0,0
train_Nasi_Goreng_Nasi_Goreng_401.jpg,1,1,0,0,0
train_Nasi_Goreng_Nasi_Goreng_402.jpg,1,1,0,0,0
train_Nasi_Goreng_Nasi_Goreng_404.jpg,1,1,0,0,0
train_Nasi_Goreng_Nasi_Goreng_405.jpg,1,1,0,0,0
train_Nasi_Goreng_Nasi_Goreng_410.jpg,1,1,0,0,0
train_Nasi_Goreng_Nasi_Goreng_411.jpg,1,1,0,0,0
train_Nasi_Goreng_Nasi_Goreng_412.jpg,1,1,0,0,0
train_Nasi_Goreng_Nasi_Goreng_414.jpg,1,1,0,0,0
train_Nasi_Goreng_Nasi_Goreng_415.jpg,1,1,0,0,0
train_Nasi_Goreng_Nasi_Goreng_416.jpg,1,1,0,0,0
train_Nasi_Goreng_Nasi_Goreng_417.jpg,1,1,0,0,0
train_Nasi_Goreng_Nasi_Goreng_418.jpg,1,1,0,0,0
train_Nasi_Goreng_Nasi_Goreng_419.jpg,1,1,0,0,0
train_Nasi_Goreng_Nasi_Goreng_420.jpg,1,1,0,0,0
train_Nasi_Goreng_Nasi_Goreng_423.jpg,1,1,0,0,0
train_Nasi_Goreng_Nasi_Goreng_424.jpg,1,1,0,0,0
train_Nasi_Goreng_Nasi_Goreng_425.jpg,1,1,0,0,0
train_Nasi_Goreng_Nasi_Goreng_428.jpg,1,1,0,0,0
train_Nasi_Goreng_Nasi_Goreng_431.jpg,1,1,0,0,0
train_Nasi_Goreng_Nasi_Goreng_432.jpg,1,1,0,0,0
train_Nasi_Goreng_Nasi_Goreng_433.jpg,1,1,0,0,0
train_Nasi_Goreng_Nasi_Goreng_434.jpg,1,1,0,0,0
train_Nasi_Goreng_Nasi_Goreng_435.jpg,1,1,0,0,0
train_Nasi_Goreng_Nasi_Goreng_436.jpg,1,1,0,0,0
train_Nasi_Goreng_Nasi_Goreng_437.jpg,1,1,0,0,0
train_Nasi_Goreng_Nasi_Goreng_439.jpg,1,1,0,0,0
train_Nasi_Goreng_Nasi_Goreng_440.jpg,1,1,0,0,0
train_Nasi_Goreng_Nasi_Goreng_441.jpg,1,1,0,0,0
train_Nasi_Goreng_Nasi_Goreng_442.jpg,1,1,0,0,0
train_Nasi_Goreng_Nasi_Goreng_443.jpg,1,1,0,0,0
train_Nasi_Goreng_Nasi_Goreng_444.jpg,1,1,0,0,0
train_Nasi_Goreng_Nasi_Goreng_448.jpg,1,1,0,0,0
train_Nasi_Goreng_Nasi_Goreng_449.jpg,1,1,0,0,0
train_Nasi_Goreng_Nasi_Goreng_450.jpg,1,1,0,0,0
train_Nasi_Goreng_Nasi_Goreng_451.jpg,1,1,0,0,0
train_Nasi_Goreng_Nasi_Goreng_452.jpg,1,1,0,0,0
train_Nasi_Goreng_Nasi_Goreng_454.jpg,1,1,0,0,0
train_Nasi_Goreng_Nasi_Goreng_455.jpg,1,1,0,0,0
train_Nasi_Goreng_Nasi_Goreng_456.jpg,1,1,0,0,0
train_Nasi_Goreng_Nasi_Goreng_458.jpg,1,1,0,0,0
train_Nasi_Goreng_Nasi_Goreng_459.jpg,1,1,0,0,0
train_Nasi_Goreng_Nasi_Goreng_460.jpg,1,1,0,0,0
train_Nasi_Goreng_Nasi_Goreng_461.jpg,1,1,0,0,0
train_Nasi_Goreng_Nasi_Goreng_463.jpg,1,1,0,0,0
train_Nasi_Goreng_Nasi_Goreng_464.jpg,1,1,0,0,0
train_Nasi_Goreng_Nasi_Goreng_465.jpg,1,1,0,0,0
train_Nasi_Goreng_Nasi_Goreng_466.jpg,1,1,0,0,0
train_Nasi_Goreng_Nasi_Goreng_467.jpg,1,1,0,0,0
train_Nasi_Goreng_Nasi_Goreng_469.jpg,1,1,0,0,0
train_Nasi_Goreng_Nasi_Goreng_470.jpg,1,1,0,0,0
train_Nasi_Goreng_Nasi_Goreng_472.jpg,1,1,0,0,0
train_Nasi_Goreng_Nasi_Goreng_473.jpg,1,1,0,0,0
train_Nasi_Goreng_Nasi_Goreng_474.jpg,1,1,0,0,0
train_Nasi_Goreng_Nasi_Goreng_475.jpg,1,1,0,0,0
train_Nasi_Goreng_Nasi_Goreng_476.jpg,1,1,0,0,0
train_Nasi_Goreng_Nasi_Goreng_477.jpg,1,1,0,0,0
train_Nasi_Goreng_Nasi_Goreng_479.jpg,1,1,0,0,0
train_Nasi_Goreng_Nasi_Goreng_483.jpg,1,1,0,0,0
train_Nasi_Goreng_Nasi_Goreng_484.jpg,1,1,0,0,0
train_Nasi_Goreng_Nasi_Goreng_487.jpg,1,1,0,0,0
train_Nasi_Goreng_Nasi_Goreng_489.jpg,1,1,0,0,0
train_Nasi_Goreng_Nasi_Goreng_490.jpg,1,1,0,0,0
train_Nasi_Goreng_Nasi_Goreng_491.jpg,1,1,0,0,0
train_Nasi_Goreng_Nasi_Goreng_492.jpg,1,1,0,0,0
train_Nasi_Goreng_Nasi_Goreng_493.jpg,1,1,0,0,0
train_Nasi_Goreng_Nasi_Goreng_494.jpg,1,1,0,0,0
train_Nasi_Goreng_Nasi_Goreng_495.jpg,1,1,0,0,0
train_Nasi_Goreng_Nasi_Goreng_496.jpg,1,1,0,0,0
train_Nasi_Goreng_Nasi_Goreng_497.jpg,1,1,0,0,0
train_Nasi_Goreng_Nasi_Goreng_498.jpg,1,1,0,0,0
train_Nasi_Goreng_Nasi_Goreng_499.jpg,1,1,0,0,0
train_Nasi_Goreng_Nasi_Goreng_500.jpg,1,1,0,0,0
train_Nasi_Padang_Nasi_Padang_001.jpg,1,1,1,0,0
train_Nasi_Padang_Nasi_Padang_002.jpg,1,1,1,0,0
train_Nasi_Padang_Nasi_Padang_003.jpg,1,1,1,0,0
train_Nasi_Padang_Nasi_Padang_004.jpg,1,1,1,0,0
train_Nasi_Padang_Nasi_Padang_006.jpg,1,1,1,0,0
train_Nasi_Padang_Nasi_Padang_007.jpg,1,1,1,0,0
train_Nasi_Padang_Nasi_Padang_008.jpg,1,1,1,0,0
train_Nasi_Padang_Nasi_Padang_009.jpg,1,1,1,0,0
train_Nasi_Padang_Nasi_Padang_010.jpg,1,1,1,0,0
train_Nasi_Padang_Nasi_Padang_011.jpg,1,1,1,0,0
train_Nasi_Padang_Nasi_Padang_012.jpg,1,1,1,0,0
train_Nasi_Padang_Nasi_Padang_013.jpg,1,1,1,0,0
train_Nasi_Padang_Nasi_Padang_014.jpg,1,1,1,0,0
train_Nasi_Padang_Nasi_Padang_015.jpg,1,1,1,0,0
train_Nasi_Padang_Nasi_Padang_016.jpg,1,1,1,0,0
train_Nasi_Padang_Nasi_Padang_017.jpg,1,1,1,0,0
train_Nasi_Padang_Nasi_Padang_018.jpg,1,1,1,0,0
train_Nasi_Padang_Nasi_Padang_019.jpg,1,1,1,0,0
train_Nasi_Padang_Nasi_Padang_021.jpg,1,1,1,0,0
train_Nasi_Padang_Nasi_Padang_024.jpg,1,1,1,0,0
train_Nasi_Padang_Nasi_Padang_025.jpg,1,1,1,0,0
train_Nasi_Padang_Nasi_Padang_027.jpg,1,1,1,0,0
train_Nasi_Padang_Nasi_Padang_028.jpg,1,1,1,0,0
train_Nasi_Padang_Nasi_Padang_029.jpg,1,1,1,0,0
train_Nasi_Padang_Nasi_Padang_030.jpg,1,1,1,0,0
train_Nasi_Padang_Nasi_Padang_031.jpg,1,1,1,0,0
train_Nasi_Padang_Nasi_Padang_032.jpg,1,1,1,0,0
train_Nasi_Padang_Nasi_Padang_033.jpg,1,1,1,0,0
train_Nasi_Padang_Nasi_Padang_035.jpg,1,1,1,0,0
train_Nasi_Padang_Nasi_Padang_037.jpg,1,1,1,0,0
train_Nasi_Padang_Nasi_Padang_038.jpg,1,1,1,0,0
train_Nasi_Padang_Nasi_Padang_040.jpg,1,1,1,0,0
train_Nasi_Padang_Nasi_Padang_041.jpg,1,1,1,0,0
train_Nasi_Padang_Nasi_Padang_044.jpg,1,1,1,0,0
train_Nasi_Padang_Nasi_Padang_045.jpg,1,1,1,0,0
train_Nasi_Padang_Nasi_Padang_046.jpg,1,1,1,0,0
train_Nasi_Padang_Nasi_Padang_047.jpg,1,1,1,0,0
train_Nasi_Padang_Nasi_Padang_048.jpg,1,1,1,0,0
train_Nasi_Padang_Nasi_Padang_049.jpg,1,1,1,0,0
train_Nasi_Padang_Nasi_Padang_051.jpg,1,1,1,0,0
train_Nasi_Padang_Nasi_Padang_052.jpg,1,1,1,0,0
train_Nasi_Padang_Nasi_Padang_053.jpg,1,1,1,0,0
train_Nasi_Padang_Nasi_Padang_054.jpg,1,1,1,0,0
train_Nasi_Padang_Nasi_Padang_055.jpg,1,1,1,0,0
train_Nasi_Padang_Nasi_Padang_056.jpg,1,1,1,0,0
train_Nasi_Padang_Nasi_Padang_058.jpg,1,1,1,0,0
train_Nasi_Padang_Nasi_Padang_059.jpg,1,1,1,0,0
train_Nasi_Padang_Nasi_Padang_060.jpg,1,1,1,0,0
train_Nasi_Padang_Nasi_Padang_064.jpg,1,1,1,0,0
train_Nasi_Padang_Nasi_Padang_065.jpg,1,1,1,0,0
train_Nasi_Padang_Nasi_Padang_066.jpg,1,1,1,0,0
train_Nasi_Padang_Nasi_Padang_067.jpg,1,1,1,0,0
train_Nasi_Padang_Nasi_Padang_068.jpg,1,1,1,0,0
train_Nasi_Padang_Nasi_Padang_069.jpg,1,1,1,0,0
train_Nasi_Padang_Nasi_Padang_070.jpg,1,1,1,0,0
train_Nasi_Padang_Nasi_Padang_071.jpg,1,1,1,0,0
train_Nasi_Padang_Nasi_Padang_073.jpg,1,1,1,0,0
train_Nasi_Padang_Nasi_Padang_075.jpg,1,1,1,0,0
train_Nasi_Padang_Nasi_Padang_076.jpg,1,1,1,0,0
train_Nasi_Padang_Nasi_Padang_077.jpg,1,1,1,0,0
train_Nasi_Padang_Nasi_Padang_078.jpg,1,1,1,0,0
train_Nasi_Padang_Nasi_Padang_080.jpg,1,1,1,0,0
train_Nasi_Padang_Nasi_Padang_081.jpg,1,1,1,0,0
train_Nasi_Padang_Nasi_Padang_082.jpg,1,1,1,0,0
train_Nasi_Padang_Nasi_Padang_083.jpg,1,1,1,0,0
train_Nasi_Padang_Nasi_Padang_084.jpg,1,1,1,0,0
train_Nasi_Padang_Nasi_Padang_086.jpg,1,1,1,0,0
train_Nasi_Padang_Nasi_Padang_088.jpg,1,1,1,0,0
train_Nasi_Padang_Nasi_Padang_089.jpg,1,1,1,0,0
train_Nasi_Padang_Nasi_Padang_090.jpg,1,1,1,0,0
train_Nasi_Padang_Nasi_Padang_092.jpg,1,1,1,0,0
train_Nasi_Padang_Nasi_Padang_093.jpg,1,1,1,0,0
train_Nasi_Padang_Nasi_Padang_094.jpg,1,1,1,0,0
train_Nasi_Padang_Nasi_Padang_096.jpg,1,1,1,0,0
train_Nasi_Padang_Nasi_Padang_097.jpg,1,1,1,0,0
train_Nasi_Padang_Nasi_Padang_098.jpg,1,1,1,0,0
train_Nasi_Padang_Nasi_Padang_099.jpg,1,1,1,0,0
train_Nasi_Padang_Nasi_Padang_100.jpg,1,1,1,0,0
train_Nasi_Padang_Nasi_Padang_101.jpg,1,1,1,0,0
train_Nasi_Padang_Nasi_Padang_103.jpg,1,1,1,0,0
train_Nasi_Padang_Nasi_Padang_104.jpg,1,1,1,0,0
train_Nasi_Padang_Nasi_Padang_105.jpg,1,1,1,0,0
train_Nasi_Padang_Nasi_Padang_108.jpg,1,1,1,0,0
train_Nasi_Padang_Nasi_Padang_109.jpg,1,1,1,0,0
train_Nasi_Padang_Nasi_Padang_110.jpg,1,1,1,0,0
train_Nasi_Padang_Nasi_Padang_111.jpg,1,1,1,0,0
train_Nasi_Padang_Nasi_Padang_112.jpg,1,1,1,0,0
train_Nasi_Padang_Nasi_Padang_114.jpg,1,1,1,0,0
train_Nasi_Padang_Nasi_Padang_115.jpg,1,1,1,0,0
train_Nasi_Padang_Nasi_Padang_117.jpg,1,1,1,0,0
train_Nasi_Padang_Nasi_Padang_118.jpg,1,1,1,0,0
train_Nasi_Padang_Nasi_Padang_119.jpg,1,1,1,0,0
train_Nasi_Padang_Nasi_Padang_120.jpg,1,1,1,0,0
train_Nasi_Padang_Nasi_Padang_121.jpg,1,1,1,0,0
train_Nasi_Padang_Nasi_Padang_122.jpg,1,1,1,0,0
train_Nasi_Padang_Nasi_Padang_123.jpg,1,1,1,0,0
train_Nasi_Padang_Nasi_Padang_124.jpg,1,1,1,0,0
train_Nasi_Padang_Nasi_Padang_126.jpg,1,1,1,0,0
train_Nasi_Padang_Nasi_Padang_127.jpg,1,1,1,0,0
train_Nasi_Padang_Nasi_Padang_128.jpg,1,1,1,0,0
train_Nasi_Padang_Nasi_Padang_129.jpg,1,1,1,0,0
train_Nasi_Padang_Nasi_Padang_130.jpg,1,1,1,0,0
train_Nasi_Padang_Nasi_Padang_131.jpg,1,1,1,0,0
train_Nasi_Padang_Nasi_Padang_132.jpg,1,1,1,0,0
train_Nasi_Padang_Nasi_Padang_133.jpg,1,1,1,0,0
train_Nasi_Padang_Nasi_Padang_134.jpg,1,1,1,0,0
train_Nasi_Padang_Nasi_Padang_135.jpg,1,1,1,0,0
train_Nasi_Padang_Nasi_Padang_136.jpg,1,1,1,0,0
train_Nasi_Padang_Nasi_Padang_137.jpg,1,1,1,0,0
train_Nasi_Padang_Nasi_Padang_138.jpg,1,1,1,0,0
train_Nasi_Padang_Nasi_Padang_139.jpg,1,1,1,0,0
train_Nasi_Padang_Nasi_Padang_140.jpg,1,1,1,0,0
train_Nasi_Padang_Nasi_Padang_141.jpg,1,1,1,0,0
train_Nasi_Padang_Nasi_Padang_142.jpg,1,1,1,0,0
train_Nasi_Padang_Nasi_Padang_143.jpg,1,1,1,0,0
train_Nasi_Padang_Nasi_Padang_144.jpg,1,1,1,0,0
train_Nasi_Padang_Nasi_Padang_146.jpg,1,1,1,0,0
train_Nasi_Padang_Nasi_Padang_147.jpg,1,1,1,0,0
train_Nasi_Padang_Nasi_Padang_148.jpg,1,1,1,0,0
train_Nasi_Padang_Nasi_Padang_149.jpg,1,1,1,0,0
train_Nasi_Padang_Nasi_Padang_151.jpg,1,1,1,0,0
train_Nasi_Padang_Nasi_Padang_153.jpg,1,1,1,0,0
train_Nasi_Padang_Nasi_Padang_154.jpg,1,1,1,0,0
train_Nasi_Padang_Nasi_Padang_155.jpg,1,1,1,0,0
train_Nasi_Padang_Nasi_Padang_156.jpg,1,1,1,0,0
train_Nasi_Padang_Nasi_Padang_157.jpg,1,1,1,0,0
train_Nasi_Padang_Nasi_Padang_159.jpg,1,1,1,0,0
train_Nasi_Padang_Nasi_Padang_161.jpg,1,1,1,0,0
train_Nasi_Padang_Nasi_Padang_162.jpg,1,1,1,0,0
train_Nasi_Padang_Nasi_Padang_163.jpg,1,1,1,0,0
train_Nasi_Padang_Nasi_Padang_164.jpg,1,1,1,0,0
train_Nasi_Padang_Nasi_Padang_165.jpg,1,1,1,0,0
train_Nasi_Padang_Nasi_Padang_166.jpg,1,1,1,0,0
train_Nasi_Padang_Nasi_Padang_167.jpg,1,1,1,0,0
train_Nasi_Padang_Nasi_Padang_168.jpg,1,1,1,0,0
train_Nasi_Padang_Nasi_Padang_169.jpg,1,1,1,0,0
train_Nasi_Padang_Nasi_Padang_170.jpg,1,1,1,0,0
train_Nasi_Padang_Nasi_Padang_172.jpg,1,1,1,0,0
train_Nasi_Padang_Nasi_Padang_174.jpg,1,1,1,0,0
train_Nasi_Padang_Nasi_Padang_176.jpg,1,1,1,0,0
train_Nasi_Padang_Nasi_Padang_177.jpg,1,1,1,0,0
train_Nasi_Padang_Nasi_Padang_178.jpg,1,1,1,0,0
train_Nasi_Padang_Nasi_Padang_179.jpg,1,1,1,0,0
train_Nasi_Padang_Nasi_Padang_180.jpg,1,1,1,0,0
train_Nasi_Padang_Nasi_Padang_181.jpg,1,1,1,0,0
train_Nasi_Padang_Nasi_Padang_182.jpg,1,1,1,0,0
train_Nasi_Padang_Nasi_Padang_183.jpg,1,1,1,0,0
train_Nasi_Padang_Nasi_Padang_184.jpg,1,1,1,0,0
train_Nasi_Padang_Nasi_Padang_185.jpg,1,1,1,0,0
train_Nasi_Padang_Nasi_Padang_187.jpg,1,1,1,0,0
train_Nasi_Padang_Nasi_Padang_188.jpg,1,1,1,0,0
train_Nasi_Padang_Nasi_Padang_189.jpg,1,1,1,0,0
train_Nasi_Padang_Nasi_Padang_191.jpg,1,1,1,0,0
train_Nasi_Padang_Nasi_Padang_192.jpg,1,1,1,0,0
train_Nasi_Padang_Nasi_Padang_195.jpg,1,1,1,0,0
train_Nasi_Padang_Nasi_Padang_196.jpg,1,1,1,0,0
train_Nasi_Padang_Nasi_Padang_197.jpg,1,1,1,0,0
train_Nasi_Padang_Nasi_Padang_198.jpg,1,1,1,0,0
train_Nasi_Padang_Nasi_Padang_199.jpg,1,1,1,0,0
train_Nasi_Padang_Nasi_Padang_200.jpg,1,1,1,0,0
train_Nasi_Padang_Nasi_Padang_201.jpg,1,1,1,0,0
train_Nasi_Padang_Nasi_Padang_202.jpg,1,1,1,0,0
train_Nasi_Padang_Nasi_Padang_203.jpg,1,1,1,0,0
train_Nasi_Padang_Nasi_Padang_204.jpg,1,1,1,0,0
train_Nasi_Padang_Nasi_Padang_206.jpg,1,1,1,0,0
train_Nasi_Padang_Nasi_Padang_207.jpg,1,1,1,0,0
train_Nasi_Padang_Nasi_Padang_208.jpg,1,1,1,0,0
train_Nasi_Padang_Nasi_Padang_209.jpg,1,1,1,0,0
train_Nasi_Padang_Nasi_Padang_210.jpg,1,1,1,0,0
train_Nasi_Padang_Nasi_Padang_213.jpg,1,1,1,0,0
train_Nasi_Padang_Nasi_Padang_214.jpg,1,1,1,0,0
train_Nasi_Padang_Nasi_Padang_215.jpg,1,1,1,0,0
train_Nasi_Padang_Nasi_Padang_217.jpg,1,1,1,0,0
train_Nasi_Padang_Nasi_Padang_218.jpg,1,1,1,0,0
train_Nasi_Padang_Nasi_Padang_219.jpg,1,1,1,0,0
train_Nasi_Padang_Nasi_Padang_220.jpg,1,1,1,0,0
train_Nasi_Padang_Nasi_Padang_222.jpg,1,1,1,0,0
train_Nasi_Padang_Nasi_Padang_223.jpg,1,1,1,0,0
train_Nasi_Padang_Nasi_Padang_224.jpg,1,1,1,0,0
train_Nasi_Padang_Nasi_Padang_225.jpg,1,1,1,0,0
train_Nasi_Padang_Nasi_Padang_226.jpg,1,1,1,0,0
train_Nasi_Padang_Nasi_Padang_227.jpg,1,1,1,0,0
train_Nasi_Padang_Nasi_Padang_229.jpg,1,1,1,0,0
train_Nasi_Padang_Nasi_Padang_233.jpg,1,1,1,0,0
train_Nasi_Padang_Nasi_Padang_234.jpg,1,1,1,0,0
train_Nasi_Padang_Nasi_Padang_235.jpg,1,1,1,0,0
train_Nasi_Padang_Nasi_Padang_236.jpg,1,1,1,0,0
train_Nasi_Padang_Nasi_Padang_237.jpg,1,1,1,0,0
train_Nasi_Padang_Nasi_Padang_238.jpg,1,1,1,0,0
train_Nasi_Padang_Nasi_Padang_240.jpg,1,1,1,0,0
train_Nasi_Padang_Nasi_Padang_241.jpg,1,1,1,0,0
train_Nasi_Padang_Nasi_Padang_242.jpg,1,1,1,0,0
train_Nasi_Padang_Nasi_Padang_243.jpg,1,1,1,0,0
train_Nasi_Padang_Nasi_Padang_244.jpg,1,1,1,0,0
train_Nasi_Padang_Nasi_Padang_245.jpg,1,1,1,0,0
train_Nasi_Padang_Nasi_Padang_246.jpg,1,1,1,0,0
train_Nasi_Padang_Nasi_Padang_247.jpg,1,1,1,0,0
train_Nasi_Padang_Nasi_Padang_248.jpg,1,1,1,0,0
train_Nasi_Padang_Nasi_Padang_249.jpg,1,1,1,0,0
train_Nasi_Padang_Nasi_Padang_250.jpg,1,1,1,0,0
train_Nasi_Padang_Nasi_Padang_251.jpg,1,1,1,0,0
train_Nasi_Padang_Nasi_Padang_252.jpg,1,1,1,0,0
train_Nasi_Padang_Nasi_Padang_253.jpg,1,1,1,0,0
train_Nasi_Padang_Nasi_Padang_254.jpg,1,1,1,0,0
train_Nasi_Padang_Nasi_Padang_255.jpg,1,1,1,0,0
train_Nasi_Padang_Nasi_Padang_256.jpg,1,1,1,0,0
train_Nasi_Padang_Nasi_Padang_257.jpg,1,1,1,0,0
train_Nasi_Padang_Nasi_Padang_258.jpg,1,1,1,0,0
train_Nasi_Padang_Nasi_Padang_259.jpg,1,1,1,0,0
train_Nasi_Padang_Nasi_Padang_260.jpg,1,1,1,0,0
train_Nasi_Padang_Nasi_Padang_262.jpg,1,1,1,0,0
train_Nasi_Padang_Nasi_Padang_263.jpg,1,1,1,0,0
train_Nasi_Padang_Nasi_Padang_264.jpg,1,1,1,0,0
train_Nasi_Padang_Nasi_Padang_265.jpg,1,1,1,0,0
train_Nasi_Padang_Nasi_Padang_266.jpg,1,1,1,0,0
train_Nasi_Padang_Nasi_Padang_267.jpg,1,1,1,0,0
train_Nasi_Padang_Nasi_Padang_268.jpg,1,1,1,0,0
train_Nasi_Padang_Nasi_Padang_269.jpg,1,1,1,0,0
train_Nasi_Padang_Nasi_Padang_271.jpg,1,1,1,0,0
train_Nasi_Padang_Nasi_Padang_272.jpg,1,1,1,0,0
train_Nasi_Padang_Nasi_Padang_273.jpg,1,1,1,0,0
train_Nasi_Padang_Nasi_Padang_274.jpg,1,1,1,0,0
train_Nasi_Padang_Nasi_Padang_276.jpg,1,1,1,0,0
train_Nasi_Padang_Nasi_Padang_277.jpg,1,1,1,0,0
train_Nasi_Padang_Nasi_Padang_278.jpg,1,1,1,0,0
train_Nasi_Padang_Nasi_Padang_279.jpg,1,1,1,0,0
train_Nasi_Padang_Nasi_Padang_280.jpg,1,1,1,0,0
train_Nasi_Padang_Nasi_Padang_281.jpg,1,1,1,0,0
train_Nasi_Padang_Nasi_Padang_282.jpg,1,1,1,0,0
train_Nasi_Padang_Nasi_Padang_284.jpg,1,1,1,0,0
train_Nasi_Padang_Nasi_Padang_285.jpg,1,1,1,0,0
train_Nasi_Padang_Nasi_Padang_286.jpg,1,1,1,0,0
train_Nasi_Padang_Nasi_Padang_287.jpg,1,1,1,0,0
train_Nasi_Padang_Nasi_Padang_288.jpg,1,1,1,0,0
train_Nasi_Padang_Nasi_Padang_289.jpg,1,1,1,0,0
train_Nasi_Padang_Nasi_Padang_290.jpg,1,1,1,0,0
train_Nasi_Padang_Nasi_Padang_291.jpg,1,1,1,0,0
train_Nasi_Padang_Nasi_Padang_292.jpg,1,1,1,0,0
train_Nasi_Padang_Nasi_Padang_294.jpg,1,1,1,0,0
train_Nasi_Padang_Nasi_Padang_295.jpg,1,1,1,0,0
train_Nasi_Padang_Nasi_Padang_296.jpg,1,1,1,0,0
train_Nasi_Padang_Nasi_Padang_297.jpg,1,1,1,0,0
train_Nasi_Padang_Nasi_Padang_298.jpg,1,1,1,0,0
train_Nasi_Padang_Nasi_Padang_299.jpg,1,1,1,0,0
train_Nasi_Padang_Nasi_Padang_301.jpg,1,1,1,0,0
train_Nasi_Padang_Nasi_Padang_302.jpg,1,1,1,0,0
train_Nasi_Padang_Nasi_Padang_304.jpg,1,1,1,0,0
train_Nasi_Padang_Nasi_Padang_305.jpg,1,1,1,0,0
train_Nasi_Padang_Nasi_Padang_306.jpg,1,1,1,0,0
train_Nasi_Padang_Nasi_Padang_307.jpg,1,1,1,0,0
train_Nasi_Padang_Nasi_Padang_308.jpg,1,1,1,0,0
train_Nasi_Padang_Nasi_Padang_309.jpg,1,1,1,0,0
train_Nasi_Padang_Nasi_Padang_310.jpg,1,1,1,0,0
train_Nasi_Padang_Nasi_Padang_311.jpg,1,1,1,0,0
train_Nasi_Padang_Nasi_Padang_312.jpg,1,1,1,0,0
train_Nasi_Padang_Nasi_Padang_313.jpg,1,1,1,0,0
train_Nasi_Padang_Nasi_Padang_315.jpg,1,1,1,0,0
train_Nasi_Padang_Nasi_Padang_317.jpg,1,1,1,0,0
train_Nasi_Padang_Nasi_Padang_318.jpg,1,1,1,0,0
train_Nasi_Padang_Nasi_Padang_319.jpg,1,1,1,0,0
train_Nasi_Padang_Nasi_Padang_320.jpg,1,1,1,0,0
train_Nasi_Padang_Nasi_Padang_321.jpg,1,1,1,0,0
train_Nasi_Padang_Nasi_Padang_322.jpg,1,1,1,0,0
train_Nasi_Padang_Nasi_Padang_324.jpg,1,1,1,0,0
train_Nasi_Padang_Nasi_Padang_325.jpg,1,1,1,0,0
train_Nasi_Padang_Nasi_Padang_326.jpg,1,1,1,0,0
train_Nasi_Padang_Nasi_Padang_327.jpg,1,1,1,0,0
train_Nasi_Padang_Nasi_Padang_328.jpg,1,1,1,0,0
train_Nasi_Padang_Nasi_Padang_330.jpg,1,1,1,0,0
train_Nasi_Padang_Nasi_Padang_332.jpg,1,1,1,0,0
train_Nasi_Padang_Nasi_Padang_333.jpg,1,1,1,0,0
train_Nasi_Padang_Nasi_Padang_334.jpg,1,1,1,0,0
train_Nasi_Padang_Nasi_Padang_336.jpg,1,1,1,0,0
train_Nasi_Padang_Nasi_Padang_338.jpg,1,1,1,0,0
train_Nasi_Padang_Nasi_Padang_339.jpg,1,1,1,0,0
train_Nasi_Padang_Nasi_Padang_341.jpg,1,1,1,0,0
train_Nasi_Padang_Nasi_Padang_342.jpg,1,1,1,0,0
train_Nasi_Padang_Nasi_Padang_343.jpg,1,1,1,0,0
train_Nasi_Padang_Nasi_Padang_344.jpg,1,1,1,0,0
train_Nasi_Padang_Nasi_Padang_345.jpg,1,1,1,0,0
train_Nasi_Padang_Nasi_Padang_346.jpg,1,1,1,0,0
train_Nasi_Padang_Nasi_Padang_348.jpg,1,1,1,0,0
train_Nasi_Padang_Nasi_Padang_350.jpg,1,1,1,0,0
train_Nasi_Padang_Nasi_Padang_351.jpg,1,1,1,0,0
train_Nasi_Padang_Nasi_Padang_352.jpg,1,1,1,0,0
train_Nasi_Padang_Nasi_Padang_353.jpg,1,1,1,0,0
train_Nasi_Padang_Nasi_Padang_354.jpg,1,1,1,0,0
train_Nasi_Padang_Nasi_Padang_355.jpg,1,1,1,0,0
train_Nasi_Padang_Nasi_Padang_356.jpg,1,1,1,0,0
train_Nasi_Padang_Nasi_Padang_357.jpg,1,1,1,0,0
train_Nasi_Padang_Nasi_Padang_358.jpg,1,1,1,0,0
train_Nasi_Padang_Nasi_Padang_359.jpg,1,1,1,0,0
train_Nasi_Padang_Nasi_Padang_361.jpg,1,1,1,0,0
train_Nasi_Padang_Nasi_Padang_362.jpg,1,1,1,0,0
train_Nasi_Padang_Nasi_Padang_363.jpg,1,1,1,0,0
train_Nasi_Padang_Nasi_Padang_364.jpg,1,1,1,0,0
train_Nasi_Padang_Nasi_Padang_365.jpg,1,1,1,0,0
train_Nasi_Padang_Nasi_Padang_366.jpg,1,1,1,0,0
train_Nasi_Padang_Nasi_Padang_367.jpg,1,1,1,0,0
train_Nasi_Padang_Nasi_Padang_369.jpg,1,1,1,0,0
train_Nasi_Padang_Nasi_Padang_370.jpg,1,1,1,0,0
train_Nasi_Padang_Nasi_Padang_373.jpg,1,1,1,0,0
train_Nasi_Padang_Nasi_Padang_374.jpg,1,1,1,0,0
train_Nasi_Padang_Nasi_Padang_375.jpg,1,1,1,0,0
train_Nasi_Padang_Nasi_Padang_376.jpg,1,1,1,0,0
train_Nasi_Padang_Nasi_Padang_379.jpg,1,1,1,0,0
train_Nasi_Padang_Nasi_Padang_380.jpg,1,1,1,0,0
train_Nasi_Padang_Nasi_Padang_381.jpg,1,1,1,0,0
train_Nasi_Padang_Nasi_Padang_382.jpg,1,1,1,0,0
train_Nasi_Padang_Nasi_Padang_383.jpg,1,1,1,0,0
train_Nasi_Padang_Nasi_Padang_385.jpg,1,1,1,0,0
train_Nasi_Padang_Nasi_Padang_386.jpg,1,1,1,0,0
train_Nasi_Padang_Nasi_Padang_387.jpg,1,1,1,0,0
train_Nasi_Padang_Nasi_Padang_388.jpg,1,1,1,0,0
train_Nasi_Padang_Nasi_Padang_389.jpg,1,1,1,0,0
train_Nasi_Padang_Nasi_Padang_390.jpg,1,1,1,0,0
train_Nasi_Padang_Nasi_Padang_391.jpg,1,1,1,0,0
train_Nasi_Padang_Nasi_Padang_393.jpg,1,1,1,0,0
train_Nasi_Padang_Nasi_Padang_394.jpg,1,1,1,0,0
train_Nasi_Padang_Nasi_Padang_395.jpg,1,1,1,0,0
train_Nasi_Padang_Nasi_Padang_396.jpg,1,1,1,0,0
train_Nasi_Padang_Nasi_Padang_397.jpg,1,1,1,0,0
train_Nasi_Padang_Nasi_Padang_398.jpg,1,1,1,0,0
train_Nasi_Padang_Nasi_Padang_399.jpg,1,1,1,0,0
train_Nasi_Padang_Nasi_Padang_400.jpg,1,1,1,0,0
train_Nasi_Padang_Nasi_Padang_401.jpg,1,1,1,0,0
train_Nasi_Padang_Nasi_Padang_402.jpg,1,1,1,0,0
train_Nasi_Padang_Nasi_Padang_403.jpg,1,1,1,0,0
train_Nasi_Padang_Nasi_Padang_404.jpg,1,1,1,0,0
train_Nasi_Padang_Nasi_Padang_405.jpg,1,1,1,0,0
train_Nasi_Padang_Nasi_Padang_406.jpg,1,1,1,0,0
train_Nasi_Padang_Nasi_Padang_407.jpg,1,1,1,0,0
train_Nasi_Padang_Nasi_Padang_408.jpg,1,1,1,0,0
train_Nasi_Padang_Nasi_Padang_411.jpg,1,1,1,0,0
train_Nasi_Padang_Nasi_Padang_412.jpg,1,1,1,0,0
train_Nasi_Padang_Nasi_Padang_414.jpg,1,1,1,0,0
train_Nasi_Padang_Nasi_Padang_415.jpg,1,1,1,0,0
train_Nasi_Padang_Nasi_Padang_416.jpg,1,1,1,0,0
train_Nasi_Padang_Nasi_Padang_417.jpg,1,1,1,0,0
train_Nasi_Padang_Nasi_Padang_418.jpg,1,1,1,0,0
train_Nasi_Padang_Nasi_Padang_419.jpg,1,1,1,0,0
train_Nasi_Padang_Nasi_Padang_420.jpg,1,1,1,0,0
train_Nasi_Padang_Nasi_Padang_423.jpg,1,1,1,0,0
train_Nasi_Padang_Nasi_Padang_425.jpg,1,1,1,0,0
train_Nasi_Padang_Nasi_Padang_426.jpg,1,1,1,0,0
train_Nasi_Padang_Nasi_Padang_427.jpg,1,1,1,0,0
train_Nasi_Padang_Nasi_Padang_430.jpg,1,1,1,0,0
train_Nasi_Padang_Nasi_Padang_431.jpg,1,1,1,0,0
train_Nasi_Padang_Nasi_Padang_432.jpg,1,1,1,0,0
train_Nasi_Padang_Nasi_Padang_433.jpg,1,1,1,0,0
train_Nasi_Padang_Nasi_Padang_434.jpg,1,1,1,0,0
train_Nasi_Padang_Nasi_Padang_435.jpg,1,1,1,0,0
train_Nasi_Padang_Nasi_Padang_436.jpg,1,1,1,0,0
train_Nasi_Padang_Nasi_Padang_438.jpg,1,1,1,0,0
train_Nasi_Padang_Nasi_Padang_439.jpg,1,1,1,0,0
train_Nasi_Padang_Nasi_Padang_440.jpg,1,1,1,0,0
train_Nasi_Padang_Nasi_Padang_441.jpg,1,1,1,0,0
train_Nasi_Padang_Nasi_Padang_442.jpg,1,1,1,0,0
train_Nasi_Padang_Nasi_Padang_445.jpg,1,1,1,0,0
train_Nasi_Padang_Nasi_Padang_446.jpg,1,1,1,0,0
train_Nasi_Padang_Nasi_Padang_447.jpg,1,1,1,0,0
train_Nasi_Padang_Nasi_Padang_448.jpg,1,1,1,0,0
train_Nasi_Padang_Nasi_Padang_449.jpg,1,1,1,0,0
train_Nasi_Padang_Nasi_Padang_450.jpg,1,1,1,0,0
train_Nasi_Padang_Nasi_Padang_451.jpg,1,1,1,0,0
train_Nasi_Padang_Nasi_Padang_453.jpg,1,1,1,0,0
train_Nasi_Padang_Nasi_Padang_454.jpg,1,1,1,0,0
train_Nasi_Padang_Nasi_Padang_457.jpg,1,1,1,0,0
train_Nasi_Padang_Nasi_Padang_460.jpg,1,1,1,0,0
train_Nasi_Padang_Nasi_Padang_461.jpg,1,1,1,0,0
train_Nasi_Padang_Nasi_Padang_462.jpg,1,1,1,0,0
train_Nasi_Padang_Nasi_Padang_464.jpg,1,1,1,0,0
train_Nasi_Padang_Nasi_Padang_465.jpg,1,1,1,0,0
train_Nasi_Padang_Nasi_Padang_466.jpg,1,1,1,0,0
train_Nasi_Padang_Nasi_Padang_467.jpg,1,1,1,0,0
train_Nasi_Padang_Nasi_Padang_468.jpg,1,1,1,0,0
train_Nasi_Padang_Nasi_Padang_469.jpg,1,1,1,0,0
train_Nasi_Padang_Nasi_Padang_470.jpg,1,1,1,0,0
train_Nasi_Padang_Nasi_Padang_471.jpg,1,1,1,0,0
train_Nasi_Padang_Nasi_Padang_473.jpg,1,1,1,0,0
train_Nasi_Padang_Nasi_Padang_474.jpg,1,1,1,0,0
train_Nasi_Padang_Nasi_Padang_476.jpg,1,1,1,0,0
train_Nasi_Padang_Nasi_Padang_479.jpg,1,1,1,0,0
train_Nasi_Padang_Nasi_Padang_480.jpg,1,1,1,0,0
train_Nasi_Padang_Nasi_Padang_481.jpg,1,1,1,0,0
train_Nasi_Padang_Nasi_Padang_482.jpg,1,1,1,0,0
train_Nasi_Padang_Nasi_Padang_483.jpg,1,1,1,0,0
train_Nasi_Padang_Nasi_Padang_484.jpg,1,1,1,0,0
train_Nasi_Padang_Nasi_Padang_486.jpg,1,1,1,0,0
train_Nasi_Padang_Nasi_Padang_487.jpg,1,1,1,0,0
train_Nasi_Padang_Nasi_Padang_488.jpg,1,1,1,0,0
train_Nasi_Padang_Nasi_Padang_490.jpg,1,1,1,0,0
train_Nasi_Padang_Nasi_Padang_492.jpg,1,1,1,0,0
train_Nasi_Padang_Nasi_Padang_493.jpg,1,1,1,0,0
train_Nasi_Padang_Nasi_Padang_494.jpg,1,1,1,0,0
train_Nasi_Padang_Nasi_Padang_495.jpg,1,1,1,0,0
train_Nasi_Padang_Nasi_Padang_496.jpg,1,1,1,0,0
train_Nasi_Padang_Nasi_Padang_498.jpg,1,1,1,0,0
train_Nasi_Padang_Nasi_Padang_499.jpg,1,1,1,0,0
train_Nasi_Padang_Nasi_Padang_500.jpg,1,1,1,0,0
train_Pizza_Pizza_001.jpg,1,1,0,0,1
train_Pizza_Pizza_002.jpg,1,1,0,0,1
train_Pizza_Pizza_004.jpg,1,1,0,0,1
train_Pizza_Pizza_005.jpg,1,1,0,0,1
train_Pizza_Pizza_006.jpg,1,1,0,0,1
train_Pizza_Pizza_007.jpg,1,1,0,0,1
train_Pizza_Pizza_008.jpg,1,1,0,0,1
train_Pizza_Pizza_009.jpg,1,1,0,0,1
train_Pizza_Pizza_011.jpg,1,1,0,0,1
train_Pizza_Pizza_013.jpg,1,1,0,0,1
train_Pizza_Pizza_015.jpg,1,1,0,0,1
train_Pizza_Pizza_016.jpg,1,1,0,0,1
train_Pizza_Pizza_018.jpg,1,1,0,0,1
train_Pizza_Pizza_019.jpg,1,1,0,0,1
train_Pizza_Pizza_020.jpg,1,1,0,0,1
train_Pizza_Pizza_021.jpg,1,1,0,0,1
train_Pizza_Pizza_022.jpg,1,1,0,0,1
train_Pizza_Pizza_025.jpg,1,1,0,0,1
train_Pizza_Pizza_027.jpg,1,1,0,0,1
train_Pizza_Pizza_028.jpg,1,1,0,0,1
train_Pizza_Pizza_029.jpg,1,1,0,0,1
train_Pizza_Pizza_030.jpg,1,1,0,0,1
train_Pizza_Pizza_031.jpg,1,1,0,0,1
train_Pizza_Pizza_032.jpg,1,1,0,0,1
train_Pizza_Pizza_033.jpg,1,1,0,0,1
train_Pizza_Pizza_034.jpg,1,1,0,0,1
train_Pizza_Pizza_035.jpg,1,1,0,0,1
train_Pizza_Pizza_036.jpg,1,1,0,0,1
train_Pizza_Pizza_037.jpg,1,1,0,0,1
train_Pizza_Pizza_038.jpg,1,1,0,0,1
train_Pizza_Pizza_040.jpg,1,1,0,0,1
train_Pizza_Pizza_041.jpg,1,1,0,0,1
train_Pizza_Pizza_043.jpg,1,1,0,0,1
train_Pizza_Pizza_044.jpg,1,1,0,0,1
train_Pizza_Pizza_045.jpg,1,1,0,0,1
train_Pizza_Pizza_046.jpg,1,1,0,0,1
train_Pizza_Pizza_047.jpg,1,1,0,0,1
train_Pizza_Pizza_048.jpg,1,1,0,0,1
train_Pizza_Pizza_049.jpg,1,1,0,0,1
train_Pizza_Pizza_050.jpg,1,1,0,0,1
train_Pizza_Pizza_051.jpg,1,1,0,0,1
train_Pizza_Pizza_052.jpg,1,1,0,0,1
train_Pizza_Pizza_053.jpg,1,1,0,0,1
train_Pizza_Pizza_055.jpg,1,1,0,0,1
train_Pizza_Pizza_056.jpg,1,1,0,0,1
train_Pizza_Pizza_058.jpg,1,1,0,0,1
train_Pizza_Pizza_059.jpg,1,1,0,0,1
train_Pizza_Pizza_060.jpg,1,1,0,0,1
train_Pizza_Pizza_061.jpg,1,1,0,0,1
train_Pizza_Pizza_062.jpg,1,1,0,0,1
train_Pizza_Pizza_063.jpg,1,1,0,0,1
train_Pizza_Pizza_064.jpg,1,1,0,0,1
train_Pizza_Pizza_068.jpg,1,1,0,0,1
train_Pizza_Pizza_069.jpg,1,1,0,0,1
train_Pizza_Pizza_070.jpg,1,1,0,0,1
train_Pizza_Pizza_072.jpg,1,1,0,0,1
train_Pizza_Pizza_073.jpg,1,1,0,0,1
train_Pizza_Pizza_074.jpg,1,1,0,0,1
train_Pizza_Pizza_075.jpg,1,1,0,0,1
train_Pizza_Pizza_077.jpg,1,1,0,0,1
train_Pizza_Pizza_079.jpg,1,1,0,0,1
train_Pizza_Pizza_080.jpg,1,1,0,0,1
train_Pizza_Pizza_082.jpg,1,1,0,0,1
train_Pizza_Pizza_083.jpg,1,1,0,0,1
train_Pizza_Pizza_085.jpg,1,1,0,0,1
train_Pizza_Pizza_086.jpg,1,1,0,0,1
train_Pizza_Pizza_088.jpg,1,1,0,0,1
train_Pizza_Pizza_089.jpg,1,1,0,0,1
train_Pizza_Pizza_090.jpg,1,1,0,0,1
train_Pizza_Pizza_091.jpg,1,1,0,0,1
train_Pizza_Pizza_092.jpg,1,1,0,0,1
train_Pizza_Pizza_093.jpg,1,1,0,0,1
train_Pizza_Pizza_094.jpg,1,1,0,0,1
train_Pizza_Pizza_095.jpg,1,1,0,0,1
train_Pizza_Pizza_096.jpg,1,1,0,0,1
train_Pizza_Pizza_098.jpg,1,1,0,0,1
train_Pizza_Pizza_099.jpg,1,1,0,0,1
train_Pizza_Pizza_100.jpg,1,1,0,0,1
train_Pizza_Pizza_102.jpg,1,1,0,0,1
train_Pizza_Pizza_103.jpg,1,1,0,0,1
train_Pizza_Pizza_104.jpg,1,1,0,0,1
train_Pizza_Pizza_105.jpg,1,1,0,0,1
train_Pizza_Pizza_106.jpg,1,1,0,0,1
train_Pizza_Pizza_107.jpg,1,1,0,0,1
train_Pizza_Pizza_108.jpg,1,1,0,0,1
train_Pizza_Pizza_109.jpg,1,1,0,0,1
train_Pizza_Pizza_110.jpg,1,1,0,0,1
train_Pizza_Pizza_112.jpg,1,1,0,0,1
train_Pizza_Pizza_114.jpg,1,1,0,0,1
train_Pizza_Pizza_115.jpg,1,1,0,0,1
train_Pizza_Pizza_117.jpg,1,1,0,0,1
train_Pizza_Pizza_118.jpg,1,1,0,0,1
train_Pizza_Pizza_119.jpg,1,1,0,0,1
train_Pizza_Pizza_120.jpg,1,1,0,0,1
train_Pizza_Pizza_121.jpg,1,1,0,0,1
train_Pizza_Pizza_122.jpg,1,1,0,0,1
train_Pizza_Pizza_123.jpg,1,1,0,0,1
train_Pizza_Pizza_124.jpg,1,1,0,0,1
train_Pizza_Pizza_125.jpg,1,1,0,0,1
train_Pizza_Pizza_126.jpg,1,1,0,0,1
train_Pizza_Pizza_127.jpg,1,1,0,0,1
train_Pizza_Pizza_128.jpg,1,1,0,0,1
train_Pizza_Pizza_130.jpg,1,1,0,0,1
train_Pizza_Pizza_131.jpg,1,1,0,0,1
train_Pizza_Pizza_132.jpg,1,1,0,0,1
train_Pizza_Pizza_133.jpg,1,1,0,0,1
train_Pizza_Pizza_134.jpg,1,1,0,0,1
train_Pizza_Pizza_135.jpg,1,1,0,0,1
train_Pizza_Pizza_137.jpg,1,1,0,0,1
train_Pizza_Pizza_138.jpg,1,1,0,0,1
train_Pizza_Pizza_139.jpg,1,1,0,0,1
train_Pizza_Pizza_140.jpg,1,1,0,0,1
train_Pizza_Pizza_141.jpg,1,1,0,0,1
train_Pizza_Pizza_142.jpg,1,1,0,0,1
train_Pizza_Pizza_143.jpg,1,1,0,0,1
train_Pizza_Pizza_144.jpg,1,1,0,0,1
train_Pizza_Pizza_145.jpg,1,1,0,0,1
train_Pizza_Pizza_146.jpg,1,1,0,0,1
train_Pizza_Pizza_147.jpg,1,1,0,0,1
train_Pizza_Pizza_148.jpg,1,1,0,0,1
train_Pizza_Pizza_149.jpg,1,1,0,0,1
train_Pizza_Pizza_150.jpg,1,1,0,0,1
train_Pizza_Pizza_151.jpg,1,1,0,0,1
train_Pizza_Pizza_152.jpg,1,1,0,0,1
train_Pizza_Pizza_153.jpg,1,1,0,0,1
train_Pizza_Pizza_154.jpg,1,1,0,0,1
train_Pizza_Pizza_155.jpg,1,1,0,0,1
train_Pizza_Pizza_156.jpg,1,1,0,0,1
train_Pizza_Pizza_157.jpg,1,1,0,0,1
train_Pizza_Pizza_160.jpg,1,1,0,0,1
train_Pizza_Pizza_161.jpg,1,1,0,0,1
train_Pizza_Pizza_163.jpg,1,1,0,0,1
train_Pizza_Pizza_164.jpg,1,1,0,0,1
train_Pizza_Pizza_165.jpg,1,1,0,0,1
train_Pizza_Pizza_166.jpg,1,1,0,0,1
train_Pizza_Pizza_168.jpg,1,1,0,0,1
train_Pizza_Pizza_170.jpg,1,1,0,0,1
train_Pizza_Pizza_171.jpg,1,1,0,0,1
train_Pizza_Pizza_172.jpg,1,1,0,0,1
train_Pizza_Pizza_173.jpg,1,1,0,0,1
train_Pizza_Pizza_174.jpg,1,1,0,0,1
train_Pizza_Pizza_175.jpg,1,1,0,0,1
train_Pizza_Pizza_176.jpg,1,1,0,0,1
train_Pizza_Pizza_177.jpg,1,1,0,0,1
train_Pizza_Pizza_178.jpg,1,1,0,0,1
train_Pizza_Pizza_179.jpg,1,1,0,0,1
train_Pizza_Pizza_180.jpg,1,1,0,0,1
train_Pizza_Pizza_181.jpg,1,1,0,0,1
train_Pizza_Pizza_184.jpg,1,1,0,0,1
train_Pizza_Pizza_185.jpg,1,1,0,0,1
train_Pizza_Pizza_187.jpg,1,1,0,0,1
train_Pizza_Pizza_188.jpg,1,1,0,0,1
train_Pizza_Pizza_189.jpg,1,1,0,0,1
train_Pizza_Pizza_190.jpg,1,1,0,0,1
train_Pizza_Pizza_191.jpg,1,1,0,0,1
train_Pizza_Pizza_192.jpg,1,1,0,0,1
train_Pizza_Pizza_195.jpg,1,1,0,0,1
train_Pizza_Pizza_196.jpg,1,1,0,0,1
train_Pizza_Pizza_197.jpg,1,1,0,0,1
train_Pizza_Pizza_198.jpg,1,1,0,0,1
train_Pizza_Pizza_199.jpg,1,1,0,0,1
train_Pizza_Pizza_201.jpg,1,1,0,0,1
train_Pizza_Pizza_203.jpg,1,1,0,0,1
train_Pizza_Pizza_204.jpg,1,1,0,0,1
train_Pizza_Pizza_206.jpg,1,1,0,0,1
train_Pizza_Pizza_207.jpg,1,1,0,0,1
train_Pizza_Pizza_208.jpg,1,1,0,0,1
train_Pizza_Pizza_210.jpg,1,1,0,0,1
train_Pizza_Pizza_212.jpg,1,1,0,0,1
train_Pizza_Pizza_213.jpg,1,1,0,0,1
train_Pizza_Pizza_215.jpg,1,1,0,0,1
train_Pizza_Pizza_216.jpg,1,1,0,0,1
train_Pizza_Pizza_217.jpg,1,1,0,0,1
train_Pizza_Pizza_218.jpg,1,1,0,0,1
train_Pizza_Pizza_219.jpg,1,1,0,0,1
train_Pizza_Pizza_220.jpg,1,1,0,0,1
train_Pizza_Pizza_222.jpg,1,1,0,0,1
train_Pizza_Pizza_223.jpg,1,1,0,0,1
train_Pizza_Pizza_224.jpg,1,1,0,0,1
train_Pizza_Pizza_225.jpg,1,1,0,0,1
train_Pizza_Pizza_226.jpg,1,1,0,0,1
train_Pizza_Pizza_227.jpg,1,1,0,0,1
train_Pizza_Pizza_228.jpg,1,1,0,0,1
train_Pizza_Pizza_229.jpg,1,1,0,0,1
train_Pizza_Pizza_230.jpg,1,1,0,0,1
train_Pizza_Pizza_231.jpg,1,1,0,0,1
train_Pizza_Pizza_232.jpg,1,1,0,0,1
train_Pizza_Pizza_233.jpg,1,1,0,0,1
train_Pizza_Pizza_235.jpg,1,1,0,0,1
train_Pizza_Pizza_236.jpg,1,1,0,0,1
train_Pizza_Pizza_237.jpg,1,1,0,0,1
train_Pizza_Pizza_239.jpg,1,1,0,0,1
train_Pizza_Pizza_240.jpg,1,1,0,0,1
train_Pizza_Pizza_241.jpg,1,1,0,0,1
train_Pizza_Pizza_242.jpg,1,1,0,0,1
train_Pizza_Pizza_243.jpg,1,1,0,0,1
train_Pizza_Pizza_244.jpg,1,1,0,0,1
train_Pizza_Pizza_245.jpg,1,1,0,0,1
train_Pizza_Pizza_246.jpg,1,1,0,0,1
train_Pizza_Pizza_247.jpg,1,1,0,0,1
train_Pizza_Pizza_248.jpg,1,1,0,0,1
train_Pizza_Pizza_250.jpg,1,1,0,0,1
train_Pizza_Pizza_251.jpg,1,1,0,0,1
train_Pizza_Pizza_253.jpg,1,1,0,0,1
train_Pizza_Pizza_254.jpg,1,1,0,0,1
train_Pizza_Pizza_255.jpg,1,1,0,0,1
train_Pizza_Pizza_256.jpg,1,1,0,0,1
train_Pizza_Pizza_257.jpg,1,1,0,0,1
train_Pizza_Pizza_258.jpg,1,1,0,0,1
train_Pizza_Pizza_259.jpg,1,1,0,0,1
train_Pizza_Pizza_260.jpg,1,1,0,0,1
train_Pizza_Pizza_261.jpg,1,1,0,0,1
train_Pizza_Pizza_262.jpg,1,1,0,0,1
train_Pizza_Pizza_266.jpg,1,1,0,0,1
train_Pizza_Pizza_267.jpg,1,1,0,0,1
train_Pizza_Pizza_268.jpg,1,1,0,0,1
train_Pizza_Pizza_269.jpg,1,1,0,0,1
train_Pizza_Pizza_270.jpg,1,1,0,0,1
train_Pizza_Pizza_271.jpg,1,1,0,0,1
train_Pizza_Pizza_272.jpg,1,1,0,0,1
train_Pizza_Pizza_274.jpg,1,1,0,0,1
train_Pizza_Pizza_275.jpg,1,1,0,0,1
train_Pizza_Pizza_276.jpg,1,1,0,0,1
train_Pizza_Pizza_277.jpg,1,1,0,0,1
train_Pizza_Pizza_278.jpg,1,1,0,0,1
train_Pizza_Pizza_280.jpg,1,1,0,0,1
train_Pizza_Pizza_281.jpg,1,1,0,0,1
train_Pizza_Pizza_282.jpg,1,1,0,0,1
train_Pizza_Pizza_283.jpg,1,1,0,0,1
train_Pizza_Pizza_284.jpg,1,1,0,0,1
train_Pizza_Pizza_285.jpg,1,1,0,0,1
train_Pizza_Pizza_286.jpg,1,1,0,0,1
train_Pizza_Pizza_287.jpg,1,1,0,0,1
train_Pizza_Pizza_288.jpg,1,1,0,0,1
train_Pizza_Pizza_289.jpg,1,1,0,0,1
train_Pizza_Pizza_290.jpg,1,1,0,0,1
train_Pizza_Pizza_291.jpg,1,1,0,0,1
train_Pizza_Pizza_292.jpg,1,1,0,0,1
train_Pizza_Pizza_294.jpg,1,1,0,0,1
train_Pizza_Pizza_295.jpg,1,1,0,0,1
train_Pizza_Pizza_296.jpg,1,1,0,0,1
train_Pizza_Pizza_298.jpg,1,1,0,0,1
train_Pizza_Pizza_299.jpg,1,1,0,0,1
train_Pizza_Pizza_302.jpg,1,1,0,0,1
train_Pizza_Pizza_303.jpg,1,1,0,0,1
train_Pizza_Pizza_305.jpg,1,1,0,0,1
train_Pizza_Pizza_306.jpg,1,1,0,0,1
train_Pizza_Pizza_307.jpg,1,1,0,0,1
train_Pizza_Pizza_308.jpg,1,1,0,0,1
train_Pizza_Pizza_309.jpg,1,1,0,0,1
train_Pizza_Pizza_310.jpg,1,1,0,0,1
train_Pizza_Pizza_312.jpg,1,1,0,0,1
train_Pizza_Pizza_314.jpg,1,1,0,0,1
train_Pizza_Pizza_315.jpg,1,1,0,0,1
train_Pizza_Pizza_316.jpg,1,1,0,0,1
train_Pizza_Pizza_317.jpg,1,1,0,0,1
train_Pizza_Pizza_318.jpg,1,1,0,0,1
train_Pizza_Pizza_319.jpg,1,1,0,0,1
train_Pizza_Pizza_320.jpg,1,1,0,0,1
train_Pizza_Pizza_321.jpg,1,1,0,0,1
train_Pizza_Pizza_322.jpg,1,1,0,0,1
train_Pizza_Pizza_323.jpg,1,1,0,0,1
train_Pizza_Pizza_324.jpg,1,1,0,0,1
train_Pizza_Pizza_325.jpg,1,1,0,0,1
train_Pizza_Pizza_326.jpg,1,1,0,0,1
train_Pizza_Pizza_327.jpg,1,1,0,0,1
train_Pizza_Pizza_328.jpg,1,1,0,0,1
train_Pizza_Pizza_329.jpg,1,1,0,0,1
train_Pizza_Pizza_330.jpg,1,1,0,0,1
train_Pizza_Pizza_333.jpg,1,1,0,0,1
train_Pizza_Pizza_334.jpg,1,1,0,0,1
train_Pizza_Pizza_335.jpg,1,1,0,0,1
train_Pizza_Pizza_336.jpg,1,1,0,0,1
train_Pizza_Pizza_337.jpg,1,1,0,0,1
train_Pizza_Pizza_338.jpg,1,1,0,0,1
train_Pizza_Pizza_339.jpg,1,1,0,0,1
train_Pizza_Pizza_342.jpg,1,1,0,0,1
train_Pizza_Pizza_343.jpg,1,1,0,0,1
train_Pizza_Pizza_344.jpg,1,1,0,0,1
train_Pizza_Pizza_346.jpg,1,1,0,0,1
train_Pizza_Pizza_347.jpg,1,1,0,0,1
train_Pizza_Pizza_348.jpg,1,1,0,0,1
train_Pizza_Pizza_349.jpg,1,1,0,0,1
train_Pizza_Pizza_350.jpg,1,1,0,0,1
train_Pizza_Pizza_351.jpg,1,1,0,0,1
train_Pizza_Pizza_352.jpg,1,1,0,0,1
train_Pizza_Pizza_353.jpg,1,1,0,0,1
train_Pizza_Pizza_354.jpg,1,1,0,0,1
train_Pizza_Pizza_355.jpg,1,1,0,0,1
train_Pizza_Pizza_357.jpg,1,1,0,0,1
train_Pizza_Pizza_358.jpg,1,1,0,0,1
train_Pizza_Pizza_359.jpg,1,1,0,0,1
train_Pizza_Pizza_360.jpg,1,1,0,0,1
train_Pizza_Pizza_361.jpg,1,1,0,0,1
train_Pizza_Pizza_362.jpg,1,1,0,0,1
train_Pizza_Pizza_363.jpg,1,1,0,0,1
train_Pizza_Pizza_364.jpg,1,1,0,0,1
train_Pizza_Pizza_365.jpg,1,1,0,0,1
train_Pizza_Pizza_367.jpg,1,1,0,0,1
train_Pizza_Pizza_368.jpg,1,1,0,0,1
train_Pizza_Pizza_369.jpg,1,1,0,0,1
train_Pizza_Pizza_370.jpg,1,1,0,0,1
train_Pizza_Pizza_371.jpg,1,1,0,0,1
train_Pizza_Pizza_372.jpg,1,1,0,0,1
train_Pizza_Pizza_374.jpg,1,1,0,0,1
train_Pizza_Pizza_375.jpg,1,1,0,0,1
train_Pizza_Pizza_376.jpg,1,1,0,0,1
train_Pizza_Pizza_378.jpg,1,1,0,0,1
train_Pizza_Pizza_380.jpg,1,1,0,0,1
train_Pizza_Pizza_381.jpg,1,1,0,0,1
train_Pizza_Pizza_383.jpg,1,1,0,0,1
train_Pizza_Pizza_384.jpg,1,1,0,0,1
train_Pizza_Pizza_385.jpg,1,1,0,0,1
train_Pizza_Pizza_386.jpg,1,1,0,0,1
train_Pizza_Pizza_388.jpg,1,1,0,0,1
train_Pizza_Pizza_389.jpg,1,1,0,0,1
train_Pizza_Pizza_390.jpg,1,1,0,0,1
train_Pizza_Pizza_391.jpg,1,1,0,0,1
train_Pizza_Pizza_392.jpg,1,1,0,0,1
train_Pizza_Pizza_394.jpg,1,1,0,0,1
train_Pizza_Pizza_395.jpg,1,1,0,0,1
train_Pizza_Pizza_396.jpg,1,1,0,0,1
train_Pizza_Pizza_397.jpg,1,1,0,0,1
train_Pizza_Pizza_398.jpg,1,1,0,0,1
train_Pizza_Pizza_399.jpg,1,1,0,0,1
train_Pizza_Pizza_400.jpg,1,1,0,0,1
train_Pizza_Pizza_401.jpg,1,1,0,0,1
train_Pizza_Pizza_402.jpg,1,1,0,0,1
train_Pizza_Pizza_403.jpg,1,1,0,0,1
train_Pizza_Pizza_404.jpg,1,1,0,0,1
train_Pizza_Pizza_405.jpg,1,1,0,0,1
train_Pizza_Pizza_407.jpg,1,1,0,0,1
train_Pizza_Pizza_408.jpg,1,1,0,0,1
train_Pizza_Pizza_409.jpg,1,1,0,0,1
train_Pizza_Pizza_411.jpg,1,1,0,0,1
train_Pizza_Pizza_412.jpg,1,1,0,0,1
train_Pizza_Pizza_413.jpg,1,1,0,0,1
train_Pizza_Pizza_415.jpg,1,1,0,0,1
train_Pizza_Pizza_416.jpg,1,1,0,0,1
train_Pizza_Pizza_417.jpg,1,1,0,0,1
train_Pizza_Pizza_419.jpg,1,1,0,0,1
train_Pizza_Pizza_420.jpg,1,1,0,0,1
train_Pizza_Pizza_421.jpg,1,1,0,0,1
train_Pizza_Pizza_422.jpg,1,1,0,0,1
train_Pizza_Pizza_425.jpg,1,1,0,0,1
train_Pizza_Pizza_426.jpg,1,1,0,0,1
train_Pizza_Pizza_428.jpg,1,1,0,0,1
train_Pizza_Pizza_429.jpg,1,1,0,0,1
train_Pizza_Pizza_430.jpg,1,1,0,0,1
train_Pizza_Pizza_431.jpg,1,1,0,0,1
train_Pizza_Pizza_432.jpg,1,1,0,0,1
train_Pizza_Pizza_433.jpg,1,1,0,0,1
train_Pizza_Pizza_434.jpg,1,1,0,0,1
train_Pizza_Pizza_435.jpg,1,1,0,0,1
train_Pizza_Pizza_436.jpg,1,1,0,0,1
train_Pizza_Pizza_438.jpg,1,1,0,0,1
train_Pizza_Pizza_439.jpg,1,1,0,0,1
train_Pizza_Pizza_440.jpg,1,1,0,0,1
train_Pizza_Pizza_441.jpg,1,1,0,0,1
train_Pizza_Pizza_442.jpg,1,1,0,0,1
train_Pizza_Pizza_443.jpg,1,1,0,0,1
train_Pizza_Pizza_444.jpg,1,1,0,0,1
train_Pizza_Pizza_446.jpg,1,1,0,0,1
train_Pizza_Pizza_448.jpg,1,1,0,0,1
train_Pizza_Pizza_449.jpg,1,1,0,0,1
train_Pizza_Pizza_450.jpg,1,1,0,0,1
train_Pizza_Pizza_451.jpg,1,1,0,0,1
train_Pizza_Pizza_454.jpg,1,1,0,0,1
train_Pizza_Pizza_455.jpg,1,1,0,0,1
train_Pizza_Pizza_456.jpg,1,1,0,0,1
train_Pizza_Pizza_457.jpg,1,1,0,0,1
train_Pizza_Pizza_458.jpg,1,1,0,0,1
train_Pizza_Pizza_459.jpg,1,1,0,0,1
train_Pizza_Pizza_462.jpg,1,1,0,0,1
train_Pizza_Pizza_463.jpg,1,1,0,0,1
train_Pizza_Pizza_464.jpg,1,1,0,0,1
train_Pizza_Pizza_468.jpg,1,1,0,0,1
train_Pizza_Pizza_469.jpg,1,1,0,0,1
train_Pizza_Pizza_470.jpg,1,1,0,0,1
train_Pizza_Pizza_472.jpg,1,1,0,0,1
train_Pizza_Pizza_473.jpg,1,1,0,0,1
train_Pizza_Pizza_474.jpg,1,1,0,0,1
train_Pizza_Pizza_475.jpg,1,1,0,0,1
train_Pizza_Pizza_477.jpg,1,1,0,0,1
train_Pizza_Pizza_478.jpg,1,1,0,0,1
train_Pizza_Pizza_479.jpg,1,1,0,0,1
train_Pizza_Pizza_480.jpg,1,1,0,0,1
train_Pizza_Pizza_481.jpg,1,1,0,0,1
train_Pizza_Pizza_482.jpg,1,1,0,0,1
train_Pizza_Pizza_484.jpg,1,1,0,0,1
train_Pizza_Pizza_486.jpg,1,1,0,0,1
train_Pizza_Pizza_489.jpg,1,1,0,0,1
train_Pizza_Pizza_490.jpg,1,1,0,0,1
train_Pizza_Pizza_491.jpg,1,1,0,0,1
train_Pizza_Pizza_492.jpg,1,1,0,0,1
train_Pizza_Pizza_493.jpg,1,1,0,0,1
train_Pizza_Pizza_494.jpg,1,1,0,0,1
train_Pizza_Pizza_495.jpg,1,1,0,0,1
train_Pizza_Pizza_497.jpg,1,1,0,0,1
train_Pizza_Pizza_498.jpg,1,1,0,0,1
train_Rawon_Rawon_001.jpg,0,1,0,0,0
train_Rawon_Rawon_003.jpg,0,1,0,0,0
train_Rawon_Rawon_004.jpg,0,1,0,0,0
train_Rawon_Rawon_005.jpg,0,1,0,0,0
train_Rawon_Rawon_006.jpg,0,1,0,0,0
train_Rawon_Rawon_007.jpg,0,1,0,0,0
train_Rawon_Rawon_008.jpg,0,1,0,0,0
train_Rawon_Rawon_009.jpg,0,1,0,0,0
train_Rawon_Rawon_011.jpg,0,1,0,0,0
train_Rawon_Rawon_012.jpg,0,1,0,0,0
train_Rawon_Rawon_013.jpg,0,1,0,0,0
train_Rawon_Rawon_014.jpg,0,1,0,0,0
train_Rawon_Rawon_016.jpg,0,1,0,0,0
train_Rawon_Rawon_018.jpg,0,1,0,0,0
train_Rawon_Rawon_019.jpg,0,1,0,0,0
train_Rawon_Rawon_020.jpg,0,1,0,0,0
train_Rawon_Rawon_021.jpg,0,1,0,0,0
train_Rawon_Rawon_022.jpg,0,1,0,0,0
train_Rawon_Rawon_023.jpg,0,1,0,0,0
train_Rawon_Rawon_024.jpg,0,1,0,0,0
train_Rawon_Rawon_027.jpg,0,1,0,0,0
train_Rawon_Rawon_028.jpg,0,1,0,0,0
train_Rawon_Rawon_029.jpg,0,1,0,0,0
train_Rawon_Rawon_030.jpg,0,1,0,0,0
train_Rawon_Rawon_031.jpg,0,1,0,0,0
train_Rawon_Rawon_032.jpg,0,1,0,0,0
train_Rawon_Rawon_033.jpg,0,1,0,0,0
train_Rawon_Rawon_035.jpg,0,1,0,0,0
train_Rawon_Rawon_036.jpg,0,1,0,0,0
train_Rawon_Rawon_037.jpg,0,1,0,0,0
train_Rawon_Rawon_038.jpg,0,1,0,0,0
train_Rawon_Rawon_039.jpg,0,1,0,0,0
train_Rawon_Rawon_040.jpg,0,1,0,0,0
train_Rawon_Rawon_041.jpg,0,1,0,0,0
train_Rawon_Rawon_042.jpg,0,1,0,0,0
train_Rawon_Rawon_044.jpg,0,1,0,0,0
train_Rawon_Rawon_046.jpg,0,1,0,0,0
train_Rawon_Rawon_047.jpg,0,1,0,0,0
train_Rawon_Rawon_049.jpg,0,1,0,0,0
train_Rawon_Rawon_052.jpg,0,1,0,0,0
train_Rawon_Rawon_053.jpg,0,1,0,0,0
train_Rawon_Rawon_055.jpg,0,1,0,0,0
train_Rawon_Rawon_056.jpg,0,1,0,0,0
train_Rawon_Rawon_058.jpg,0,1,0,0,0
train_Rawon_Rawon_059.jpg,0,1,0,0,0
train_Rawon_Rawon_060.jpg,0,1,0,0,0
train_Rawon_Rawon_061.jpg,0,1,0,0,0
train_Rawon_Rawon_062.jpg,0,1,0,0,0
train_Rawon_Rawon_063.jpg,0,1,0,0,0
train_Rawon_Rawon_064.jpg,0,1,0,0,0
train_Rawon_Rawon_065.jpg,0,1,0,0,0
train_Rawon_Rawon_067.jpg,0,1,0,0,0
train_Rawon_Rawon_069.jpg,0,1,0,0,0
train_Rawon_Rawon_070.jpg,0,1,0,0,0
train_Rawon_Rawon_071.jpg,0,1,0,0,0
train_Rawon_Rawon_072.jpg,0,1,0,0,0
train_Rawon_Rawon_073.jpg,0,1,0,0,0
train_Rawon_Rawon_074.jpg,0,1,0,0,0
train_Rawon_Rawon_075.jpg,0,1,0,0,0
train_Rawon_Rawon_076.jpg,0,1,0,0,0
train_Rawon_Rawon_077.jpg,0,1,0,0,0
train_Rawon_Rawon_078.jpg,0,1,0,0,0
train_Rawon_Rawon_080.jpg,0,1,0,0,0
train_Rawon_Rawon_081.jpg,0,1,0,0,0
train_Rawon_Rawon_082.jpg,0,1,0,0,0
train_Rawon_Rawon_083.jpg,0,1,0,0,0
train_Rawon_Rawon_084.jpg,0,1,0,0,0
train_Rawon_Rawon_085.jpg,0,1,0,0,0
train_Rawon_Rawon_086.jpg,0,1,0,0,0
train_Rawon_Rawon_088.jpg,0,1,0,0,0
train_Rawon_Rawon_089.jpg,0,1,0,0,0
train_Rawon_Rawon_090.jpg,0,1,0,0,0
train_Rawon_Rawon_091.jpg,0,1,0,0,0
train_Rawon_Rawon_092.jpg,0,1,0,0,0
train_Rawon_Rawon_095.jpg,0,1,0,0,0
train_Rawon_Rawon_097.jpg,0,1,0,0,0
train_Rawon_Rawon_098.jpg,0,1,0,0,0
train_Rawon_Rawon_099.jpg,0,1,0,0,0
train_Rawon_Rawon_100.jpg,0,1,0,0,0
train_Rawon_Rawon_101.jpg,0,1,0,0,0
train_Rawon_Rawon_102.jpg,0,1,0,0,0
train_Rawon_Rawon_103.jpg,0,1,0,0,0
train_Rawon_Rawon_104.jpg,0,1,0,0,0
train_Rawon_Rawon_106.jpg,0,1,0,0,0
train_Rawon_Rawon_107.jpg,0,1,0,0,0
train_Rawon_Rawon_108.jpg,0,1,0,0,0
train_Rawon_Rawon_109.jpg,0,1,0,0,0
train_Rawon_Rawon_110.jpg,0,1,0,0,0
train_Rawon_Rawon_111.jpg,0,1,0,0,0
train_Rawon_Rawon_112.jpg,0,1,0,0,0
train_Rawon_Rawon_114.jpg,0,1,0,0,0
train_Rawon_Rawon_115.jpg,0,1,0,0,0
train_Rawon_Rawon_117.jpg,0,1,0,0,0
train_Rawon_Rawon_118.jpg,0,1,0,0,0
train_Rawon_Rawon_119.jpg,0,1,0,0,0
train_Rawon_Rawon_121.jpg,0,1,0,0,0
train_Rawon_Rawon_122.jpg,0,1,0,0,0
train_Rawon_Rawon_124.jpg,0,1,0,0,0
train_Rawon_Rawon_125.jpg,0,1,0,0,0
train_Rawon_Rawon_126.jpg,0,1,0,0,0
train_Rawon_Rawon_127.jpg,0,1,0,0,0
train_Rawon_Rawon_128.jpg,0,1,0,0,0
train_Rawon_Rawon_129.jpg,0,1,0,0,0
train_Rawon_Rawon_130.jpg,0,1,0,0,0
train_Rawon_Rawon_131.jpg,0,1,0,0,0
train_Rawon_Rawon_132.jpg,0,1,0,0,0
train_Rawon_Rawon_133.jpg,0,1,0,0,0
train_Rawon_Rawon_134.jpg,0,1,0,0,0
train_Rawon_Rawon_135.jpg,0,1,0,0,0
train_Rawon_Rawon_136.jpg,0,1,0,0,0
train_Rawon_Rawon_137.jpg,0,1,0,0,0
train_Rawon_Rawon_139.jpg,0,1,0,0,0
train_Rawon_Rawon_143.jpg,0,1,0,0,0
train_Rawon_Rawon_144.jpg,0,1,0,0,0
train_Rawon_Rawon_145.jpg,0,1,0,0,0
train_Rawon_Rawon_146.jpg,0,1,0,0,0
train_Rawon_Rawon_147.jpg,0,1,0,0,0
train_Rawon_Rawon_148.jpg,0,1,0,0,0
train_Rawon_Rawon_149.jpg,0,1,0,0,0
train_Rawon_Rawon_150.jpg,0,1,0,0,0
train_Rawon_Rawon_152.jpg,0,1,0,0,0
train_Rawon_Rawon_153.jpg,0,1,0,0,0
train_Rawon_Rawon_154.jpg,0,1,0,0,0
train_Rawon_Rawon_155.jpg,0,1,0,0,0
train_Rawon_Rawon_157.jpg,0,1,0,0,0
train_Rawon_Rawon_158.jpg,0,1,0,0,0
train_Rawon_Rawon_159.jpg,0,1,0,0,0
train_Rawon_Rawon_160.jpg,0,1,0,0,0
train_Rawon_Rawon_161.jpg,0,1,0,0,0
train_Rawon_Rawon_162.jpg,0,1,0,0,0
train_Rawon_Rawon_163.jpg,0,1,0,0,0
train_Rawon_Rawon_165.jpg,0,1,0,0,0
train_Rawon_Rawon_166.jpg,0,1,0,0,0
train_Rawon_Rawon_167.jpg,0,1,0,0,0
train_Rawon_Rawon_168.jpg,0,1,0,0,0
train_Rawon_Rawon_169.jpg,0,1,0,0,0
train_Rawon_Rawon_170.jpg,0,1,0,0,0
train_Rawon_Rawon_171.jpg,0,1,0,0,0
train_Rawon_Rawon_172.jpg,0,1,0,0,0
train_Rawon_Rawon_173.jpg,0,1,0,0,0
train_Rawon_Rawon_174.jpg,0,1,0,0,0
train_Rawon_Rawon_175.jpg,0,1,0,0,0
train_Rawon_Rawon_177.jpg,0,1,0,0,0
train_Rawon_Rawon_178.jpg,0,1,0,0,0
train_Rawon_Rawon_180.jpg,0,1,0,0,0
train_Rawon_Rawon_181.jpg,0,1,0,0,0
train_Rawon_Rawon_182.jpg,0,1,0,0,0
train_Rawon_Rawon_183.jpg,0,1,0,0,0
train_Rawon_Rawon_184.jpg,0,1,0,0,0
train_Rawon_Rawon_186.jpg,0,1,0,0,0
train_Rawon_Rawon_187.jpg,0,1,0,0,0
train_Rawon_Rawon_188.jpg,0,1,0,0,0
train_Rawon_Rawon_189.jpg,0,1,0,0,0
train_Rawon_Rawon_190.jpg,0,1,0,0,0
train_Rawon_Rawon_191.jpg,0,1,0,0,0
train_Rawon_Rawon_192.jpg,0,1,0,0,0
train_Rawon_Rawon_193.jpg,0,1,0,0,0
train_Rawon_Rawon_195.jpg,0,1,0,0,0
train_Rawon_Rawon_196.jpg,0,1,0,0,0
train_Rawon_Rawon_197.jpg,0,1,0,0,0
train_Rawon_Rawon_198.jpg,0,1,0,0,0
train_Rawon_Rawon_199.jpg,0,1,0,0,0
train_Rawon_Rawon_200.jpg,0,1,0,0,0
train_Rawon_Rawon_201.jpg,0,1,0,0,0
train_Rawon_Rawon_202.jpg,0,1,0,0,0
train_Rawon_Rawon_203.jpg,0,1,0,0,0
train_Rawon_Rawon_204.jpg,0,1,0,0,0
train_Rawon_Rawon_205.jpg,0,1,0,0,0
train_Rawon_Rawon_206.jpg,0,1,0,0,0
train_Rawon_Rawon_208.jpg,0,1,0,0,0
train_Rawon_Rawon_209.jpg,0,1,0,0,0
train_Rawon_Rawon_210.jpg,0,1,0,0,0
train_Rawon_Rawon_213.jpg,0,1,0,0,0
train_Rawon_Rawon_215.jpg,0,1,0,0,0
train_Rawon_Rawon_217.jpg,0,1,0,0,0
train_Rawon_Rawon_218.jpg,0,1,0,0,0
train_Rawon_Rawon_219.jpg,0,1,0,0,0
train_Rawon_Rawon_220.jpg,0,1,0,0,0
train_Rawon_Rawon_221.jpg,0,1,0,0,0
train_Rawon_Rawon_222.jpg,0,1,0,0,0
train_Rawon_Rawon_223.jpg,0,1,0,0,0
train_Rawon_Rawon_224.jpg,0,1,0,0,0
train_Rawon_Rawon_225.jpg,0,1,0,0,0
train_Rawon_Rawon_226.jpg,0,1,0,0,0
train_Rawon_Rawon_227.jpg,0,1,0,0,0
train_Rawon_Rawon_228.jpg,0,1,0,0,0
train_Rawon_Rawon_229.jpg,0,1,0,0,0
train_Rawon_Rawon_230.jpg,0,1,0,0,0
train_Rawon_Rawon_231.jpg,0,1,0,0,0
train_Rawon_Rawon_232.jpg,0,1,0,0,0
train_Rawon_Rawon_233.jpg,0,1,0,0,0
train_Rawon_Rawon_234.jpg,0,1,0,0,0
train_Rawon_Rawon_235.jpg,0,1,0,0,0
train_Rawon_Rawon_236.jpg,0,1,0,0,0
train_Rawon_Rawon_238.jpg,0,1,0,0,0
train_Rawon_Rawon_240.jpg,0,1,0,0,0
train_Rawon_Rawon_241.jpg,0,1,0,0,0
train_Rawon_Rawon_242.jpg,0,1,0,0,0
train_Rawon_Rawon_244.jpg,0,1,0,0,0
train_Rawon_Rawon_246.jpg,0,1,0,0,0
train_Rawon_Rawon_247.jpg,0,1,0,0,0
train_Rawon_Rawon_248.jpg,0,1,0,0,0
train_Rawon_Rawon_249.jpg,0,1,0,0,0
train_Rawon_Rawon_250.jpg,0,1,0,0,0
train_Rawon_Rawon_251.jpg,0,1,0,0,0
train_Rawon_Rawon_253.jpg,0,1,0,0,0
train_Rawon_Rawon_256.jpg,0,1,0,0,0
train_Rawon_Rawon_257.jpg,0,1,0,0,0
train_Rawon_Rawon_258.jpg,0,1,0,0,0
train_Rawon_Rawon_260.jpg,0,1,0,0,0
train_Rawon_Rawon_261.jpg,0,1,0,0,0
train_Rawon_Rawon_262.jpg,0,1,0,0,0
train_Rawon_Rawon_263.jpg,0,1,0,0,0
train_Rawon_Rawon_264.jpg,0,1,0,0,0
train_Rawon_Rawon_265.jpg,0,1,0,0,0
train_Rawon_Rawon_266.jpg,0,1,0,0,0
train_Rawon_Rawon_267.jpg,0,1,0,0,0
train_Rawon_Rawon_268.jpg,0,1,0,0,0
train_Rawon_Rawon_269.jpg,0,1,0,0,0
train_Rawon_Rawon_270.jpg,0,1,0,0,0
train_Rawon_Rawon_272.jpg,0,1,0,0,0
train_Rawon_Rawon_274.jpg,0,1,0,0,0
train_Rawon_Rawon_277.jpg,0,1,0,0,0
train_Rawon_Rawon_278.jpg,0,1,0,0,0
train_Rawon_Rawon_279.jpg,0,1,0,0,0
train_Rawon_Rawon_280.jpg,0,1,0,0,0
train_Rawon_Rawon_281.jpg,0,1,0,0,0
train_Rawon_Rawon_282.jpg,0,1,0,0,0
train_Rawon_Rawon_283.jpg,0,1,0,0,0
train_Rawon_Rawon_285.jpg,0,1,0,0,0
train_Rawon_Rawon_286.jpg,0,1,0,0,0
train_Rawon_Rawon_287.jpg,0,1,0,0,0
train_Rawon_Rawon_288.jpg,0,1,0,0,0
train_Rawon_Rawon_289.jpg,0,1,0,0,0
train_Rawon_Rawon_290.jpg,0,1,0,0,0
train_Rawon_Rawon_291.jpg,0,1,0,0,0
train_Rawon_Rawon_292.jpg,0,1,0,0,0
train_Rawon_Rawon_293.jpg,0,1,0,0,0
train_Rawon_Rawon_294.jpg,0,1,0,0,0
train_Rawon_Rawon_295.jpg,0,1,0,0,0
train_Rawon_Rawon_296.jpg,0,1,0,0,0
train_Rawon_Rawon_298.jpg,0,1,0,0,0
train_Rawon_Rawon_299.jpg,0,1,0,0,0
train_Rawon_Rawon_300.jpg,0,1,0,0,0
train_Rawon_Rawon_302.jpg,0,1,0,0,0
train_Rawon_Rawon_304.jpg,0,1,0,0,0
train_Rawon_Rawon_306.jpg,0,1,0,0,0
train_Rawon_Rawon_309.jpg,0,1,0,0,0
train_Rawon_Rawon_310.jpg,0,1,0,0,0
train_Rawon_Rawon_311.jpg,0,1,0,0,0
train_Rawon_Rawon_312.jpg,0,1,0,0,0
train_Rawon_Rawon_313.jpg,0,1,0,0,0
train_Rawon_Rawon_314.jpg,0,1,0,0,0
train_Rawon_Rawon_316.jpg,0,1,0,0,0
train_Rawon_Rawon_317.jpg,0,1,0,0,0
train_Rawon_Rawon_318.jpg,0,1,0,0,0
train_Rawon_Rawon_320.jpg,0,1,0,0,0
train_Rawon_Rawon_321.jpg,0,1,0,0,0
train_Rawon_Rawon_323.jpg,0,1,0,0,0
train_Rawon_Rawon_325.jpg,0,1,0,0,0
train_Rawon_Rawon_326.jpg,0,1,0,0,0
train_Rawon_Rawon_327.jpg,0,1,0,0,0
train_Rawon_Rawon_330.jpg,0,1,0,0,0
train_Rawon_Rawon_331.jpg,0,1,0,0,0
train_Rawon_Rawon_332.jpg,0,1,0,0,0
train_Rawon_Rawon_333.jpg,0,1,0,0,0
train_Rawon_Rawon_335.jpg,0,1,0,0,0
train_Rawon_Rawon_336.jpg,0,1,0,0,0
train_Rawon_Rawon_339.jpg,0,1,0,0,0
train_Rawon_Rawon_340.jpg,0,1,0,0,0
train_Rawon_Rawon_341.jpg,0,1,0,0,0
train_Rawon_Rawon_342.jpg,0,1,0,0,0
train_Rawon_Rawon_343.jpg,0,1,0,0,0
train_Rawon_Rawon_344.jpg,0,1,0,0,0
train_Rawon_Rawon_346.jpg,0,1,0,0,0
train_Rawon_Rawon_347.jpg,0,1,0,0,0
train_Rawon_Rawon_348.jpg,0,1,0,0,0
train_Rawon_Rawon_349.jpg,0,1,0,0,0
train_Rawon_Rawon_350.jpg,0,1,0,0,0
train_Rawon_Rawon_351.jpg,0,1,0,0,0
train_Rawon_Rawon_352.jpg,0,1,0,0,0
train_Rawon_Rawon_353.jpg,0,1,0,0,0
train_Rawon_Rawon_354.jpg,0,1,0,0,0
train_Rawon_Rawon_355.jpg,0,1,0,0,0
train_Rawon_Rawon_358.jpg,0,1,0,0,0
train_Rawon_Rawon_359.jpg,0,1,0,0,0
train_Rawon_Rawon_360.jpg,0,1,0,0,0
train_Rawon_Rawon_362.jpg,0,1,0,0,0
train_Rawon_Rawon_363.jpg,0,1,0,0,0
train_Rawon_Rawon_364.jpg,0,1,0,0,0
train_Rawon_Rawon_365.jpg,0,1,0,0,0
train_Rawon_Rawon_366.jpg,0,1,0,0,0
train_Rawon_Rawon_367.jpg,0,1,0,0,0
train_Rawon_Rawon_368.jpg,0,1,0,0,0
train_Rawon_Rawon_369.jpg,0,1,0,0,0
train_Rawon_Rawon_370.jpg,0,1,0,0,0
train_Rawon_Rawon_371.jpg,0,1,0,0,0
train_Rawon_Rawon_372.jpg,0,1,0,0,0
train_Rawon_Rawon_373.jpg,0,1,0,0,0
train_Rawon_Rawon_374.jpg,0,1,0,0,0
train_Rawon_Rawon_376.jpg,0,1,0,0,0
train_Rawon_Rawon_377.jpg,0,1,0,0,0
train_Rawon_Rawon_379.jpg,0,1,0,0,0
train_Rawon_Rawon_380.jpg,0,1,0,0,0
train_Rawon_Rawon_381.jpg,0,1,0,0,0
train_Rawon_Rawon_382.jpg,0,1,0,0,0
train_Rawon_Rawon_383.jpg,0,1,0,0,0
train_Rawon_Rawon_384.jpg,0,1,0,0,0
train_Rawon_Rawon_385.jpg,0,1,0,0,0
train_Rawon_Rawon_386.jpg,0,1,0,0,0
train_Rawon_Rawon_387.jpg,0,1,0,0,0
train_Rawon_Rawon_388.jpg,0,1,0,0,0
train_Rawon_Rawon_389.jpg,0,1,0,0,0
train_Rawon_Rawon_390.jpg,0,1,0,0,0
train_Rawon_Rawon_391.jpg,0,1,0,0,0
train_Rawon_Rawon_392.jpg,0,1,0,0,0
train_Rawon_Rawon_393.jpg,0,1,0,0,0
train_Rawon_Rawon_394.jpg,0,1,0,0,0
train_Rawon_Rawon_396.jpg,0,1,0,0,0
train_Rawon_Rawon_397.jpg,0,1,0,0,0
train_Rawon_Rawon_398.jpg,0,1,0,0,0
train_Rawon_Rawon_399.jpg,0,1,0,0,0
train_Rawon_Rawon_400.jpg,0,1,0,0,0
train_Rawon_Rawon_401.jpg,0,1,0,0,0
train_Rawon_Rawon_402.jpg,0,1,0,0,0
train_Rawon_Rawon_403.jpg,0,1,0,0,0
train_Rawon_Rawon_404.jpg,0,1,0,0,0
train_Rawon_Rawon_407.jpg,0,1,0,0,0
train_Rawon_Rawon_409.jpg,0,1,0,0,0
train_Rawon_Rawon_410.jpg,0,1,0,0,0
train_Rawon_Rawon_413.jpg,0,1,0,0,0
train_Rawon_Rawon_415.jpg,0,1,0,0,0
train_Rawon_Rawon_416.jpg,0,1,0,0,0
train_Rawon_Rawon_418.jpg,0,1,0,0,0
train_Rawon_Rawon_419.jpg,0,1,0,0,0
train_Rawon_Rawon_421.jpg,0,1,0,0,0
train_Rawon_Rawon_422.jpg,0,1,0,0,0
train_Rawon_Rawon_424.jpg,0,1,0,0,0
train_Rawon_Rawon_425.jpg,0,1,0,0,0
train_Rawon_Rawon_426.jpg,0,1,0,0,0
train_Rawon_Rawon_428.jpg,0,1,0,0,0
train_Rawon_Rawon_430.jpg,0,1,0,0,0
train_Rawon_Rawon_431.jpg,0,1,0,0,0
train_Rawon_Rawon_432.jpg,0,1,0,0,0
train_Rawon_Rawon_433.jpg,0,1,0,0,0
train_Rawon_Rawon_434.jpg,0,1,0,0,0
train_Rawon_Rawon_435.jpg,0,1,0,0,0
train_Rawon_Rawon_436.jpg,0,1,0,0,0
train_Rawon_Rawon_437.jpg,0,1,0,0,0
train_Rawon_Rawon_439.jpg,0,1,0,0,0
train_Rawon_Rawon_441.jpg,0,1,0,0,0
train_Rawon_Rawon_442.jpg,0,1,0,0,0
train_Rawon_Rawon_444.jpg,0,1,0,0,0
train_Rawon_Rawon_445.jpg,0,1,0,0,0
train_Rawon_Rawon_446.jpg,0,1,0,0,0
train_Rawon_Rawon_447.jpg,0,1,0,0,0
train_Rawon_Rawon_448.jpg,0,1,0,0,0
train_Rawon_Rawon_449.jpg,0,1,0,0,0
train_Rawon_Rawon_450.jpg,0,1,0,0,0
train_Rawon_Rawon_451.jpg,0,1,0,0,0
train_Rawon_Rawon_452.jpg,0,1,0,0,0
train_Rawon_Rawon_453.jpg,0,1,0,0,0
train_Rawon_Rawon_454.jpg,0,1,0,0,0
train_Rawon_Rawon_455.jpg,0,1,0,0,0
train_Rawon_Rawon_457.jpg,0,1,0,0,0
train_Rawon_Rawon_458.jpg,0,1,0,0,0
train_Rawon_Rawon_459.jpg,0,1,0,0,0
train_Rawon_Rawon_460.jpg,0,1,0,0,0
train_Rawon_Rawon_462.jpg,0,1,0,0,0
train_Rawon_Rawon_463.jpg,0,1,0,0,0
train_Rawon_Rawon_464.jpg,0,1,0,0,0
train_Rawon_Rawon_466.jpg,0,1,0,0,0
train_Rawon_Rawon_467.jpg,0,1,0,0,0
train_Rawon_Rawon_468.jpg,0,1,0,0,0
train_Rawon_Rawon_469.jpg,0,1,0,0,0
train_Rawon_Rawon_470.jpg,0,1,0,0,0
train_Rawon_Rawon_471.jpg,0,1,0,0,0
train_Rawon_Rawon_473.jpg,0,1,0,0,0
train_Rawon_Rawon_476.jpg,0,1,0,0,0
train_Rawon_Rawon_477.jpg,0,1,0,0,0
train_Rawon_Rawon_479.jpg,0,1,0,0,0
train_Rawon_Rawon_480.jpg,0,1,0,0,0
train_Rawon_Rawon_481.jpg,0,1,0,0,0
train_Rawon_Rawon_483.jpg,0,1,0,0,0
train_Rawon_Rawon_484.jpg,0,1,0,0,0
train_Rawon_Rawon_485.jpg,0,1,0,0,0
train_Rawon_Rawon_487.jpg,0,1,0,0,0
train_Rawon_Rawon_488.jpg,0,1,0,0,0
train_Rawon_Rawon_489.jpg,0,1,0,0,0
train_Rawon_Rawon_490.jpg,0,1,0,0,0
train_Rawon_Rawon_491.jpg,0,1,0,0,0
train_Rawon_Rawon_492.jpg,0,1,0,0,0
train_Rawon_Rawon_493.jpg,0,1,0,0,0
train_Rawon_Rawon_494.jpg,0,1,0,0,0
train_Rawon_Rawon_495.jpg,0,1,0,0,0
train_Rawon_Rawon_496.jpg,0,1,0,0,0
train_Rawon_Rawon_498.jpg,0,1,0,0,0
train_Rawon_Rawon_499.jpg,0,1,0,0,0
train_Rawon_Rawon_500.jpg,0,1,0,0,0
train_Rendang_Rendang_001.jpg,0,1,0,0,0
train_Rendang_Rendang_002.jpg,0,1,0,0,0
train_Rendang_Rendang_003.jpg,0,1,0,0,0
train_Rendang_Rendang_004.jpg,0,1,0,0,0
train_Rendang_Rendang_005.jpg,0,1,0,0,0
train_Rendang_Rendang_009.jpg,0,1,0,0,0
train_Rendang_Rendang_010.jpg,0,1,0,0,0
train_Rendang_Rendang_011.jpg,0,1,0,0,0
train_Rendang_Rendang_012.jpg,0,1,0,0,0
train_Rendang_Rendang_015.jpg,0,1,0,0,0
train_Rendang_Rendang_016.jpg,0,1,0,0,0
train_Rendang_Rendang_017.jpg,0,1,0,0,0
train_Rendang_Rendang_018.jpg,0,1,0,0,0
train_Rendang_Rendang_019.jpg,0,1,0,0,0
train_Rendang_Rendang_020.jpg,0,1,0,0,0
train_Rendang_Rendang_021.jpg,0,1,0,0,0
train_Rendang_Rendang_022.jpg,0,1,0,0,0
train_Rendang_Rendang_023.jpg,0,1,0,0,0
train_Rendang_Rendang_024.jpg,0,1,0,0,0
train_Rendang_Rendang_025.jpg,0,1,0,0,0
train_Rendang_Rendang_026.jpg,0,1,0,0,0
train_Rendang_Rendang_027.jpg,0,1,0,0,0
train_Rendang_Rendang_028.jpg,0,1,0,0,0
train_Rendang_Rendang_029.jpg,0,1,0,0,0
train_Rendang_Rendang_030.jpg,0,1,0,0,0
train_Rendang_Rendang_032.jpg,0,1,0,0,0
train_Rendang_Rendang_033.jpg,0,1,0,0,0
train_Rendang_Rendang_034.jpg,0,1,0,0,0
train_Rendang_Rendang_036.jpg,0,1,0,0,0
train_Rendang_Rendang_037.jpg,0,1,0,0,0
train_Rendang_Rendang_038.jpg,0,1,0,0,0
train_Rendang_Rendang_039.jpg,0,1,0,0,0
train_Rendang_Rendang_040.jpg,0,1,0,0,0
train_Rendang_Rendang_041.jpg,0,1,0,0,0
train_Rendang_Rendang_042.jpg,0,1,0,0,0
train_Rendang_Rendang_043.jpg,0,1,0,0,0
train_Rendang_Rendang_044.jpg,0,1,0,0,0
train_Rendang_Rendang_046.jpg,0,1,0,0,0
train_Rendang_Rendang_047.jpg,0,1,0,0,0
train_Rendang_Rendang_049.jpg,0,1,0,0,0
train_Rendang_Rendang_050.jpg,0,1,0,0,0
train_Rendang_Rendang_051.jpg,0,1,0,0,0
train_Rendang_Rendang_052.jpg,0,1,0,0,0
train_Rendang_Rendang_054.jpg,0,1,0,0,0
train_Rendang_Rendang_055.jpg,0,1,0,0,0
train_Rendang_Rendang_057.jpg,0,1,0,0,0
train_Rendang_Rendang_058.jpg,0,1,0,0,0
train_Rendang_Rendang_059.jpg,0,1,0,0,0
train_Rendang_Rendang_060.jpg,0,1,0,0,0
train_Rendang_Rendang_061.jpg,0,1,0,0,0
train_Rendang_Rendang_062.jpg,0,1,0,0,0
train_Rendang_Rendang_063.jpg,0,1,0,0,0
train_Rendang_Rendang_065.jpg,0,1,0,0,0
train_Rendang_Rendang_067.jpg,0,1,0,0,0
train_Rendang_Rendang_068.jpg,0,1,0,0,0
train_Rendang_Rendang_069.jpg,0,1,0,0,0
train_Rendang_Rendang_070.jpg,0,1,0,0,0
train_Rendang_Rendang_071.jpg,0,1,0,0,0
train_Rendang_Rendang_072.jpg,0,1,0,0,0
train_Rendang_Rendang_074.jpg,0,1,0,0,0
train_Rendang_Rendang_075.jpg,0,1,0,0,0
train_Rendang_Rendang_077.jpg,0,1,0,0,0
train_Rendang_Rendang_078.jpg,0,1,0,0,0
train_Rendang_Rendang_079.jpg,0,1,0,0,0
train_Rendang_Rendang_080.jpg,0,1,0,0,0
train_Rendang_Rendang_081.jpg,0,1,0,0,0
train_Rendang_Rendang_082.jpg,0,1,0,0,0
train_Rendang_Rendang_083.jpg,0,1,0,0,0
train_Rendang_Rendang_085.jpg,0,1,0,0,0
train_Rendang_Rendang_086.jpg,0,1,0,0,0
train_Rendang_Rendang_087.jpg,0,1,0,0,0
train_Rendang_Rendang_088.jpg,0,1,0,0,0
train_Rendang_Rendang_089.jpg,0,1,0,0,0
train_Rendang_Rendang_090.jpg,0,1,0,0,0
train_Rendang_Rendang_091.jpg,0,1,0,0,0
train_Rendang_Rendang_092.jpg,0,1,0,0,0
train_Rendang_Rendang_094.jpg,0,1,0,0,0
train_Rendang_Rendang_095.jpg,0,1,0,0,0
train_Rendang_Rendang_096.jpg,0,1,0,0,0
train_Rendang_Rendang_097.jpg,0,1,0,0,0
train_Rendang_Rendang_098.jpg,0,1,0,0,0
train_Rendang_Rendang_099.jpg,0,1,0,0,0
train_Rendang_Rendang_100.jpg,0,1,0,0,0
train_Rendang_Rendang_101.jpg,0,1,0,0,0
train_Rendang_Rendang_102.jpg,0,1,0,0,0
train_Rendang_Rendang_104.jpg,0,1,0,0,0
train_Rendang_Rendang_105.jpg,0,1,0,0,0
train_Rendang_Rendang_107.jpg,0,1,0,0,0
train_Rendang_Rendang_109.jpg,0,1,0,0,0
train_Rendang_Rendang_110.jpg,0,1,0,0,0
train_Rendang_Rendang_111.jpg,0,1,0,0,0
train_Rendang_Rendang_113.jpg,0,1,0,0,0
train_Rendang_Rendang_114.jpg,0,1,0,0,0
train_Rendang_Rendang_115.jpg,0,1,0,0,0
train_Rendang_Rendang_116.jpg,0,1,0,0,0
train_Rendang_Rendang_117.jpg,0,1,0,0,0
train_Rendang_Rendang_118.jpg,0,1,0,0,0
train_Rendang_Rendang_120.jpg,0,1,0,0,0
train_Rendang_Rendang_121.jpg,0,1,0,0,0
train_Rendang_Rendang_122.jpg,0,1,0,0,0
train_Rendang_Rendang_123.jpg,0,1,0,0,0
train_Rendang_Rendang_125.jpg,0,1,0,0,0
train_Rendang_Rendang_127.jpg,0,1,0,0,0
train_Rendang_Rendang_128.jpg,0,1,0,0,0
train_Rendang_Rendang_129.jpg,0,1,0,0,0
train_Rendang_Rendang_130.jpg,0,1,0,0,0
train_Rendang_Rendang_131.jpg,0,1,0,0,0
train_Rendang_Rendang_132.jpg,0,1,0,0,0
train_Rendang_Rendang_133.jpg,0,1,0,0,0
train_Rendang_Rendang_136.jpg,0,1,0,0,0
train_Rendang_Rendang_137.jpg,0,1,0,0,0
train_Rendang_Rendang_138.jpg,0,1,0,0,0
train_Rendang_Rendang_139.jpg,0,1,0,0,0
train_Rendang_Rendang_140.jpg,0,1,0,0,0
train_Rendang_Rendang_141.jpg,0,1,0,0,0
train_Rendang_Rendang_142.jpg,0,1,0,0,0
train_Rendang_Rendang_144.jpg,0,1,0,0,0
train_Rendang_Rendang_145.jpg,0,1,0,0,0
train_Rendang_Rendang_146.jpg,0,1,0,0,0
train_Rendang_Rendang_147.jpg,0,1,0,0,0
train_Rendang_Rendang_148.jpg,0,1,0,0,0
train_Rendang_Rendang_149.jpg,0,1,0,0,0
train_Rendang_Rendang_150.jpg,0,1,0,0,0
train_Rendang_Rendang_151.jpg,0,1,0,0,0
train_Rendang_Rendang_153.jpg,0,1,0,0,0
train_Rendang_Rendang_154.jpg,0,1,0,0,0
train_Rendang_Rendang_155.jpg,0,1,0,0,0
train_Rendang_Rendang_156.jpg,0,1,0,0,0
train_Rendang_Rendang_158.jpg,0,1,0,0,0
train_Rendang_Rendang_159.jpg,0,1,0,0,0
train_Rendang_Rendang_161.jpg,0,1,0,0,0
train_Rendang_Rendang_162.jpg,0,1,0,0,0
train_Rendang_Rendang_165.jpg,0,1,0,0,0
train_Rendang_Rendang_166.jpg,0,1,0,0,0
train_Rendang_Rendang_167.jpg,0,1,0,0,0
train_Rendang_Rendang_168.jpg,0,1,0,0,0
train_Rendang_Rendang_169.jpg,0,1,0,0,0
train_Rendang_Rendang_170.jpg,0,1,0,0,0
train_Rendang_Rendang_171.jpg,0,1,0,0,0
train_Rendang_Rendang_172.jpg,0,1,0,0,0
train_Rendang_Rendang_173.jpg,0,1,0,0,0
train_Rendang_Rendang_174.jpg,0,1,0,0,0
train_Rendang_Rendang_175.jpg,0,1,0,0,0
train_Rendang_Rendang_176.jpg,0,1,0,0,0
train_Rendang_Rendang_179.jpg,0,1,0,0,0
train_Rendang_Rendang_180.jpg,0,1,0,0,0
train_Rendang_Rendang_182.jpg,0,1,0,0,0
train_Rendang_Rendang_183.jpg,0,1,0,0,0
train_Rendang_Rendang_184.jpg,0,1,0,0,0
train_Rendang_Rendang_185.jpg,0,1,0,0,0
train_Rendang_Rendang_186.jpg,0,1,0,0,0
train_Rendang_Rendang_187.jpg,0,1,0,0,0
train_Rendang_Rendang_188.jpg,0,1,0,0,0
train_Rendang_Rendang_192.jpg,0,1,0,0,0
train_Rendang_Rendang_193.jpg,0,1,0,0,0
train_Rendang_Rendang_194.jpg,0,1,0,0,0
train_Rendang_Rendang_195.jpg,0,1,0,0,0
train_Rendang_Rendang_196.jpg,0,1,0,0,0
train_Rendang_Rendang_197.jpg,0,1,0,0,0
train_Rendang_Rendang_199.jpg,0,1,0,0,0
train_Rendang_Rendang_200.jpg,0,1,0,0,0
train_Rendang_Rendang_201.jpg,0,1,0,0,0
train_Rendang_Rendang_202.jpg,0,1,0,0,0
train_Rendang_Rendang_203.jpg,0,1,0,0,0
train_Rendang_Rendang_204.jpg,0,1,0,0,0
train_Rendang_Rendang_205.jpg,0,1,0,0,0
train_Rendang_Rendang_206.jpg,0,1,0,0,0
train_Rendang_Rendang_207.jpg,0,1,0,0,0
train_Rendang_Rendang_208.jpg,0,1,0,0,0
train_Rendang_Rendang_209.jpg,0,1,0,0,0
train_Rendang_Rendang_210.jpg,0,1,0,0,0
train_Rendang_Rendang_211.jpg,0,1,0,0,0
train_Rendang_Rendang_212.jpg,0,1,0,0,0
train_Rendang_Rendang_213.jpg,0,1,0,0,0
train_Rendang_Rendang_215.jpg,0,1,0,0,0
train_Rendang_Rendang_216.jpg,0,1,0,0,0
train_Rendang_Rendang_217.jpg,0,1,0,0,0
train_Rendang_Rendang_218.jpg,0,1,0,0,0
train_Rendang_Rendang_219.jpg,0,1,0,0,0
train_Rendang_Rendang_220.jpg,0,1,0,0,0
train_Rendang_Rendang_221.jpg,0,1,0,0,0
train_Rendang_Rendang_222.jpg,0,1,0,0,0
train_Rendang_Rendang_223.jpg,0,1,0,0,0
train_Rendang_Rendang_224.jpg,0,1,0,0,0
train_Rendang_Rendang_225.jpg,0,1,0,0,0
train_Rendang_Rendang_226.jpg,0,1,0,0,0
train_Rendang_Rendang_227.jpg,0,1,0,0,0
train_Rendang_Rendang_229.jpg,0,1,0,0,0
train_Rendang_Rendang_230.jpg,0,1,0,0,0
train_Rendang_Rendang_231.jpg,0,1,0,0,0
train_Rendang_Rendang_232.jpg,0,1,0,0,0
train_Rendang_Rendang_235.jpg,0,1,0,0,0
train_Rendang_Rendang_236.jpg,0,1,0,0,0
train_Rendang_Rendang_237.jpg,0,1,0,0,0
train_Rendang_Rendang_238.jpg,0,1,0,0,0
train_Rendang_Rendang_239.jpg,0,1,0,0,0
train_Rendang_Rendang_240.jpg,0,1,0,0,0
train_Rendang_Rendang_241.jpg,0,1,0,0,0
train_Rendang_Rendang_242.jpg,0,1,0,0,0
train_Rendang_Rendang_243.jpg,0,1,0,0,0
train_Rendang_Rendang_245.jpg,0,1,0,0,0
train_Rendang_Rendang_246.jpg,0,1,0,0,0
train_Rendang_Rendang_247.jpg,0,1,0,0,0
train_Rendang_Rendang_248.jpg,0,1,0,0,0
train_Rendang_Rendang_251.jpg,0,1,0,0,0
train_Rendang_Rendang_252.jpg,0,1,0,0,0
train_Rendang_Rendang_253.jpg,0,1,0,0,0
train_Rendang_Rendang_254.jpg,0,1,0,0,0
train_Rendang_Rendang_256.jpg,0,1,0,0,0
train_Rendang_Rendang_257.jpg,0,1,0,0,0
train_Rendang_Rendang_259.jpg,0,1,0,0,0
train_Rendang_Rendang_260.jpg,0,1,0,0,0
train_Rendang_Rendang_262.jpg,0,1,0,0,0
train_Rendang_Rendang_263.jpg,0,1,0,0,0
train_Rendang_Rendang_264.jpg,0,1,0,0,0
train_Rendang_Rendang_265.jpg,0,1,0,0,0
train_Rendang_Rendang_267.jpg,0,1,0,0,0
train_Rendang_Rendang_269.jpg,0,1,0,0,0
train_Rendang_Rendang_270.jpg,0,1,0,0,0
train_Rendang_Rendang_272.jpg,0,1,0,0,0
train_Rendang_Rendang_273.jpg,0,1,0,0,0
train_Rendang_Rendang_274.jpg,0,1,0,0,0
train_Rendang_Rendang_275.jpg,0,1,0,0,0
train_Rendang_Rendang_276.jpg,0,1,0,0,0
train_Rendang_Rendang_277.jpg,0,1,0,0,0
train_Rendang_Rendang_278.jpg,0,1,0,0,0
train_Rendang_Rendang_279.jpg,0,1,0,0,0
train_Rendang_Rendang_280.jpg,0,1,0,0,0
train_Rendang_Rendang_281.jpg,0,1,0,0,0
train_Rendang_Rendang_282.jpg,0,1,0,0,0
train_Rendang_Rendang_283.jpg,0,1,0,0,0
train_Rendang_Rendang_284.jpg,0,1,0,0,0
train_Rendang_Rendang_285.jpg,0,1,0,0,0
train_Rendang_Rendang_286.jpg,0,1,0,0,0
train_Rendang_Rendang_287.jpg,0,1,0,0,0
train_Rendang_Rendang_288.jpg,0,1,0,0,0
train_Rendang_Rendang_289.jpg,0,1,0,0,0
train_Rendang_Rendang_290.jpg,0,1,0,0,0
train_Rendang_Rendang_291.jpg,0,1,0,0,0
train_Rendang_Rendang_292.jpg,0,1,0,0,0
train_Rendang_Rendang_293.jpg,0,1,0,0,0
train_Rendang_Rendang_294.jpg,0,1,0,0,0
train_Rendang_Rendang_296.jpg,0,1,0,0,0
train_Rendang_Rendang_297.jpg,0,1,0,0,0
train_Rendang_Rendang_298.jpg,0,1,0,0,0
train_Rendang_Rendang_299.jpg,0,1,0,0,0
train_Rendang_Rendang_300.jpg,0,1,0,0,0
train_Rendang_Rendang_301.jpg,0,1,0,0,0
train_Rendang_Rendang_303.jpg,0,1,0,0,0
train_Rendang_Rendang_304.jpg,0,1,0,0,0
train_Rendang_Rendang_307.jpg,0,1,0,0,0
train_Rendang_Rendang_311.jpg,0,1,0,0,0
train_Rendang_Rendang_312.jpg,0,1,0,0,0
train_Rendang_Rendang_313.jpg,0,1,0,0,0
train_Rendang_Rendang_315.jpg,0,1,0,0,0
train_Rendang_Rendang_316.jpg,0,1,0,0,0
train_Rendang_Rendang_318.jpg,0,1,0,0,0
train_Rendang_Rendang_320.jpg,0,1,0,0,0
train_Rendang_Rendang_321.jpg,0,1,0,0,0
train_Rendang_Rendang_322.jpg,0,1,0,0,0
train_Rendang_Rendang_323.jpg,0,1,0,0,0
train_Rendang_Rendang_324.jpg,0,1,0,0,0
train_Rendang_Rendang_325.jpg,0,1,0,0,0
train_Rendang_Rendang_326.jpg,0,1,0,0,0
train_Rendang_Rendang_327.jpg,0,1,0,0,0
train_Rendang_Rendang_328.jpg,0,1,0,0,0
train_Rendang_Rendang_329.jpg,0,1,0,0,0
train_Rendang_Rendang_330.jpg,0,1,0,0,0
train_Rendang_Rendang_331.jpg,0,1,0,0,0
train_Rendang_Rendang_332.jpg,0,1,0,0,0
train_Rendang_Rendang_335.jpg,0,1,0,0,0
train_Rendang_Rendang_336.jpg,0,1,0,0,0
train_Rendang_Rendang_337.jpg,0,1,0,0,0
train_Rendang_Rendang_338.jpg,0,1,0,0,0
train_Rendang_Rendang_339.jpg,0,1,0,0,0
train_Rendang_Rendang_340.jpg,0,1,0,0,0
train_Rendang_Rendang_341.jpg,0,1,0,0,0
train_Rendang_Rendang_342.jpg,0,1,0,0,0
train_Rendang_Rendang_343.jpg,0,1,0,0,0
train_Rendang_Rendang_345.jpg,0,1,0,0,0
train_Rendang_Rendang_347.jpg,0,1,0,0,0
train_Rendang_Rendang_348.jpg,0,1,0,0,0
train_Rendang_Rendang_349.jpg,0,1,0,0,0
train_Rendang_Rendang_350.jpg,0,1,0,0,0
train_Rendang_Rendang_351.jpg,0,1,0,0,0
train_Rendang_Rendang_352.jpg,0,1,0,0,0
train_Rendang_Rendang_353.jpg,0,1,0,0,0
train_Rendang_Rendang_354.jpg,0,1,0,0,0
train_Rendang_Rendang_355.jpg,0,1,0,0,0
train_Rendang_Rendang_356.jpg,0,1,0,0,0
train_Rendang_Rendang_357.jpg,0,1,0,0,0
train_Rendang_Rendang_358.jpg,0,1,0,0,0
train_Rendang_Rendang_359.jpg,0,1,0,0,0
train_Rendang_Rendang_360.jpg,0,1,0,0,0
train_Rendang_Rendang_362.jpg,0,1,0,0,0
train_Rendang_Rendang_364.jpg,0,1,0,0,0
train_Rendang_Rendang_365.jpg,0,1,0,0,0
train_Rendang_Rendang_367.jpg,0,1,0,0,0
train_Rendang_Rendang_368.jpg,0,1,0,0,0
train_Rendang_Rendang_369.jpg,0,1,0,0,0
train_Rendang_Rendang_370.jpg,0,1,0,0,0
train_Rendang_Rendang_371.jpg,0,1,0,0,0
train_Rendang_Rendang_372.jpg,0,1,0,0,0
train_Rendang_Rendang_373.jpg,0,1,0,0,0
train_Rendang_Rendang_374.jpg,0,1,0,0,0
train_Rendang_Rendang_375.jpg,0,1,0,0,0
train_Rendang_Rendang_376.jpg,0,1,0,0,0
train_Rendang_Rendang_379.jpg,0,1,0,0,0
train_Rendang_Rendang_380.jpg,0,1,0,0,0
train_Rendang_Rendang_382.jpg,0,1,0,0,0
train_Rendang_Rendang_383.jpg,0,1,0,0,0
train_Rendang_Rendang_385.jpg,0,1,0,0,0
train_Rendang_Rendang_386.jpg,0,1,0,0,0
train_Rendang_Rendang_387.jpg,0,1,0,0,0
train_Rendang_Rendang_388.jpg,0,1,0,0,0
train_Rendang_Rendang_389.jpg,0,1,0,0,0
train_Rendang_Rendang_391.jpg,0,1,0,0,0
train_Rendang_Rendang_393.jpg,0,1,0,0,0
train_Rendang_Rendang_394.jpg,0,1,0,0,0
train_Rendang_Rendang_395.jpg,0,1,0,0,0
train_Rendang_Rendang_396.jpg,0,1,0,0,0
train_Rendang_Rendang_398.jpg,0,1,0,0,0
train_Rendang_Rendang_400.jpg,0,1,0,0,0
train_Rendang_Rendang_401.jpg,0,1,0,0,0
train_Rendang_Rendang_402.jpg,0,1,0,0,0
train_Rendang_Rendang_403.jpg,0,1,0,0,0
train_Rendang_Rendang_406.jpg,0,1,0,0,0
train_Rendang_Rendang_408.jpg,0,1,0,0,0
train_Rendang_Rendang_410.jpg,0,1,0,0,0
train_Rendang_Rendang_412.jpg,0,1,0,0,0
train_Rendang_Rendang_413.jpg,0,1,0,0,0
train_Rendang_Rendang_414.jpg,0,1,0,0,0
train_Rendang_Rendang_415.jpg,0,1,0,0,0
train_Rendang_Rendang_417.jpg,0,1,0,0,0
train_Rendang_Rendang_418.jpg,0,1,0,0,0
train_Rendang_Rendang_419.jpg,0,1,0,0,0
train_Rendang_Rendang_420.jpg,0,1,0,0,0
train_Rendang_Rendang_422.jpg,0,1,0,0,0
train_Rendang_Rendang_423.jpg,0,1,0,0,0
train_Rendang_Rendang_424.jpg,0,1,0,0,0
train_Rendang_Rendang_425.jpg,0,1,0,0,0
train_Rendang_Rendang_426.jpg,0,1,0,0,0
train_Rendang_Rendang_427.jpg,0,1,0,0,0
train_Rendang_Rendang_428.jpg,0,1,0,0,0
train_Rendang_Rendang_429.jpg,0,1,0,0,0
train_Rendang_Rendang_430.jpg,0,1,0,0,0
train_Rendang_Rendang_431.jpg,0,1,0,0,0
train_Rendang_Rendang_432.jpg,0,1,0,0,0
train_Rendang_Rendang_433.jpg,0,1,0,0,0
train_Rendang_Rendang_437.jpg,0,1,0,0,0
train_Rendang_Rendang_438.jpg,0,1,0,0,0
train_Rendang_Rendang_439.jpg,0,1,0,0,0
train_Rendang_Rendang_440.jpg,0,1,0,0,0
train_Rendang_Rendang_441.jpg,0,1,0,0,0
train_Rendang_Rendang_442.jpg,0,1,0,0,0
train_Rendang_Rendang_443.jpg,0,1,0,0,0
train_Rendang_Rendang_445.jpg,0,1,0,0,0
train_Rendang_Rendang_446.jpg,0,1,0,0,0
train_Rendang_Rendang_447.jpg,0,1,0,0,0
train_Rendang_Rendang_450.jpg,0,1,0,0,0
train_Rendang_Rendang_451.jpg,0,1,0,0,0
train_Rendang_Rendang_452.jpg,0,1,0,0,0
train_Rendang_Rendang_453.jpg,0,1,0,0,0
train_Rendang_Rendang_454.jpg,0,1,0,0,0
train_Rendang_Rendang_455.jpg,0,1,0,0,0
train_Rendang_Rendang_456.jpg,0,1,0,0,0
train_Rendang_Rendang_459.jpg,0,1,0,0,0
train_Rendang_Rendang_460.jpg,0,1,0,0,0
train_Rendang_Rendang_461.jpg,0,1,0,0,0
train_Rendang_Rendang_462.jpg,0,1,0,0,0
train_Rendang_Rendang_464.jpg,0,1,0,0,0
train_Rendang_Rendang_465.jpg,0,1,0,0,0
train_Rendang_Rendang_466.jpg,0,1,0,0,0
train_Rendang_Rendang_468.jpg,0,1,0,0,0
train_Rendang_Rendang_469.jpg,0,1,0,0,0
train_Rendang_Rendang_470.jpg,0,1,0,0,0
train_Rendang_Rendang_471.jpg,0,1,0,0,0
train_Rendang_Rendang_473.jpg,0,1,0,0,0
train_Rendang_Rendang_475.jpg,0,1,0,0,0
train_Rendang_Rendang_476.jpg,0,1,0,0,0
train_Rendang_Rendang_477.jpg,0,1,0,0,0
train_Rendang_Rendang_478.jpg,0,1,0,0,0
train_Rendang_Rendang_479.jpg,0,1,0,0,0
train_Rendang_Rendang_480.jpg,0,1,0,0,0
train_Rendang_Rendang_481.jpg,0,1,0,0,0
train_Rendang_Rendang_484.jpg,0,1,0,0,0
train_Rendang_Rendang_485.jpg,0,1,0,0,0
train_Rendang_Rendang_486.jpg,0,1,0,0,0
train_Rendang_Rendang_487.jpg,0,1,0,0,0
train_Rendang_Rendang_488.jpg,0,1,0,0,0
train_Rendang_Rendang_489.jpg,0,1,0,0,0
train_Rendang_Rendang_490.jpg,0,1,0,0,0
train_Rendang_Rendang_492.jpg,0,1,0,0,0
train_Rendang_Rendang_493.jpg,0,1,0,0,0
train_Rendang_Rendang_494.jpg,0,1,0,0,0
train_Rendang_Rendang_495.jpg,0,1,0,0,0
train_Rendang_Rendang_497.jpg,0,1,0,0,0
train_Rendang_Rendang_499.jpg,0,1,0,0,0
train_Rendang_Rendang_500.jpg,0,1,0,0,0
train_Sate_Sate_002.jpg,0,1,0,0,0
train_Sate_Sate_003.jpg,0,1,0,0,0
train_Sate_Sate_004.jpg,0,1,0,0,0
train_Sate_Sate_005.jpg,0,1,0,0,0
train_Sate_Sate_006.jpg,0,1,0,0,0
train_Sate_Sate_007.jpg,0,1,0,0,0
train_Sate_Sate_008.jpg,0,1,0,0,0
train_Sate_Sate_009.jpg,0,1,0,0,0
train_Sate_Sate_010.jpg,0,1,0,0,0
train_Sate_Sate_011.jpg,0,1,0,0,0
train_Sate_Sate_012.jpg,0,1,0,0,0
train_Sate_Sate_013.jpg,0,1,0,0,0
train_Sate_Sate_014.jpg,0,1,0,0,0
train_Sate_Sate_016.jpg,0,1,0,0,0
train_Sate_Sate_018.jpg,0,1,0,0,0
train_Sate_Sate_020.jpg,0,1,0,0,0
train_Sate_Sate_021.jpg,0,1,0,0,0
train_Sate_Sate_022.jpg,0,1,0,0,0
train_Sate_Sate_023.jpg,0,1,0,0,0
train_Sate_Sate_024.jpg,0,1,0,0,0
train_Sate_Sate_025.jpg,0,1,0,0,0
train_Sate_Sate_026.jpg,0,1,0,0,0
train_Sate_Sate_027.jpg,0,1,0,0,0
train_Sate_Sate_029.jpg,0,1,0,0,0
train_Sate_Sate_030.jpg,0,1,0,0,0
train_Sate_Sate_031.jpg,0,1,0,0,0
train_Sate_Sate_032.jpg,0,1,0,0,0
train_Sate_Sate_038.jpg,0,1,0,0,0
train_Sate_Sate_039.jpg,0,1,0,0,0
train_Sate_Sate_040.jpg,0,1,0,0,0
train_Sate_Sate_042.jpg,0,1,0,0,0
train_Sate_Sate_043.jpg,0,1,0,0,0
train_Sate_Sate_044.jpg,0,1,0,0,0
train_Sate_Sate_045.jpg,0,1,0,0,0
train_Sate_Sate_047.jpg,0,1,0,0,0
train_Sate_Sate_048.jpg,0,1,0,0,0
train_Sate_Sate_049.jpg,0,1,0,0,0
train_Sate_Sate_050.jpg,0,1,0,0,0
train_Sate_Sate_051.jpg,0,1,0,0,0
train_Sate_Sate_052.jpg,0,1,0,0,0
train_Sate_Sate_053.jpg,0,1,0,0,0
train_Sate_Sate_054.jpg,0,1,0,0,0
train_Sate_Sate_055.jpg,0,1,0,0,0
train_Sate_Sate_057.jpg,0,1,0,0,0
train_Sate_Sate_059.jpg,0,1,0,0,0
train_Sate_Sate_061.jpg,0,1,0,0,0
train_Sate_Sate_063.jpg,0,1,0,0,0
train_Sate_Sate_065.jpg,0,1,0,0,0
train_Sate_Sate_066.jpg,0,1,0,0,0
train_Sate_Sate_068.jpg,0,1,0,0,0
train_Sate_Sate_069.jpg,0,1,0,0,0
train_Sate_Sate_070.jpg,0,1,0,0,0
train_Sate_Sate_071.jpg,0,1,0,0,0
train_Sate_Sate_072.jpg,0,1,0,0,0
train_Sate_Sate_073.jpg,0,1,0,0,0
train_Sate_Sate_074.jpg,0,1,0,0,0
train_Sate_Sate_075.jpg,0,1,0,0,0
train_Sate_Sate_076.jpg,0,1,0,0,0
train_Sate_Sate_077.jpg,0,1,0,0,0
train_Sate_Sate_078.jpg,0,1,0,0,0
train_Sate_Sate_079.jpg,0,1,0,0,0
train_Sate_Sate_081.jpg,0,1,0,0,0
train_Sate_Sate_082.jpg,0,1,0,0,0
train_Sate_Sate_083.jpg,0,1,0,0,0
train_Sate_Sate_084.jpg,0,1,0,0,0
train_Sate_Sate_087.jpg,0,1,0,0,0
train_Sate_Sate_088.jpg,0,1,0,0,0
train_Sate_Sate_089.jpg,0,1,0,0,0
train_Sate_Sate_090.jpg,0,1,0,0,0
train_Sate_Sate_091.jpg,0,1,0,0,0
train_Sate_Sate_093.jpg,0,1,0,0,0
train_Sate_Sate_094.jpg,0,1,0,0,0
train_Sate_Sate_096.jpg,0,1,0,0,0
train_Sate_Sate_097.jpg,0,1,0,0,0
train_Sate_Sate_098.jpg,0,1,0,0,0
train_Sate_Sate_101.jpg,0,1,0,0,0
train_Sate_Sate_102.jpg,0,1,0,0,0
train_Sate_Sate_103.jpg,0,1,0,0,0
train_Sate_Sate_104.jpg,0,1,0,0,0
train_Sate_Sate_105.jpg,0,1,0,0,0
train_Sate_Sate_106.jpg,0,1,0,0,0
train_Sate_Sate_107.jpg,0,1,0,0,0
train_Sate_Sate_110.jpg,0,1,0,0,0
train_Sate_Sate_111.jpg,0,1,0,0,0
train_Sate_Sate_112.jpg,0,1,0,0,0
train_Sate_Sate_113.jpg,0,1,0,0,0
train_Sate_Sate_114.jpg,0,1,0,0,0
train_Sate_Sate_115.jpg,0,1,0,0,0
train_Sate_Sate_116.jpg,0,1,0,0,0
train_Sate_Sate_117.jpg,0,1,0,0,0
train_Sate_Sate_120.jpg,0,1,0,0,0
train_Sate_Sate_121.jpg,0,1,0,0,0
train_Sate_Sate_122.jpg,0,1,0,0,0
train_Sate_Sate_123.jpg,0,1,0,0,0
train_Sate_Sate_124.jpg,0,1,0,0,0
train_Sate_Sate_125.jpg,0,1,0,0,0
train_Sate_Sate_126.jpg,0,1,0,0,0
train_Sate_Sate_127.jpg,0,1,0,0,0
train_Sate_Sate_128.jpg,0,1,0,0,0
train_Sate_Sate_129.jpg,0,1,0,0,0
train_Sate_Sate_130.jpg,0,1,0,0,0
train_Sate_Sate_131.jpg,0,1,0,0,0
train_Sate_Sate_132.jpg,0,1,0,0,0
train_Sate_Sate_134.jpg,0,1,0,0,0
train_Sate_Sate_135.jpg,0,1,0,0,0
train_Sate_Sate_136.jpg,0,1,0,0,0
train_Sate_Sate_137.jpg,0,1,0,0,0
train_Sate_Sate_138.jpg,0,1,0,0,0
train_Sate_Sate_139.jpg,0,1,0,0,0
train_Sate_Sate_140.jpg,0,1,0,0,0
train_Sate_Sate_141.jpg,0,1,0,0,0
train_Sate_Sate_143.jpg,0,1,0,0,0
train_Sate_Sate_145.jpg,0,1,0,0,0
train_Sate_Sate_146.jpg,0,1,0,0,0
train_Sate_Sate_148.jpg,0,1,0,0,0
train_Sate_Sate_149.jpg,0,1,0,0,0
train_Sate_Sate_150.jpg,0,1,0,0,0
train_Sate_Sate_151.jpg,0,1,0,0,0
train_Sate_Sate_152.jpg,0,1,0,0,0
train_Sate_Sate_153.jpg,0,1,0,0,0
train_Sate_Sate_155.jpg,0,1,0,0,0
train_Sate_Sate_156.jpg,0,1,0,0,0
train_Sate_Sate_157.jpg,0,1,0,0,0
train_Sate_Sate_158.jpg,0,1,0,0,0
train_Sate_Sate_159.jpg,0,1,0,0,0
train_Sate_Sate_160.jpg,0,1,0,0,0
train_Sate_Sate_161.jpg,0,1,0,0,0
train_Sate_Sate_162.jpg,0,1,0,0,0
train_Sate_Sate_163.jpg,0,1,0,0,0
train_Sate_Sate_164.jpg,0,1,0,0,0
train_Sate_Sate_165.jpg,0,1,0,0,0
train_Sate_Sate_166.jpg,0,1,0,0,0
train_Sate_Sate_167.jpg,0,1,0,0,0
train_Sate_Sate_169.jpg,0,1,0,0,0
train_Sate_Sate_170.jpg,0,1,0,0,0
train_Sate_Sate_174.jpg,0,1,0,0,0
train_Sate_Sate_176.jpg,0,1,0,0,0
train_Sate_Sate_178.jpg,0,1,0,0,0
train_Sate_Sate_179.jpg,0,1,0,0,0
train_Sate_Sate_180.jpg,0,1,0,0,0
train_Sate_Sate_181.jpg,0,1,0,0,0
train_Sate_Sate_182.jpg,0,1,0,0,0
train_Sate_Sate_183.jpg,0,1,0,0,0
train_Sate_Sate_184.jpg,0,1,0,0,0
train_Sate_Sate_185.jpg,0,1,0,0,0
train_Sate_Sate_186.jpg,0,1,0,0,0
train_Sate_Sate_187.jpg,0,1,0,0,0
train_Sate_Sate_188.jpg,0,1,0,0,0
train_Sate_Sate_189.jpg,0,1,0,0,0
train_Sate_Sate_190.jpg,0,1,0,0,0
train_Sate_Sate_192.jpg,0,1,0,0,0
train_Sate_Sate_194.jpg,0,1,0,0,0
train_Sate_Sate_195.jpg,0,1,0,0,0
train_Sate_Sate_196.jpg,0,1,0,0,0
train_Sate_Sate_197.jpg,0,1,0,0,0
train_Sate_Sate_199.jpg,0,1,0,0,0
train_Sate_Sate_200.jpg,0,1,0,0,0
train_Sate_Sate_201.jpg,0,1,0,0,0
train_Sate_Sate_203.jpg,0,1,0,0,0
train_Sate_Sate_204.jpg,0,1,0,0,0
train_Sate_Sate_206.jpg,0,1,0,0,0
train_Sate_Sate_207.jpg,0,1,0,0,0
train_Sate_Sate_208.jpg,0,1,0,0,0
train_Sate_Sate_209.jpg,0,1,0,0,0
train_Sate_Sate_212.jpg,0,1,0,0,0
train_Sate_Sate_213.jpg,0,1,0,0,0
train_Sate_Sate_214.jpg,0,1,0,0,0
train_Sate_Sate_215.jpg,0,1,0,0,0
train_Sate_Sate_216.jpg,0,1,0,0,0
train_Sate_Sate_217.jpg,0,1,0,0,0
train_Sate_Sate_218.jpg,0,1,0,0,0
train_Sate_Sate_219.jpg,0,1,0,0,0
train_Sate_Sate_220.jpg,0,1,0,0,0
train_Sate_Sate_221.jpg,0,1,0,0,0
train_Sate_Sate_222.jpg,0,1,0,0,0
train_Sate_Sate_223.jpg,0,1,0,0,0
train_Sate_Sate_224.jpg,0,1,0,0,0
train_Sate_Sate_225.jpg,0,1,0,0,0
train_Sate_Sate_227.jpg,0,1,0,0,0
train_Sate_Sate_228.jpg,0,1,0,0,0
train_Sate_Sate_230.jpg,0,1,0,0,0
train_Sate_Sate_231.jpg,0,1,0,0,0
train_Sate_Sate_232.jpg,0,1,0,0,0
train_Sate_Sate_233.jpg,0,1,0,0,0
train_Sate_Sate_234.jpg,0,1,0,0,0
train_Sate_Sate_236.jpg,0,1,0,0,0
train_Sate_Sate_237.jpg,0,1,0,0,0
train_Sate_Sate_238.jpg,0,1,0,0,0
train_Sate_Sate_239.jpg,0,1,0,0,0
train_Sate_Sate_240.jpg,0,1,0,0,0
train_Sate_Sate_241.jpg,0,1,0,0,0
train_Sate_Sate_242.jpg,0,1,0,0,0
train_Sate_Sate_243.jpg,0,1,0,0,0
train_Sate_Sate_244.jpg,0,1,0,0,0
train_Sate_Sate_246.jpg,0,1,0,0,0
train_Sate_Sate_247.jpg,0,1,0,0,0
train_Sate_Sate_249.jpg,0,1,0,0,0
train_Sate_Sate_250.jpg,0,1,0,0,0
train_Sate_Sate_251.jpg,0,1,0,0,0
train_Sate_Sate_254.jpg,0,1,0,0,0
train_Sate_Sate_255.jpg,0,1,0,0,0
train_Sate_Sate_256.jpg,0,1,0,0,0
train_Sate_Sate_257.jpg,0,1,0,0,0
train_Sate_Sate_258.jpg,0,1,0,0,0
train_Sate_Sate_259.jpg,0,1,0,0,0
train_Sate_Sate_260.jpg,0,1,0,0,0
train_Sate_Sate_261.jpg,0,1,0,0,0
train_Sate_Sate_262.jpg,0,1,0,0,0
train_Sate_Sate_263.jpg,0,1,0,0,0
train_Sate_Sate_264.jpg,0,1,0,0,0
train_Sate_Sate_265.jpg,0,1,0,0,0
train_Sate_Sate_266.jpg,0,1,0,0,0
train_Sate_Sate_267.jpg,0,1,0,0,0
train_Sate_Sate_268.jpg,0,1,0,0,0
train_Sate_Sate_269.jpg,0,1,0,0,0
train_Sate_Sate_270.jpg,0,1,0,0,0
train_Sate_Sate_271.jpg,0,1,0,0,0
train_Sate_Sate_272.jpg,0,1,0,0,0
train_Sate_Sate_273.jpg,0,1,0,0,0
train_Sate_Sate_274.jpg,0,1,0,0,0
train_Sate_Sate_277.jpg,0,1,0,0,0
train_Sate_Sate_278.jpg,0,1,0,0,0
train_Sate_Sate_279.jpg,0,1,0,0,0
train_Sate_Sate_280.jpg,0,1,0,0,0
train_Sate_Sate_281.jpg,0,1,0,0,0
train_Sate_Sate_282.jpg,0,1,0,0,0
train_Sate_Sate_284.jpg,0,1,0,0,0
train_Sate_Sate_285.jpg,0,1,0,0,0
train_Sate_Sate_286.jpg,0,1,0,0,0
train_Sate_Sate_287.jpg,0,1,0,0,0
train_Sate_Sate_289.jpg,0,1,0,0,0
train_Sate_Sate_291.jpg,0,1,0,0,0
train_Sate_Sate_292.jpg,0,1,0,0,0
train_Sate_Sate_293.jpg,0,1,0,0,0
train_Sate_Sate_295.jpg,0,1,0,0,0
train_Sate_Sate_296.jpg,0,1,0,0,0
train_Sate_Sate_297.jpg,0,1,0,0,0
train_Sate_Sate_298.jpg,0,1,0,0,0
train_Sate_Sate_299.jpg,0,1,0,0,0
train_Sate_Sate_300.jpg,0,1,0,0,0
train_Sate_Sate_301.jpg,0,1,0,0,0
train_Sate_Sate_302.jpg,0,1,0,0,0
train_Sate_Sate_304.jpg,0,1,0,0,0
train_Sate_Sate_305.jpg,0,1,0,0,0
train_Sate_Sate_306.jpg,0,1,0,0,0
train_Sate_Sate_308.jpg,0,1,0,0,0
train_Sate_Sate_309.jpg,0,1,0,0,0
train_Sate_Sate_310.jpg,0,1,0,0,0
train_Sate_Sate_311.jpg,0,1,0,0,0
train_Sate_Sate_312.jpg,0,1,0,0,0
train_Sate_Sate_313.jpg,0,1,0,0,0
train_Sate_Sate_314.jpg,0,1,0,0,0
train_Sate_Sate_316.jpg,0,1,0,0,0
train_Sate_Sate_317.jpg,0,1,0,0,0
train_Sate_Sate_318.jpg,0,1,0,0,0
train_Sate_Sate_320.jpg,0,1,0,0,0
train_Sate_Sate_321.jpg,0,1,0,0,0
train_Sate_Sate_322.jpg,0,1,0,0,0
train_Sate_Sate_323.jpg,0,1,0,0,0
train_Sate_Sate_324.jpg,0,1,0,0,0
train_Sate_Sate_325.jpg,0,1,0,0,0
train_Sate_Sate_326.jpg,0,1,0,0,0
train_Sate_Sate_327.jpg,0,1,0,0,0
train_Sate_Sate_328.jpg,0,1,0,0,0
train_Sate_Sate_329.jpg,0,1,0,0,0
train_Sate_Sate_330.jpg,0,1,0,0,0
train_Sate_Sate_331.jpg,0,1,0,0,0
train_Sate_Sate_332.jpg,0,1,0,0,0
train_Sate_Sate_333.jpg,0,1,0,0,0
train_Sate_Sate_334.jpg,0,1,0,0,0
train_Sate_Sate_336.jpg,0,1,0,0,0
train_Sate_Sate_337.jpg,0,1,0,0,0
train_Sate_Sate_338.jpg,0,1,0,0,0
train_Sate_Sate_339.jpg,0,1,0,0,0
train_Sate_Sate_340.jpg,0,1,0,0,0
train_Sate_Sate_341.jpg,0,1,0,0,0
train_Sate_Sate_342.jpg,0,1,0,0,0
train_Sate_Sate_343.jpg,0,1,0,0,0
train_Sate_Sate_344.jpg,0,1,0,0,0
train_Sate_Sate_346.jpg,0,1,0,0,0
train_Sate_Sate_347.jpg,0,1,0,0,0
train_Sate_Sate_348.jpg,0,1,0,0,0
train_Sate_Sate_349.jpg,0,1,0,0,0
train_Sate_Sate_350.jpg,0,1,0,0,0
train_Sate_Sate_351.jpg,0,1,0,0,0
train_Sate_Sate_352.jpg,0,1,0,0,0
train_Sate_Sate_354.jpg,0,1,0,0,0
train_Sate_Sate_355.jpg,0,1,0,0,0
train_Sate_Sate_356.jpg,0,1,0,0,0
train_Sate_Sate_358.jpg,0,1,0,0,0
train_Sate_Sate_359.jpg,0,1,0,0,0
train_Sate_Sate_360.jpg,0,1,0,0,0
train_Sate_Sate_363.jpg,0,1,0,0,0
train_Sate_Sate_364.jpg,0,1,0,0,0
train_Sate_Sate_365.jpg,0,1,0,0,0
train_Sate_Sate_367.jpg,0,1,0,0,0
train_Sate_Sate_369.jpg,0,1,0,0,0
train_Sate_Sate_370.jpg,0,1,0,0,0
train_Sate_Sate_371.jpg,0,1,0,0,0
train_Sate_Sate_372.jpg,0,1,0,0,0
train_Sate_Sate_373.jpg,0,1,0,0,0
train_Sate_Sate_374.jpg,0,1,0,0,0
train_Sate_Sate_376.jpg,0,1,0,0,0
train_Sate_Sate_377.jpg,0,1,0,0,0
train_Sate_Sate_378.jpg,0,1,0,0,0
train_Sate_Sate_379.jpg,0,1,0,0,0
train_Sate_Sate_381.jpg,0,1,0,0,0
train_Sate_Sate_382.jpg,0,1,0,0,0
train_Sate_Sate_383.jpg,0,1,0,0,0
train_Sate_Sate_384.jpg,0,1,0,0,0
train_Sate_Sate_385.jpg,0,1,0,0,0
train_Sate_Sate_386.jpg,0,1,0,0,0
train_Sate_Sate_387.jpg,0,1,0,0,0
train_Sate_Sate_388.jpg,0,1,0,0,0
train_Sate_Sate_389.jpg,0,1,0,0,0
train_Sate_Sate_392.jpg,0,1,0,0,0
train_Sate_Sate_394.jpg,0,1,0,0,0
train_Sate_Sate_395.jpg,0,1,0,0,0
train_Sate_Sate_396.jpg,0,1,0,0,0
train_Sate_Sate_397.jpg,0,1,0,0,0
train_Sate_Sate_399.jpg,0,1,0,0,0
train_Sate_Sate_400.jpg,0,1,0,0,0
train_Sate_Sate_401.jpg,0,1,0,0,0
train_Sate_Sate_402.jpg,0,1,0,0,0
train_Sate_Sate_403.jpg,0,1,0,0,0
train_Sate_Sate_404.jpg,0,1,0,0,0
train_Sate_Sate_405.jpg,0,1,0,0,0
train_Sate_Sate_407.jpg,0,1,0,0,0
train_Sate_Sate_408.jpg,0,1,0,0,0
train_Sate_Sate_409.jpg,0,1,0,0,0
train_Sate_Sate_410.jpg,0,1,0,0,0
train_Sate_Sate_411.jpg,0,1,0,0,0
train_Sate_Sate_412.jpg,0,1,0,0,0
train_Sate_Sate_413.jpg,0,1,0,0,0
train_Sate_Sate_415.jpg,0,1,0,0,0
train_Sate_Sate_416.jpg,0,1,0,0,0
train_Sate_Sate_417.jpg,0,1,0,0,0
train_Sate_Sate_419.jpg,0,1,0,0,0
train_Sate_Sate_421.jpg,0,1,0,0,0
train_Sate_Sate_422.jpg,0,1,0,0,0
train_Sate_Sate_423.jpg,0,1,0,0,0
train_Sate_Sate_425.jpg,0,1,0,0,0
train_Sate_Sate_426.jpg,0,1,0,0,0
train_Sate_Sate_427.jpg,0,1,0,0,0
train_Sate_Sate_428.jpg,0,1,0,0,0
train_Sate_Sate_429.jpg,0,1,0,0,0
train_Sate_Sate_430.jpg,0,1,0,0,0
train_Sate_Sate_431.jpg,0,1,0,0,0
train_Sate_Sate_432.jpg,0,1,0,0,0
train_Sate_Sate_433.jpg,0,1,0,0,0
train_Sate_Sate_434.jpg,0,1,0,0,0
train_Sate_Sate_436.jpg,0,1,0,0,0
train_Sate_Sate_438.jpg,0,1,0,0,0
train_Sate_Sate_439.jpg,0,1,0,0,0
train_Sate_Sate_440.jpg,0,1,0,0,0
train_Sate_Sate_441.jpg,0,1,0,0,0
train_Sate_Sate_442.jpg,0,1,0,0,0
train_Sate_Sate_443.jpg,0,1,0,0,0
train_Sate_Sate_445.jpg,0,1,0,0,0
train_Sate_Sate_446.jpg,0,1,0,0,0
train_Sate_Sate_447.jpg,0,1,0,0,0
train_Sate_Sate_448.jpg,0,1,0,0,0
train_Sate_Sate_449.jpg,0,1,0,0,0
train_Sate_Sate_450.jpg,0,1,0,0,0
train_Sate_Sate_451.jpg,0,1,0,0,0
train_Sate_Sate_452.jpg,0,1,0,0,0
train_Sate_Sate_453.jpg,0,1,0,0,0
train_Sate_Sate_454.jpg,0,1,0,0,0
train_Sate_Sate_455.jpg,0,1,0,0,0
train_Sate_Sate_456.jpg,0,1,0,0,0
train_Sate_Sate_457.jpg,0,1,0,0,0
train_Sate_Sate_460.jpg,0,1,0,0,0
train_Sate_Sate_462.jpg,0,1,0,0,0
train_Sate_Sate_465.jpg,0,1,0,0,0
train_Sate_Sate_466.jpg,0,1,0,0,0
train_Sate_Sate_467.jpg,0,1,0,0,0
train_Sate_Sate_469.jpg,0,1,0,0,0
train_Sate_Sate_470.jpg,0,1,0,0,0
train_Sate_Sate_472.jpg,0,1,0,0,0
train_Sate_Sate_474.jpg,0,1,0,0,0
train_Sate_Sate_475.jpg,0,1,0,0,0
train_Sate_Sate_476.jpg,0,1,0,0,0
train_Sate_Sate_478.jpg,0,1,0,0,0
train_Sate_Sate_479.jpg,0,1,0,0,0
train_Sate_Sate_480.jpg,0,1,0,0,0
train_Sate_Sate_481.jpg,0,1,0,0,0
train_Sate_Sate_482.jpg,0,1,0,0,0
train_Sate_Sate_483.jpg,0,1,0,0,0
train_Sate_Sate_484.jpg,0,1,0,0,0
train_Sate_Sate_485.jpg,0,1,0,0,0
train_Sate_Sate_486.jpg,0,1,0,0,0
train_Sate_Sate_487.jpg,0,1,0,0,0
train_Sate_Sate_492.jpg,0,1,0,0,0
train_Sate_Sate_494.jpg,0,1,0,0,0
train_Sate_Sate_495.jpg,0,1,0,0,0
train_Sate_Sate_496.jpg,0,1,0,0,0
train_Sate_Sate_497.jpg,0,1,0,0,0
train_Sate_Sate_498.jpg,0,1,0,0,0
train_Sate_Sate_499.jpg,0,1,0,0,0
train_Sate_Sate_500.jpg,0,1,0,0,0
train_Soto_Soto_Ayam_001.jpg,0,1,1,0,0
train_Soto_Soto_Ayam_002.jpg,0,1,1,0,0
train_Soto_Soto_Ayam_004.jpg,0,1,1,0,0
train_Soto_Soto_Ayam_005.jpg,0,1,1,0,0
train_Soto_Soto_Ayam_007.jpg,0,1,1,0,0
train_Soto_Soto_Ayam_008.jpg,0,1,1,0,0
train_Soto_Soto_Ayam_009.jpg,0,1,1,0,0
train_Soto_Soto_Ayam_010.jpg,0,1,1,0,0
train_Soto_Soto_Ayam_011.jpg,0,1,1,0,0
train_Soto_Soto_Ayam_012.jpg,0,1,1,0,0
train_Soto_Soto_Ayam_013.jpg,0,1,1,0,0
train_Soto_Soto_Ayam_014.jpg,0,1,1,0,0
train_Soto_Soto_Ayam_020.jpg,0,1,1,0,0
train_Soto_Soto_Ayam_021.jpg,0,1,1,0,0
train_Soto_Soto_Ayam_022.jpg,0,1,1,0,0
train_Soto_Soto_Ayam_024.jpg,0,1,1,0,0
train_Soto_Soto_Ayam_025.jpg,0,1,1,0,0
train_Soto_Soto_Ayam_027.jpg,0,1,1,0,0
train_Soto_Soto_Ayam_028.jpg,0,1,1,0,0
train_Soto_Soto_Ayam_029.jpg,0,1,1,0,0
train_Soto_Soto_Ayam_030.jpg,0,1,1,0,0
train_Soto_Soto_Ayam_031.jpg,0,1,1,0,0
train_Soto_Soto_Ayam_032.jpg,0,1,1,0,0
train_Soto_Soto_Ayam_033.jpg,0,1,1,0,0
train_Soto_Soto_Ayam_034.jpg,0,1,1,0,0
train_Soto_Soto_Ayam_037.jpg,0,1,1,0,0
train_Soto_Soto_Ayam_038.jpg,0,1,1,0,0
train_Soto_Soto_Ayam_039.jpg,0,1,1,0,0
train_Soto_Soto_Ayam_040.jpg,0,1,1,0,0
train_Soto_Soto_Ayam_042.jpg,0,1,1,0,0
train_Soto_Soto_Ayam_043.jpg,0,1,1,0,0
train_Soto_Soto_Ayam_044.jpg,0,1,1,0,0
train_Soto_Soto_Ayam_045.jpg,0,1,1,0,0
train_Soto_Soto_Ayam_046.jpg,0,1,1,0,0
train_Soto_Soto_Ayam_047.jpg,0,1,1,0,0
train_Soto_Soto_Ayam_048.jpg,0,1,1,0,0
train_Soto_Soto_Ayam_050.jpg,0,1,1,0,0
train_Soto_Soto_Ayam_051.jpg,0,1,1,0,0
train_Soto_Soto_Ayam_052.jpg,0,1,1,0,0
train_Soto_Soto_Ayam_054.jpg,0,1,1,0,0
train_Soto_Soto_Ayam_055.jpg,0,1,1,0,0
train_Soto_Soto_Ayam_056.jpg,0,1,1,0,0
train_Soto_Soto_Ayam_059.jpg,0,1,1,0,0
train_Soto_Soto_Ayam_060.jpg,0,1,1,0,0
train_Soto_Soto_Ayam_061.jpg,0,1,1,0,0
train_Soto_Soto_Ayam_062.jpg,0,1,1,0,0
train_Soto_Soto_Ayam_063.jpg,0,1,1,0,0
train_Soto_Soto_Ayam_064.jpg,0,1,1,0,0
train_Soto_Soto_Ayam_065.jpg,0,1,1,0,0
train_Soto_Soto_Ayam_067.jpg,0,1,1,0,0
train_Soto_Soto_Ayam_068.jpg,0,1,1,0,0
train_Soto_Soto_Ayam_069.jpg,0,1,1,0,0
train_Soto_Soto_Ayam_071.jpg,0,1,1,0,0
train_Soto_Soto_Ayam_072.jpg,0,1,1,0,0
train_Soto_Soto_Ayam_073.jpg,0,1,1,0,0
train_Soto_Soto_Ayam_074.jpg,0,1,1,0,0
train_Soto_Soto_Ayam_075.jpg,0,1,1,0,0
train_Soto_Soto_Ayam_076.jpg,0,1,1,0,0
train_Soto_Soto_Ayam_077.jpg,0,1,1,0,0
train_Soto_Soto_Ayam_078.jpg,0,1,1,0,0
train_Soto_Soto_Ayam_079.jpg,0,1,1,0,0
train_Soto_Soto_Ayam_080.jpg,0,1,1,0,0
train_Soto_Soto_Ayam_082.jpg,0,1,1,0,0
train_Soto_Soto_Ayam_084.jpg,0,1,1,0,0
train_Soto_Soto_Ayam_085.jpg,0,1,1,0,0
train_Soto_Soto_Ayam_086.jpg,0,1,1,0,0
train_Soto_Soto_Ayam_087.jpg,0,1,1,0,0
train_Soto_Soto_Ayam_088.jpg,0,1,1,0,0
train_Soto_Soto_Ayam_089.jpg,0,1,1,0,0
train_Soto_Soto_Ayam_090.jpg,0,1,1,0,0
train_Soto_Soto_Ayam_091.jpg,0,1,1,0,0
train_Soto_Soto_Ayam_092.jpg,0,1,1,0,0
train_Soto_Soto_Ayam_096.jpg,0,1,1,0,0
train_Soto_Soto_Ayam_097.jpg,0,1,1,0,0
train_Soto_Soto_Ayam_098.jpg,0,1,1,0,0
train_Soto_Soto_Ayam_099.jpg,0,1,1,0,0
train_Soto_Soto_Ayam_100.jpg,0,1,1,0,0
train_Soto_Soto_Ayam_101.jpg,0,1,1,0,0
train_Soto_Soto_Ayam_103.jpg,0,1,1,0,0
train_Soto_Soto_Ayam_104.jpg,0,1,1,0,0
train_Soto_Soto_Ayam_105.jpg,0,1,1,0,0
train_Soto_Soto_Ayam_106.jpg,0,1,1,0,0
train_Soto_Soto_Ayam_109.jpg,0,1,1,0,0
train_Soto_Soto_Ayam_110.jpg,0,1,1,0,0
train_Soto_Soto_Ayam_111.jpg,0,1,1,0,0
train_Soto_Soto_Ayam_112.jpg,0,1,1,0,0
train_Soto_Soto_Ayam_113.jpg,0,1,1,0,0
train_Soto_Soto_Ayam_114.jpg,0,1,1,0,0
train_Soto_Soto_Ayam_115.jpg,0,1,1,0,0
train_Soto_Soto_Ayam_116.jpg,0,1,1,0,0
train_Soto_Soto_Ayam_117.jpg,0,1,1,0,0
train_Soto_Soto_Ayam_118.jpg,0,1,1,0,0
train_Soto_Soto_Ayam_119.jpg,0,1,1,0,0
train_Soto_Soto_Ayam_120.jpg,0,1,1,0,0
train_Soto_Soto_Ayam_121.jpg,0,1,1,0,0
train_Soto_Soto_Ayam_122.jpg,0,1,1,0,0
train_Soto_Soto_Ayam_124.jpg,0,1,1,0,0
train_Soto_Soto_Ayam_125.jpg,0,1,1,0,0
train_Soto_Soto_Ayam_126.jpg,0,1,1,0,0
train_Soto_Soto_Ayam_127.jpg,0,1,1,0,0
train_Soto_Soto_Ayam_128.jpg,0,1,1,0,0
train_Soto_Soto_Ayam_129.jpg,0,1,1,0,0
train_Soto_Soto_Ayam_131.jpg,0,1,1,0,0
train_Soto_Soto_Ayam_132.jpg,0,1,1,0,0
train_Soto_Soto_Ayam_133.jpg,0,1,1,0,0
train_Soto_Soto_Ayam_134.jpg,0,1,1,0,0
train_Soto_Soto_Ayam_135.jpg,0,1,1,0,0
train_Soto_Soto_Ayam_136.jpg,0,1,1,0,0
train_Soto_Soto_Ayam_137.jpg,0,1,1,0,0
train_Soto_Soto_Ayam_138.jpg,0,1,1,0,0
train_Soto_Soto_Ayam_139.jpg,0,1,1,0,0
train_Soto_Soto_Ayam_140.jpg,0,1,1,0,0
train_Soto_Soto_Ayam_142.jpg,0,1,1,0,0
train_Soto_Soto_Ayam_143.jpg,0,1,1,0,0
train_Soto_Soto_Ayam_144.jpg,0,1,1,0,0
train_Soto_Soto_Ayam_145.jpg,0,1,1,0,0
train_Soto_Soto_Ayam_146.jpg,0,1,1,0,0
train_Soto_Soto_Ayam_147.jpg,0,1,1,0,0
train_Soto_Soto_Ayam_149.jpg,0,1,1,0,0
train_Soto_Soto_Ayam_150.jpg,0,1,1,0,0
train_Soto_Soto_Ayam_151.jpg,0,1,1,0,0
train_Soto_Soto_Ayam_152.jpg,0,1,1,0,0
train_Soto_Soto_Ayam_153.jpg,0,1,1,0,0
train_Soto_Soto_Ayam_154.jpg,0,1,1,0,0
train_Soto_Soto_Ayam_155.jpg,0,1,1,0,0
train_Soto_Soto_Ayam_156.jpg,0,1,1,0,0
train_Soto_Soto_Ayam_157.jpg,0,1,1,0,0
train_Soto_Soto_Ayam_158.jpg,0,1,1,0,0
train_Soto_Soto_Ayam_161.jpg,0,1,1,0,0
train_Soto_Soto_Ayam_162.jpg,0,1,1,0,0
train_Soto_Soto_Ayam_163.jpg,0,1,1,0,0
train_Soto_Soto_Ayam_164.jpg,0,1,1,0,0
train_Soto_Soto_Ayam_165.jpg,0,1,1,0,0
train_Soto_Soto_Ayam_166.jpg,0,1,1,0,0
train_Soto_Soto_Ayam_167.jpg,0,1,1,0,0
train_Soto_Soto_Ayam_168.jpg,0,1,1,0,0
train_Soto_Soto_Ayam_169.jpg,0,1,1,0,0
train_Soto_Soto_Ayam_170.jpg,0,1,1,0,0
train_Soto_Soto_Ayam_171.jpg,0,1,1,0,0
train_Soto_Soto_Ayam_174.jpg,0,1,1,0,0
train_Soto_Soto_Ayam_175.jpg,0,1,1,0,0
train_Soto_Soto_Ayam_176.jpg,0,1,1,0,0
train_Soto_Soto_Ayam_177.jpg,0,1,1,0,0
train_Soto_Soto_Ayam_178.jpg,0,1,1,0,0
train_Soto_Soto_Ayam_179.jpg,0,1,1,0,0
train_Soto_Soto_Ayam_180.jpg,0,1,1,0,0
train_Soto_Soto_Ayam_182.jpg,0,1,1,0,0
train_Soto_Soto_Ayam_183.jpg,0,1,1,0,0
train_Soto_Soto_Ayam_184.jpg,0,1,1,0,0
train_Soto_Soto_Ayam_185.jpg,0,1,1,0,0
train_Soto_Soto_Ayam_186.jpg,0,1,1,0,0
train_Soto_Soto_Ayam_188.jpg,0,1,1,0,0
train_Soto_Soto_Ayam_189.jpg,0,1,1,0,0
train_Soto_Soto_Ayam_192.jpg,0,1,1,0,0
train_Soto_Soto_Ayam_194.jpg,0,1,1,0,0
train_Soto_Soto_Ayam_195.jpg,0,1,1,0,0
train_Soto_Soto_Ayam_196.jpg,0,1,1,0,0
train_Soto_Soto_Ayam_197.jpg,0,1,1,0,0
train_Soto_Soto_Ayam_198.jpg,0,1,1,0,0
train_Soto_Soto_Ayam_199.jpg,0,1,1,0,0
train_Soto_Soto_Ayam_200.jpg,0,1,1,0,0
train_Soto_Soto_Ayam_201.jpg,0,1,1,0,0
train_Soto_Soto_Ayam_203.jpg,0,1,1,0,0
train_Soto_Soto_Ayam_204.jpg,0,1,1,0,0
train_Soto_Soto_Ayam_206.jpg,0,1,1,0,0
train_Soto_Soto_Ayam_207.jpg,0,1,1,0,0
train_Soto_Soto_Ayam_208.jpg,0,1,1,0,0
train_Soto_Soto_Ayam_209.jpg,0,1,1,0,0
train_Soto_Soto_Ayam_210.jpg,0,1,1,0,0
train_Soto_Soto_Ayam_211.jpg,0,1,1,0,0
train_Soto_Soto_Ayam_212.jpg,0,1,1,0,0
train_Soto_Soto_Ayam_213.jpg,0,1,1,0,0
train_Soto_Soto_Ayam_214.jpg,0,1,1,0,0
train_Soto_Soto_Ayam_216.jpg,0,1,1,0,0
train_Soto_Soto_Ayam_218.jpg,0,1,1,0,0
train_Soto_Soto_Ayam_219.jpg,0,1,1,0,0
train_Soto_Soto_Ayam_220.jpg,0,1,1,0,0
train_Soto_Soto_Ayam_221.jpg,0,1,1,0,0
train_Soto_Soto_Ayam_222.jpg,0,1,1,0,0
train_Soto_Soto_Ayam_225.jpg,0,1,1,0,0
train_Soto_Soto_Ayam_226.jpg,0,1,1,0,0
train_Soto_Soto_Ayam_227.jpg,0,1,1,0,0
train_Soto_Soto_Ayam_228.jpg,0,1,1,0,0
train_Soto_Soto_Ayam_229.jpg,0,1,1,0,0
train_Soto_Soto_Ayam_230.jpg,0,1,1,0,0
train_Soto_Soto_Ayam_233.jpg,0,1,1,0,0
train_Soto_Soto_Ayam_234.jpg,0,1,1,0,0
train_Soto_Soto_Ayam_235.jpg,0,1,1,0,0
train_Soto_Soto_Ayam_236.jpg,0,1,1,0,0
train_Soto_Soto_Ayam_237.jpg,0,1,1,0,0
train_Soto_Soto_Ayam_238.jpg,0,1,1,0,0
train_Soto_Soto_Ayam_239.jpg,0,1,1,0,0
train_Soto_Soto_Ayam_241.jpg,0,1,1,0,0
train_Soto_Soto_Ayam_242.jpg,0,1,1,0,0
train_Soto_Soto_Ayam_243.jpg,0,1,1,0,0
train_Soto_Soto_Ayam_244.jpg,0,1,1,0,0
train_Soto_Soto_Ayam_245.jpg,0,1,1,0,0
train_Soto_Soto_Ayam_246.jpg,0,1,1,0,0
train_Soto_Soto_Ayam_247.jpg,0,1,1,0,0
train_Soto_Soto_Ayam_248.jpg,0,1,1,0,0
train_Soto_Soto_Ayam_249.jpg,0,1,1,0,0
train_Soto_Soto_Ayam_250.jpg,0,1,1,0,0
train_Soto_Soto_Ayam_251.jpg,0,1,1,0,0
train_Soto_Soto_Ayam_252.jpg,0,1,1,0,0
train_Soto_Soto_Ayam_253.jpg,0,1,1,0,0
train_Soto_Soto_Ayam_254.jpg,0,1,1,0,0
train_Soto_Soto_Ayam_255.jpg,0,1,1,0,0
train_Soto_Soto_Ayam_256.jpg,0,1,1,0,0
train_Soto_Soto_Ayam_257.jpg,0,1,1,0,0
train_Soto_Soto_Ayam_258.jpg,0,1,1,0,0
train_Soto_Soto_Ayam_259.jpg,0,1,1,0,0
train_Soto_Soto_Ayam_260.jpg,0,1,1,0,0
train_Soto_Soto_Ayam_261.jpg,0,1,1,0,0
train_Soto_Soto_Ayam_263.jpg,0,1,1,0,0
train_Soto_Soto_Ayam_264.jpg,0,1,1,0,0
train_Soto_Soto_Ayam_265.jpg,0,1,1,0,0
train_Soto_Soto_Ayam_267.jpg,0,1,1,0,0
train_Soto_Soto_Ayam_268.jpg,0,1,1,0,0
train_Soto_Soto_Ayam_269.jpg,0,1,1,0,0
train_Soto_Soto_Ayam_270.jpg,0,1,1,0,0
train_Soto_Soto_Ayam_272.jpg,0,1,1,0,0
train_Soto_Soto_Ayam_273.jpg,0,1,1,0,0
train_Soto_Soto_Ayam_274.jpg,0,1,1,0,0
train_Soto_Soto_Ayam_275.jpg,0,1,1,0,0
train_Soto_Soto_Ayam_276.jpg,0,1,1,0,0
train_Soto_Soto_Ayam_277.jpg,0,1,1,0,0
train_Soto_Soto_Ayam_280.jpg,0,1,1,0,0
train_Soto_Soto_Ayam_281.jpg,0,1,1,0,0
train_Soto_Soto_Ayam_283.jpg,0,1,1,0,0
train_Soto_Soto_Ayam_284.jpg,0,1,1,0,0
train_Soto_Soto_Ayam_285.jpg,0,1,1,0,0
train_Soto_Soto_Ayam_286.jpg,0,1,1,0,0
train_Soto_Soto_Ayam_287.jpg,0,1,1,0,0
train_Soto_Soto_Ayam_288.jpg,0,1,1,0,0
train_Soto_Soto_Ayam_289.jpg,0,1,1,0,0
train_Soto_Soto_Ayam_290.jpg,0,1,1,0,0
train_Soto_Soto_Ayam_291.jpg,0,1,1,0,0
train_Soto_Soto_Ayam_292.jpg,0,1,1,0,0
train_Soto_Soto_Ayam_293.jpg,0,1,1,0,0
train_Soto_Soto_Ayam_294.jpg,0,1,1,0,0
train_Soto_Soto_Ayam_295.jpg,0,1,1,0,0
train_Soto_Soto_Ayam_297.jpg,0,1,1,0,0
train_Soto_Soto_Ayam_298.jpg,0,1,1,0,0
train_Soto_Soto_Ayam_299.jpg,0,1,1,0,0
train_Soto_Soto_Ayam_300.jpg,0,1,1,0,0
train_Soto_Soto_Ayam_303.jpg,0,1,1,0,0
train_Soto_Soto_Ayam_304.jpg,0,1,1,0,0
train_Soto_Soto_Ayam_305.jpg,0,1,1,0,0
train_Soto_Soto_Ayam_306.jpg,0,1,1,0,0
train_Soto_Soto_Ayam_308.jpg,0,1,1,0,0
train_Soto_Soto_Ayam_309.jpg,0,1,1,0,0
train_Soto_Soto_Ayam_310.jpg,0,1,1,0,0
train_Soto_Soto_Ayam_311.jpg,0,1,1,0,0
train_Soto_Soto_Ayam_312.jpg,0,1,1,0,0
train_Soto_Soto_Ayam_313.jpg,0,1,1,0,0
train_Soto_Soto_Ayam_315.jpg,0,1,1,0,0
train_Soto_Soto_Ayam_316.jpg,0,1,1,0,0
train_Soto_Soto_Ayam_317.jpg,0,1,1,0,0
train_Soto_Soto_Ayam_318.jpg,0,1,1,0,0
train_Soto_Soto_Ayam_319.jpg,0,1,1,0,0
train_Soto_Soto_Ayam_320.jpg,0,1,1,0,0
train_Soto_Soto_Ayam_321.jpg,0,1,1,0,0
train_Soto_Soto_Ayam_322.jpg,0,1,1,0,0
train_Soto_Soto_Ayam_325.jpg,0,1,1,0,0
train_Soto_Soto_Ayam_328.jpg,0,1,1,0,0
train_Soto_Soto_Ayam_330.jpg,0,1,1,0,0
train_Soto_Soto_Ayam_331.jpg,0,1,1,0,0
train_Soto_Soto_Ayam_332.jpg,0,1,1,0,0
train_Soto_Soto_Ayam_333.jpg,0,1,1,0,0
train_Soto_Soto_Ayam_334.jpg,0,1,1,0,0
train_Soto_Soto_Ayam_335.jpg,0,1,1,0,0
train_Soto_Soto_Ayam_336.jpg,0,1,1,0,0
train_Soto_Soto_Ayam_337.jpg,0,1,1,0,0
train_Soto_Soto_Ayam_339.jpg,0,1,1,0,0
train_Soto_Soto_Ayam_341.jpg,0,1,1,0,0
train_Soto_Soto_Ayam_342.jpg,0,1,1,0,0
train_Soto_Soto_Ayam_343.jpg,0,1,1,0,0
train_Soto_Soto_Ayam_344.jpg,0,1,1,0,0
train_Soto_Soto_Ayam_345.jpg,0,1,1,0,0
train_Soto_Soto_Ayam_346.jpg,0,1,1,0,0
train_Soto_Soto_Ayam_347.jpg,0,1,1,0,0
train_Soto_Soto_Ayam_348.jpg,0,1,1,0,0
train_Soto_Soto_Ayam_349.jpg,0,1,1,0,0
train_Soto_Soto_Ayam_350.jpg,0,1,1,0,0
train_Soto_Soto_Ayam_351.jpg,0,1,1,0,0
train_Soto_Soto_Ayam_352.jpg,0,1,1,0,0
train_Soto_Soto_Ayam_354.jpg,0,1,1,0,0
train_Soto_Soto_Ayam_355.jpg,0,1,1,0,0
train_Soto_Soto_Ayam_356.jpg,0,1,1,0,0
train_Soto_Soto_Ayam_357.jpg,0,1,1,0,0
train_Soto_Soto_Ayam_358.jpg,0,1,1,0,0
train_Soto_Soto_Ayam_361.jpg,0,1,1,0,0
train_Soto_Soto_Ayam_362.jpg,0,1,1,0,0
train_Soto_Soto_Ayam_363.jpg,0,1,1,0,0
train_Soto_Soto_Ayam_364.jpg,0,1,1,0,0
train_Soto_Soto_Ayam_365.jpg,0,1,1,0,0
train_Soto_Soto_Ayam_366.jpg,0,1,1,0,0
train_Soto_Soto_Ayam_367.jpg,0,1,1,0,0
train_Soto_Soto_Ayam_368.jpg,0,1,1,0,0
train_Soto_Soto_Ayam_369.jpg,0,1,1,0,0
train_Soto_Soto_Ayam_370.jpg,0,1,1,0,0
train_Soto_Soto_Ayam_371.jpg,0,1,1,0,0
train_Soto_Soto_Ayam_372.jpg,0,1,1,0,0
train_Soto_Soto_Ayam_374.jpg,0,1,1,0,0
train_Soto_Soto_Ayam_375.jpg,0,1,1,0,0
train_Soto_Soto_Ayam_376.jpg,0,1,1,0,0
train_Soto_Soto_Ayam_378.jpg,0,1,1,0,0
train_Soto_Soto_Ayam_379.jpg,0,1,1,0,0
train_Soto_Soto_Ayam_382.jpg,0,1,1,0,0
train_Soto_Soto_Ayam_383.jpg,0,1,1,0,0
train_Soto_Soto_Ayam_384.jpg,0,1,1,0,0
train_Soto_Soto_Ayam_386.jpg,0,1,1,0,0
train_Soto_Soto_Ayam_387.jpg,0,1,1,0,0
train_Soto_Soto_Ayam_388.jpg,0,1,1,0,0
train_Soto_Soto_Ayam_389.jpg,0,1,1,0,0
train_Soto_Soto_Ayam_390.jpg,0,1,1,0,0
train_Soto_Soto_Ayam_391.jpg,0,1,1,0,0
train_Soto_Soto_Ayam_393.jpg,0,1,1,0,0
train_Soto_Soto_Ayam_395.jpg,0,1,1,0,0
train_Soto_Soto_Ayam_396.jpg,0,1,1,0,0
train_Soto_Soto_Ayam_400.jpg,0,1,1,0,0
train_Soto_Soto_Ayam_401.jpg,0,1,1,0,0
train_Soto_Soto_Ayam_402.jpg,0,1,1,0,0
train_Soto_Soto_Ayam_404.jpg,0,1,1,0,0
train_Soto_Soto_Ayam_405.jpg,0,1,1,0,0
train_Soto_Soto_Ayam_407.jpg,0,1,1,0,0
train_Soto_Soto_Ayam_408.jpg,0,1,1,0,0
train_Soto_Soto_Ayam_409.jpg,0,1,1,0,0
train_Soto_Soto_Ayam_410.jpg,0,1,1,0,0
train_Soto_Soto_Ayam_411.jpg,0,1,1,0,0
train_Soto_Soto_Ayam_412.jpg,0,1,1,0,0
train_Soto_Soto_Ayam_413.jpg,0,1,1,0,0
train_Soto_Soto_Ayam_414.jpg,0,1,1,0,0
train_Soto_Soto_Ayam_416.jpg,0,1,1,0,0
train_Soto_Soto_Ayam_417.jpg,0,1,1,0,0
train_Soto_Soto_Ayam_418.jpg,0,1,1,0,0
train_Soto_Soto_Ayam_419.jpg,0,1,1,0,0
train_Soto_Soto_Ayam_420.jpg,0,1,1,0,0
train_Soto_Soto_Ayam_423.jpg,0,1,1,0,0
train_Soto_Soto_Ayam_424.jpg,0,1,1,0,0
train_Soto_Soto_Ayam_425.jpg,0,1,1,0,0
train_Soto_Soto_Ayam_427.jpg,0,1,1,0,0
train_Soto_Soto_Ayam_428.jpg,0,1,1,0,0
train_Soto_Soto_Ayam_429.jpg,0,1,1,0,0
train_Soto_Soto_Ayam_430.jpg,0,1,1,0,0
train_Soto_Soto_Ayam_432.jpg,0,1,1,0,0
train_Soto_Soto_Ayam_433.jpg,0,1,1,0,0
train_Soto_Soto_Ayam_436.jpg,0,1,1,0,0
train_Soto_Soto_Ayam_438.jpg,0,1,1,0,0
train_Soto_Soto_Ayam_439.jpg,0,1,1,0,0
train_Soto_Soto_Ayam_440.jpg,0,1,1,0,0
train_Soto_Soto_Ayam_441.jpg,0,1,1,0,0
train_Soto_Soto_Ayam_442.jpg,0,1,1,0,0
train_Soto_Soto_Ayam_443.jpg,0,1,1,0,0
train_Soto_Soto_Ayam_444.jpg,0,1,1,0,0
train_Soto_Soto_Ayam_445.jpg,0,1,1,0,0
train_Soto_Soto_Ayam_446.jpg,0,1,1,0,0
train_Soto_Soto_Ayam_447.jpg,0,1,1,0,0
train_Soto_Soto_Ayam_453.jpg,0,1,1,0,0
train_Soto_Soto_Ayam_454.jpg,0,1,1,0,0
train_Soto_Soto_Ayam_455.jpg,0,1,1,0,0
train_Soto_Soto_Ayam_456.jpg,0,1,1,0,0
train_Soto_Soto_Ayam_457.jpg,0,1,1,0,0
train_Soto_Soto_Ayam_458.jpg,0,1,1,0,0
train_Soto_Soto_Ayam_459.jpg,0,1,1,0,0
train_Soto_Soto_Ayam_461.jpg,0,1,1,0,0
train_Soto_Soto_Ayam_462.jpg,0,1,1,0,0
train_Soto_Soto_Ayam_463.jpg,0,1,1,0,0
train_Soto_Soto_Ayam_464.jpg,0,1,1,0,0
train_Soto_Soto_Ayam_465.jpg,0,1,1,0,0
train_Soto_Soto_Ayam_466.jpg,0,1,1,0,0
train_Soto_Soto_Ayam_467.jpg,0,1,1,0,0
train_Soto_Soto_Ayam_468.jpg,0,1,1,0,0
train_Soto_Soto_Ayam_470.jpg,0,1,1,0,0
train_Soto_Soto_Ayam_471.jpg,0,1,1,0,0
train_Soto_Soto_Ayam_472.jpg,0,1,1,0,0
train_Soto_Soto_Ayam_473.jpg,0,1,1,0,0
train_Soto_Soto_Ayam_475.jpg,0,1,1,0,0
train_Soto_Soto_Ayam_477.jpg,0,1,1,0,0
train_Soto_Soto_Ayam_478.jpg,0,1,1,0,0
train_Soto_Soto_Ayam_479.jpg,0,1,1,0,0
train_Soto_Soto_Ayam_480.jpg,0,1,1,0,0
train_Soto_Soto_Ayam_481.jpg,0,1,1,0,0
train_Soto_Soto_Ayam_482.jpg,0,1,1,0,0
train_Soto_Soto_Ayam_483.jpg,0,1,1,0,0
train_Soto_Soto_Ayam_484.jpg,0,1,1,0,0
train_Soto_Soto_Ayam_485.jpg,0,1,1,0,0
train_Soto_Soto_Ayam_486.jpg,0,1,1,0,0
train_Soto_Soto_Ayam_490.jpg,0,1,1,0,0
train_Soto_Soto_Ayam_491.jpg,0,1,1,0,0
train_Soto_Soto_Ayam_492.jpg,0,1,1,0,0
train_Soto_Soto_Ayam_493.jpg,0,1,1,0,0
train_Soto_Soto_Ayam_494.jpg,0,1,1,0,0
train_Soto_Soto_Ayam_495.jpg,0,1,1,0,0
train_Soto_Soto_Ayam_496.jpg,0,1,1,0,0
train_Soto_Soto_Ayam_497.jpg,0,1,1,0,0
train_Soto_Soto_Ayam_498.jpg,0,1,1,0,0
train_Soto_Soto_Ayam_499.jpg,0,1,1,0,0
valid_Ayam_Goreng_Ayam_Goreng_006.jpg,0,1,0,0,0
valid_Ayam_Goreng_Ayam_Goreng_016.jpg,0,1,0,0,0
valid_Ayam_Goreng_Ayam_Goreng_018.jpg,0,1,0,0,0
valid_Ayam_Goreng_Ayam_Goreng_028.jpg,0,1,0,0,0
valid_Ayam_Goreng_Ayam_Goreng_029.jpg,0,1,0,0,0
valid_Ayam_Goreng_Ayam_Goreng_032.jpg,0,1,0,0,0
valid_Ayam_Goreng_Ayam_Goreng_037.jpg,0,1,0,0,0
valid_Ayam_Goreng_Ayam_Goreng_039.jpg,0,1,0,0,0
valid_Ayam_Goreng_Ayam_Goreng_078.jpg,0,1,0,0,0
valid_Ayam_Goreng_Ayam_Goreng_079.jpg,0,1,0,0,0
valid_Ayam_Goreng_Ayam_Goreng_080.jpg,0,1,0,0,0
valid_Ayam_Goreng_Ayam_Goreng_084.jpg,0,1,0,0,0
valid_Ayam_Goreng_Ayam_Goreng_091.jpg,0,1,0,0,0
valid_Ayam_Goreng_Ayam_Goreng_104.jpg,0,1,0,0,0
valid_Ayam_Goreng_Ayam_Goreng_136.jpg,0,1,0,0,0
valid_Ayam_Goreng_Ayam_Goreng_154.jpg,0,1,0,0,0
valid_Ayam_Goreng_Ayam_Goreng_161.jpg,0,1,0,0,0
valid_Ayam_Goreng_Ayam_Goreng_181.jpg,0,1,0,0,0
valid_Ayam_Goreng_Ayam_Goreng_185.jpg,0,1,0,0,0
valid_Ayam_Goreng_Ayam_Goreng_198.jpg,0,1,0,0,0
valid_Ayam_Goreng_Ayam_Goreng_202.jpg,0,1,0,0,0
valid_Ayam_Goreng_Ayam_Goreng_229.jpg,0,1,0,0,0
valid_Ayam_Goreng_Ayam_Goreng_233.jpg,0,1,0,0,0
valid_Ayam_Goreng_Ayam_Goreng_235.jpg,0,1,0,0,0
valid_Ayam_Goreng_Ayam_Goreng_238.jpg,0,1,0,0,0
valid_Ayam_Goreng_Ayam_Goreng_243.jpg,0,1,0,0,0
valid_Ayam_Goreng_Ayam_Goreng_245.jpg,0,1,0,0,0
valid_Ayam_Goreng_Ayam_Goreng_248.jpg,0,1,0,0,0
valid_Ayam_Goreng_Ayam_Goreng_253.jpg,0,1,0,0,0
valid_Ayam_Goreng_Ayam_Goreng_254.jpg,0,1,0,0,0
valid_Ayam_Goreng_Ayam_Goreng_266.jpg,0,1,0,0,0
valid_Ayam_Goreng_Ayam_Goreng_276.jpg,0,1,0,0,0
valid_Ayam_Goreng_Ayam_Goreng_318.jpg,0,1,0,0,0
valid_Ayam_Goreng_Ayam_Goreng_320.jpg,0,1,0,0,0
valid_Ayam_Goreng_Ayam_Goreng_321.jpg,0,1,0,0,0
valid_Ayam_Goreng_Ayam_Goreng_356.jpg,0,1,0,0,0
valid_Ayam_Goreng_Ayam_Goreng_362.jpg,0,1,0,0,0
valid_Ayam_Goreng_Ayam_Goreng_373.jpg,0,1,0,0,0
valid_Ayam_Goreng_Ayam_Goreng_407.jpg,0,1,0,0,0
valid_Ayam_Goreng_Ayam_Goreng_414.jpg,0,1,0,0,0
valid_Ayam_Goreng_Ayam_Goreng_424.jpg,0,1,0,0,0
valid_Ayam_Goreng_Ayam_Goreng_428.jpg,0,1,0,0,0
valid_Ayam_Goreng_Ayam_Goreng_430.jpg,0,1,0,0,0
valid_Ayam_Goreng_Ayam_Goreng_448.jpg,0,1,0,0,0
valid_Ayam_Goreng_Ayam_Goreng_452.jpg,0,1,0,0,0
valid_Ayam_Goreng_Ayam_Goreng_453.jpg,0,1,0,0,0
valid_Ayam_Goreng_Ayam_Goreng_460.jpg,0,1,0,0,0
valid_Ayam_Goreng_Ayam_Goreng_464.jpg,0,1,0,0,0
valid_Ayam_Goreng_Ayam_Goreng_468.jpg,0,1,0,0,0
valid_Ayam_Goreng_Ayam_Goreng_476.jpg,0,1,0,0,0
valid_Burger_Burger_033.jpg,1,1,1,0,0
valid_Burger_Burger_034.jpg,1,1,1,0,0
valid_Burger_Burger_043.jpg,1,1,1,0,0
valid_Burger_Burger_049.jpg,1,1,1,0,0
valid_Burger_Burger_052.jpg,1,1,1,0,0
valid_Burger_Burger_061.jpg,1,1,1,0,0
valid_Burger_Burger_069.jpg,1,1,1,0,0
valid_Burger_Burger_070.jpg,1,1,1,0,0
valid_Burger_Burger_074.jpg,1,1,1,0,0
valid_Burger_Burger_097.jpg,1,1,1,0,0
valid_Burger_Burger_101.jpg,1,1,1,0,0
valid_Burger_Burger_106.jpg,1,1,1,0,0
valid_Burger_Burger_121.jpg,1,1,1,0,0
valid_Burger_Burger_129.jpg,1,1,1,0,0
valid_Burger_Burger_134.jpg,1,1,1,0,0
valid_Burger_Burger_147.jpg,1,1,1,0,0
valid_Burger_Burger_168.jpg,1,1,1,0,0
valid_Burger_Burger_187.jpg,1,1,1,0,0
valid_Burger_Burger_189.jpg,1,1,1,0,0
valid_Burger_Burger_193.jpg,1,1,1,0,0
valid_Burger_Burger_208.jpg,1,1,1,0,0
valid_Burger_Burger_209.jpg,1,1,1,0,0
valid_Burger_Burger_213.jpg,1,1,1,0,0
valid_Burger_Burger_215.jpg,1,1,1,0,0
valid_Burger_Burger_216.jpg,1,1,1,0,0
valid_Burger_Burger_218.jpg,1,1,1,0,0
valid_Burger_Burger_219.jpg,1,1,1,0,0
valid_Burger_Burger_223.jpg,1,1,1,0,0
valid_Burger_Burger_245.jpg,1,1,1,0,0
valid_Burger_Burger_256.jpg,1,1,1,0,0
valid_Burger_Burger_279.jpg,1,1,1,0,0
valid_Burger_Burger_288.jpg,1,1,1,0,0
valid_Burger_Burger_298.jpg,1,1,1,0,0
valid_Burger_Burger_302.jpg,1,1,1,0,0
valid_Burger_Burger_311.jpg,1,1,1,0,0
valid_Burger_Burger_330.jpg,1,1,1,0,0
valid_Burger_Burger_333.jpg,1,1,1,0,0
valid_Burger_Burger_334.jpg,1,1,1,0,0
valid_Burger_Burger_337.jpg,1,1,1,0,0
valid_Burger_Burger_340.jpg,1,1,1,0,0
valid_Burger_Burger_381.jpg,1,1,1,0,0
valid_Burger_Burger_408.jpg,1,1,1,0,0
valid_Burger_Burger_413.jpg,1,1,1,0,0
valid_Burger_Burger_418.jpg,1,1,1,0,0
valid_Burger_Burger_427.jpg,1,1,1,0,0
valid_Burger_Burger_432.jpg,1,1,1,0,0
valid_Burger_Burger_451.jpg,1,1,1,0,0
valid_Burger_Burger_464.jpg,1,1,1,0,0
valid_Burger_Burger_467.jpg,1,1,1,0,0
valid_Burger_Burger_478.jpg,1,1,1,0,0
valid_French_Fries_French_Fries_008.jpg,1,0,0,0,0
valid_French_Fries_French_Fries_011.jpg,1,0,0,0,0
valid_French_Fries_French_Fries_013.jpg,1,0,0,0,0
valid_French_Fries_French_Fries_018.jpg,1,0,0,0,0
valid_French_Fries_French_Fries_022.jpg,1,0,0,0,0
valid_French_Fries_French_Fries_026.jpg,1,0,0,0,0
valid_French_Fries_French_Fries_051.jpg,1,0,0,0,0
valid_French_Fries_French_Fries_060.jpg,1,0,0,0,0
valid_French_Fries_French_Fries_067.jpg,1,0,0,0,0
valid_French_Fries_French_Fries_073.jpg,1,0,0,0,0
valid_French_Fries_French_Fries_074.jpg,1,0,0,0,0
valid_French_Fries_French_Fries_084.jpg,1,0,0,0,0
valid_French_Fries_French_Fries_099.jpg,1,0,0,0,0
valid_French_Fries_French_Fries_111.jpg,1,0,0,0,0
valid_French_Fries_French_Fries_119.jpg,1,0,0,0,0
valid_French_Fries_French_Fries_122.jpg,1,0,0,0,0
valid_French_Fries_French_Fries_125.jpg,1,0,0,0,0
valid_French_Fries_French_Fries_127.jpg,1,0,0,0,0
valid_French_Fries_French_Fries_129.jpg,1,0,0,0,0
valid_French_Fries_French_Fries_149.jpg,1,0,0,0,0
valid_French_Fries_French_Fries_184.jpg,1,0,0,0,0
valid_French_Fries_French_Fries_185.jpg,1,0,0,0,0
valid_French_Fries_French_Fries_199.jpg,1,0,0,0,0
valid_French_Fries_French_Fries_204.jpg,1,0,0,0,0
valid_French_Fries_French_Fries_215.jpg,1,0,0,0,0
valid_French_Fries_French_Fries_230.jpg,1,0,0,0,0
valid_French_Fries_French_Fries_238.jpg,1,0,0,0,0
valid_French_Fries_French_Fries_250.jpg,1,0,0,0,0
valid_French_Fries_French_Fries_261.jpg,1,0,0,0,0
valid_French_Fries_French_Fries_264.jpg,1,0,0,0,0
valid_French_Fries_French_Fries_270.jpg,1,0,0,0,0
valid_French_Fries_French_Fries_282.jpg,1,0,0,0,0
valid_French_Fries_French_Fries_283.jpg,1,0,0,0,0
valid_French_Fries_French_Fries_284.jpg,1,0,0,0,0
valid_French_Fries_French_Fries_285.jpg,1,0,0,0,0
valid_French_Fries_French_Fries_293.jpg,1,0,0,0,0
valid_French_Fries_French_Fries_296.jpg,1,0,0,0,0
valid_French_Fries_French_Fries_298.jpg,1,0,0,0,0
valid_French_Fries_French_Fries_301.jpg,1,0,0,0,0
valid_French_Fries_French_Fries_325.jpg,1,0,0,0,0
valid_French_Fries_French_Fries_341.jpg,1,0,0,0,0
valid_French_Fries_French_Fries_353.jpg,1,0,0,0,0
valid_French_Fries_French_Fries_364.jpg,1,0,0,0,0
valid_French_Fries_French_Fries_401.jpg,1,0,0,0,0
valid_French_Fries_French_Fries_409.jpg,1,0,0,0,0
valid_French_Fries_French_Fries_414.jpg,1,0,0,0,0
valid_French_Fries_French_Fries_427.jpg,1,0,0,0,0
valid_French_Fries_French_Fries_432.jpg,1,0,0,0,0
valid_French_Fries_French_Fries_459.jpg,1,0,0,0,0
valid_French_Fries_French_Fries_480.jpg,1,0,0,0,0
valid_Gado-Gado_Gado-Gado_008.jpg,0,1,1,0,0
valid_Gado-Gado_Gado-Gado_012.jpg,0,1,1,0,0
valid_Gado-Gado_Gado-Gado_017.jpg,0,1,1,0,0
valid_Gado-Gado_Gado-Gado_026.jpg,0,1,1,0,0
valid_Gado-Gado_Gado-Gado_041.jpg,0,1,1,0,0
valid_Gado-Gado_Gado-Gado_050.jpg,0,1,1,0,0
valid_Gado-Gado_Gado-Gado_059.jpg,0,1,1,0,0
valid_Gado-Gado_Gado-Gado_062.jpg,0,1,1,0,0
valid_Gado-Gado_Gado-Gado_064.jpg,0,1,1,0,0
valid_Gado-Gado_Gado-Gado_065.jpg,0,1,1,0,0
valid_Gado-Gado_Gado-Gado_072.jpg,0,1,1,0,0
valid_Gado-Gado_Gado-Gado_082.jpg,0,1,1,0,0
valid_Gado-Gado_Gado-Gado_091.jpg,0,1,1,0,0
valid_Gado-Gado_Gado-Gado_099.jpg,0,1,1,0,0
valid_Gado-Gado_Gado-Gado_105.jpg,0,1,1,0,0
valid_Gado-Gado_Gado-Gado_112.jpg,0,1,1,0,0
valid_Gado-Gado_Gado-Gado_127.jpg,0,1,1,0,0
valid_Gado-Gado_Gado-Gado_166.jpg,0,1,1,0,0
valid_Gado-Gado_Gado-Gado_167.jpg,0,1,1,0,0
valid_Gado-Gado_Gado-Gado_187.jpg,0,1,1,0,0
valid_Gado-Gado_Gado-Gado_208.jpg,0,1,1,0,0
valid_Gado-Gado_Gado-Gado_223.jpg,0,1,1,0,0
valid_Gado-Gado_Gado-Gado_226.jpg,0,1,1,0,0
valid_Gado-Gado_Gado-Gado_229.jpg,0,1,1,0,0
valid_Gado-Gado_Gado-Gado_233.jpg,0,1,1,0,0
valid_Gado-Gado_Gado-Gado_237.jpg,0,1,1,0,0
valid_Gado-Gado_Gado-Gado_253.jpg,0,1,1,0,0
valid_Gado-Gado_Gado-Gado_255.jpg,0,1,1,0,0
valid_Gado-Gado_Gado-Gado_273.jpg,0,1,1,0,0
valid_Gado-Gado_Gado-Gado_287.jpg,0,1,1,0,0
valid_Gado-Gado_Gado-Gado_289.jpg,0,1,1,0,0
valid_Gado-Gado_Gado-Gado_318.jpg,0,1,1,0,0
valid_Gado-Gado_Gado-Gado_319.jpg,0,1,1,0,0
valid_Gado-Gado_Gado-Gado_324.jpg,0,1,1,0,0
valid_Gado-Gado_Gado-Gado_327.jpg,0,1,1,0,0
valid_Gado-Gado_Gado-Gado_337.jpg,0,1,1,0,0
valid_Gado-Gado_Gado-Gado_345.jpg,0,1,1,0,0
valid_Gado-Gado_Gado-Gado_351.jpg,0,1,1,0,0
valid_Gado-Gado_Gado-Gado_370.jpg,0,1,1,0,0
valid_Gado-Gado_Gado-Gado_373.jpg,0,1,1,0,0
valid_Gado-Gado_Gado-Gado_374.jpg,0,1,1,0,0
valid_Gado-Gado_Gado-Gado_382.jpg,0,1,1,0,0
valid_Gado-Gado_Gado-Gado_394.jpg,0,1,1,0,0
valid_Gado-Gado_Gado-Gado_415.jpg,0,1,1,0,0
valid_Gado-Gado_Gado-Gado_423.jpg,0,1,1,0,0
valid_Gado-Gado_Gado-Gado_459.jpg,0,1,1,0,0
valid_Gado-Gado_Gado-Gado_478.jpg,0,1,1,0,0
valid_Gado-Gado_Gado-Gado_484.jpg,0,1,1,0,0
valid_Gado-Gado_Gado-Gado_485.jpg,0,1,1,0,0
valid_Gado-Gado_Gado-Gado_488.jpg,0,1,1,0,0
valid_Ikan_Goreng_Ikan_Goreng_024.jpg,0,1,0,0,0
valid_Ikan_Goreng_Ikan_Goreng_028.jpg,0,1,0,0,0
valid_Ikan_Goreng_Ikan_Goreng_031.jpg,0,1,0,0,0
valid_Ikan_Goreng_Ikan_Goreng_042.jpg,0,1,0,0,0
valid_Ikan_Goreng_Ikan_Goreng_049.jpg,0,1,0,0,0
valid_Ikan_Goreng_Ikan_Goreng_053.jpg,0,1,0,0,0
valid_Ikan_Goreng_Ikan_Goreng_063.jpg,0,1,0,0,0
valid_Ikan_Goreng_Ikan_Goreng_087.jpg,0,1,0,0,0
valid_Ikan_Goreng_Ikan_Goreng_124.jpg,0,1,0,0,0
valid_Ikan_Goreng_Ikan_Goreng_128.jpg,0,1,0,0,0
valid_Ikan_Goreng_Ikan_Goreng_144.jpg,0,1,0,0,0
valid_Ikan_Goreng_Ikan_Goreng_158.jpg,0,1,0,0,0
valid_Ikan_Goreng_Ikan_Goreng_166.jpg,0,1,0,0,0
valid_Ikan_Goreng_Ikan_Goreng_175.jpg,0,1,0,0,0
valid_Ikan_Goreng_Ikan_Goreng_190.jpg,0,1,0,0,0
valid_Ikan_Goreng_Ikan_Goreng_206.jpg,0,1,0,0,0
valid_Ikan_Goreng_Ikan_Goreng_214.jpg,0,1,0,0,0
valid_Ikan_Goreng_Ikan_Goreng_216.jpg,0,1,0,0,0
valid_Ikan_Goreng_Ikan_Goreng_223.jpg,0,1,0,0,0
valid_Ikan_Goreng_Ikan_Goreng_224.jpg,0,1,0,0,0
valid_Ikan_Goreng_Ikan_Goreng_226.jpg,0,1,0,0,0
valid_Ikan_Goreng_Ikan_Goreng_230.jpg,0,1,0,0,0
valid_Ikan_Goreng_Ikan_Goreng_233.jpg,0,1,0,0,0
valid_Ikan_Goreng_Ikan_Goreng_254.jpg,0,1,0,0,0
valid_Ikan_Goreng_Ikan_Goreng_260.jpg,0,1,0,0,0
valid_Ikan_Goreng_Ikan_Goreng_281.jpg,0,1,0,0,0
valid_Ikan_Goreng_Ikan_Goreng_282.jpg,0,1,0,0,0
valid_Ikan_Goreng_Ikan_Goreng_297.jpg,0,1,0,0,0
valid_Ikan_Goreng_Ikan_Goreng_300.jpg,0,1,0,0,0
valid_Ikan_Goreng_Ikan_Goreng_306.jpg,0,1,0,0,0
valid_Ikan_Goreng_Ikan_Goreng_307.jpg,0,1,0,0,0
valid_Ikan_Goreng_Ikan_Goreng_335.jpg,0,1,0,0,0
valid_Ikan_Goreng_Ikan_Goreng_349.jpg,0,1,0,0,0
valid_Ikan_Goreng_Ikan_Goreng_383.jpg,0,1,0,0,0
valid_Ikan_Goreng_Ikan_Goreng_385.jpg,0,1,0,0,0
valid_Ikan_Goreng_Ikan_Goreng_386.jpg,0,1,0,0,0
valid_Ikan_Goreng_Ikan_Goreng_389.jpg,0,1,0,0,0
valid_Ikan_Goreng_Ikan_Goreng_390.jpg,0,1,0,0,0
valid_Ikan_Goreng_Ikan_Goreng_399.jpg,0,1,0,0,0
valid_Ikan_Goreng_Ikan_Goreng_414.jpg,0,1,0,0,0
valid_Ikan_Goreng_Ikan_Goreng_431.jpg,0,1,0,0,0
valid_Ikan_Goreng_Ikan_Goreng_435.jpg,0,1,0,0,0
valid_Ikan_Goreng_Ikan_Goreng_443.jpg,0,1,0,0,0
valid_Ikan_Goreng_Ikan_Goreng_445.jpg,0,1,0,0,0
valid_Ikan_Goreng_Ikan_Goreng_449.jpg,0,1,0,0,0
valid_Ikan_Goreng_Ikan_Goreng_453.jpg,0,1,0,0,0
valid_Ikan_Goreng_Ikan_Goreng_455.jpg,0,1,0,0,0
valid_Ikan_Goreng_Ikan_Goreng_457.jpg,0,1,0,0,0
valid_Ikan_Goreng_Ikan_Goreng_465.jpg,0,1,0,0,0
valid_Ikan_Goreng_Ikan_Goreng_473.jpg,0,1,0,0,0
valid_Mie_Goreng_Mie_Goreng_016.jpg,1,1,1,0,0
valid_Mie_Goreng_Mie_Goreng_017.jpg,1,1,1,0,0
valid_Mie_Goreng_Mie_Goreng_018.jpg,1,1,1,0,0
valid_Mie_Goreng_Mie_Goreng_019.jpg,1,1,1,0,0
valid_Mie_Goreng_Mie_Goreng_037.jpg,1,1,1,0,0
valid_Mie_Goreng_Mie_Goreng_044.jpg,1,1,1,0,0
valid_Mie_Goreng_Mie_Goreng_058.jpg,1,1,1,0,0
valid_Mie_Goreng_Mie_Goreng_069.jpg,1,1,1,0,0
valid_Mie_Goreng_Mie_Goreng_071.jpg,1,1,1,0,0
valid_Mie_Goreng_Mie_Goreng_072.jpg,1,1,1,0,0
valid_Mie_Goreng_Mie_Goreng_075.jpg,1,1,1,0,0
valid_Mie_Goreng_Mie_Goreng_076.jpg,1,1,1,0,0
valid_Mie_Goreng_Mie_Goreng_089.jpg,1,1,1,0,0
valid_Mie_Goreng_Mie_Goreng_091.jpg,1,1,1,0,0
valid_Mie_Goreng_Mie_Goreng_115.jpg,1,1,1,0,0
valid_Mie_Goreng_Mie_Goreng_116.jpg,1,1,1,0,0
valid_Mie_Goreng_Mie_Goreng_140.jpg,1,1,1,0,0
valid_Mie_Goreng_Mie_Goreng_150.jpg,1,1,1,0,0
valid_Mie_Goreng_Mie_Goreng_152.jpg,1,1,1,0,0
valid_Mie_Goreng_Mie_Goreng_167.jpg,1,1,1,0,0
valid_Mie_Goreng_Mie_Goreng_170.jpg,1,1,1,0,0
valid_Mie_Goreng_Mie_Goreng_177.jpg,1,1,1,0,0
valid_Mie_Goreng_Mie_Goreng_184.jpg,1,1,1,0,0
valid_Mie_Goreng_Mie_Goreng_185.jpg,1,1,1,0,0
valid_Mie_Goreng_Mie_Goreng_201.jpg,1,1,1,0,0
valid_Mie_Goreng_Mie_Goreng_222.jpg,1,1,1,0,0
valid_Mie_Goreng_Mie_Goreng_236.jpg,1,1,1,0,0
valid_Mie_Goreng_Mie_Goreng_248.jpg,1,1,1,0,0
valid_Mie_Goreng_Mie_Goreng_264.jpg,1,1,1,0,0
valid_Mie_Goreng_Mie_Goreng_270.jpg,1,1,1,0,0
valid_Mie_Goreng_Mie_Goreng_275.jpg,1,1,1,0,0
valid_Mie_Goreng_Mie_Goreng_280.jpg,1,1,1,0,0
valid_Mie_Goreng_Mie_Goreng_317.jpg,1,1,1,0,0
valid_Mie_Goreng_Mie_Goreng_325.jpg,1,1,1,0,0
valid_Mie_Goreng_Mie_Goreng_331.jpg,1,1,1,0,0
valid_Mie_Goreng_Mie_Goreng_344.jpg,1,1,1,0,0
valid_Mie_Goreng_Mie_Goreng_348.jpg,1,1,1,0,0
valid_Mie_Goreng_Mie_Goreng_354.jpg,1,1,1,0,0
valid_Mie_Goreng_Mie_Goreng_361.jpg,1,1,1,0,0
valid_Mie_Goreng_Mie_Goreng_367.jpg,1,1,1,0,0
valid_Mie_Goreng_Mie_Goreng_368.jpg,1,1,1,0,0
valid_Mie_Goreng_Mie_Goreng_400.jpg,1,1,1,0,0
valid_Mie_Goreng_Mie_Goreng_401.jpg,1,1,1,0,0
valid_Mie_Goreng_Mie_Goreng_424.jpg,1,1,1,0,0
valid_Mie_Goreng_Mie_Goreng_458.jpg,1,1,1,0,0
valid_Mie_Goreng_Mie_Goreng_460.jpg,1,1,1,0,0
valid_Mie_Goreng_Mie_Goreng_474.jpg,1,1,1,0,0
valid_Mie_Goreng_Mie_Goreng_483.jpg,1,1,1,0,0
valid_Mie_Goreng_Mie_Goreng_490.jpg,1,1,1,0,0
valid_Mie_Goreng_Mie_Goreng_491.jpg,1,1,1,0,0
valid_Nasi_Goreng_Nasi_Goreng_017.jpg,1,1,0,0,0
valid_Nasi_Goreng_Nasi_Goreng_034.jpg,1,1,0,0,0
valid_Nasi_Goreng_Nasi_Goreng_037.jpg,1,1,0,0,0
valid_Nasi_Goreng_Nasi_Goreng_053.jpg,1,1,0,0,0
valid_Nasi_Goreng_Nasi_Goreng_062.jpg,1,1,0,0,0
valid_Nasi_Goreng_Nasi_Goreng_063.jpg,1,1,0,0,0
valid_Nasi_Goreng_Nasi_Goreng_064.jpg,1,1,0,0,0
valid_Nasi_Goreng_Nasi_Goreng_110.jpg,1,1,0,0,0
valid_Nasi_Goreng_Nasi_Goreng_114.jpg,1,1,0,0,0
valid_Nasi_Goreng_Nasi_Goreng_121.jpg,1,1,0,0,0
valid_Nasi_Goreng_Nasi_Goreng_133.jpg,1,1,0,0,0
valid_Nasi_Goreng_Nasi_Goreng_144.jpg,1,1,0,0,0
valid_Nasi_Goreng_Nasi_Goreng_150.jpg,1,1,0,0,0
valid_Nasi_Goreng_Nasi_Goreng_188.jpg,1,1,0,0,0
valid_Nasi_Goreng_Nasi_Goreng_192.jpg,1,1,0,0,0
valid_Nasi_Goreng_Nasi_Goreng_193.jpg,1,1,0,0,0
valid_Nasi_Goreng_Nasi_Goreng_230.jpg,1,1,0,0,0
valid_Nasi_Goreng_Nasi_Goreng_234.jpg,1,1,0,0,0
valid_Nasi_Goreng_Nasi_Goreng_240.jpg,1,1,0,0,0
valid_Nasi_Goreng_Nasi_Goreng_244.jpg,1,1,0,0,0
valid_Nasi_Goreng_Nasi_Goreng_248.jpg,1,1,0,0,0
valid_Nasi_Goreng_Nasi_Goreng_270.jpg,1,1,0,0,0
valid_Nasi_Goreng_Nasi_Goreng_280.jpg,1,1,0,0,0
valid_Nasi_Goreng_Nasi_Goreng_323.jpg,1,1,0,0,0
valid_Nasi_Goreng_Nasi_Goreng_324.jpg,1,1,0,0,0
valid_Nasi_Goreng_Nasi_Goreng_328.jpg,1,1,0,0,0
valid_Nasi_Goreng_Nasi_Goreng_332.jpg,1,1,0,0,0
valid_Nasi_Goreng_Nasi_Goreng_336.jpg,1,1,0,0,0
valid_Nasi_Goreng_Nasi_Goreng_353.jpg,1,1,0,0,0
valid_Nasi_Goreng_Nasi_Goreng_354.jpg,1,1,0,0,0
valid_Nasi_Goreng_Nasi_Goreng_365.jpg,1,1,0,0,0
valid_Nasi_Goreng_Nasi_Goreng_367.jpg,1,1,0,0,0
valid_Nasi_Goreng_Nasi_Goreng_387.jpg,1,1,0,0,0
valid_Nasi_Goreng_Nasi_Goreng_406.jpg,1,1,0,0,0
valid_Nasi_Goreng_Nasi_Goreng_407.jpg,1,1,0,0,0
valid_Nasi_Goreng_Nasi_Goreng_408.jpg,1,1,0,0,0
valid_Nasi_Goreng_Nasi_Goreng_413.jpg,1,1,0,0,0
valid_Nasi_Goreng_Nasi_Goreng_426.jpg,1,1,0,0,0
valid_Nasi_Goreng_Nasi_Goreng_427.jpg,1,1,0,0,0
valid_Nasi_Goreng_Nasi_Goreng_429.jpg,1,1,0,0,0
valid_Nasi_Goreng_Nasi_Goreng_438.jpg,1,1,0,0,0
valid_Nasi_Goreng_Nasi_Goreng_445.jpg,1,1,0,0,0
valid_Nasi_Goreng_Nasi_Goreng_446.jpg,1,1,0,0,0
valid_Nasi_Goreng_Nasi_Goreng_447.jpg,1,1,0,0,0
valid_Nasi_Goreng_Nasi_Goreng_478.jpg,1,1,0,0,0
valid_Nasi_Goreng_Nasi_Goreng_480.jpg,1,1,0,0,0
valid_Nasi_Goreng_Nasi_Goreng_481.jpg,1,1,0,0,0
valid_Nasi_Goreng_Nasi_Goreng_482.jpg,1,1,0,0,0
valid_Nasi_Goreng_Nasi_Goreng_485.jpg,1,1,0,0,0
valid_Nasi_Goreng_Nasi_Goreng_488.jpg,1,1,0,0,0
valid_Nasi_Padang_Nasi_Padang_020.jpg,1,1,1,0,0
valid_Nasi_Padang_Nasi_Padang_034.jpg,1,1,1,0,0
valid_Nasi_Padang_Nasi_Padang_036.jpg,1,1,1,0,0
valid_Nasi_Padang_Nasi_Padang_039.jpg,1,1,1,0,0
valid_Nasi_Padang_Nasi_Padang_042.jpg,1,1,1,0,0
valid_Nasi_Padang_Nasi_Padang_061.jpg,1,1,1,0,0
valid_Nasi_Padang_Nasi_Padang_063.jpg,1,1,1,0,0
valid_Nasi_Padang_Nasi_Padang_072.jpg,1,1,1,0,0
valid_Nasi_Padang_Nasi_Padang_085.jpg,1,1,1,0,0
valid_Nasi_Padang_Nasi_Padang_091.jpg,1,1,1,0,0
valid_Nasi_Padang_Nasi_Padang_102.jpg,1,1,1,0,0
valid_Nasi_Padang_Nasi_Padang_107.jpg,1,1,1,0,0
valid_Nasi_Padang_Nasi_Padang_113.jpg,1,1,1,0,0
valid_Nasi_Padang_Nasi_Padang_125.jpg,1,1,1,0,0
valid_Nasi_Padang_Nasi_Padang_150.jpg,1,1,1,0,0
valid_Nasi_Padang_Nasi_Padang_158.jpg,1,1,1,0,0
valid_Nasi_Padang_Nasi_Padang_160.jpg,1,1,1,0,0
valid_Nasi_Padang_Nasi_Padang_171.jpg,1,1,1,0,0
valid_Nasi_Padang_Nasi_Padang_190.jpg,1,1,1,0,0
valid_Nasi_Padang_Nasi_Padang_194.jpg,1,1,1,0,0
valid_Nasi_Padang_Nasi_Padang_212.jpg,1,1,1,0,0
valid_Nasi_Padang_Nasi_Padang_216.jpg,1,1,1,0,0
valid_Nasi_Padang_Nasi_Padang_221.jpg,1,1,1,0,0
valid_Nasi_Padang_Nasi_Padang_230.jpg,1,1,1,0,0
valid_Nasi_Padang_Nasi_Padang_231.jpg,1,1,1,0,0
valid_Nasi_Padang_Nasi_Padang_232.jpg,1,1,1,0,0
valid_Nasi_Padang_Nasi_Padang_261.jpg,1,1,1,0,0
valid_Nasi_Padang_Nasi_Padang_275.jpg,1,1,1,0,0
valid_Nasi_Padang_Nasi_Padang_283.jpg,1,1,1,0,0
valid_Nasi_Padang_Nasi_Padang_293.jpg,1,1,1,0,0
valid_Nasi_Padang_Nasi_Padang_314.jpg,1,1,1,0,0
valid_Nasi_Padang_Nasi_Padang_316.jpg,1,1,1,0,0
valid_Nasi_Padang_Nasi_Padang_329.jpg,1,1,1,0,0
valid_Nasi_Padang_Nasi_Padang_331.jpg,1,1,1,0,0
valid_Nasi_Padang_Nasi_Padang_335.jpg,1,1,1,0,0
valid_Nasi_Padang_Nasi_Padang_347.jpg,1,1,1,0,0
valid_Nasi_Padang_Nasi_Padang_349.jpg,1,1,1,0,0
valid_Nasi_Padang_Nasi_Padang_368.jpg,1,1,1,0,0
valid_Nasi_Padang_Nasi_Padang_371.jpg,1,1,1,0,0
valid_Nasi_Padang_Nasi_Padang_384.jpg,1,1,1,0,0
valid_Nasi_Padang_Nasi_Padang_410.jpg,1,1,1,0,0
valid_Nasi_Padang_Nasi_Padang_422.jpg,1,1,1,0,0
valid_Nasi_Padang_Nasi_Padang_424.jpg,1,1,1,0,0
valid_Nasi_Padang_Nasi_Padang_444.jpg,1,1,1,0,0
valid_Nasi_Padang_Nasi_Padang_458.jpg,1,1,1,0,0
valid_Nasi_Padang_Nasi_Padang_459.jpg,1,1,1,0,0
valid_Nasi_Padang_Nasi_Padang_463.jpg,1,1,1,0,0
valid_Nasi_Padang_Nasi_Padang_472.jpg,1,1,1,0,0
valid_Nasi_Padang_Nasi_Padang_475.jpg,1,1,1,0,0
valid_Nasi_Padang_Nasi_Padang_491.jpg,1,1,1,0,0
valid_Pizza_Pizza_014.jpg,1,1,0,0,1
valid_Pizza_Pizza_017.jpg,1,1,0,0,1
valid_Pizza_Pizza_023.jpg,1,1,0,0,1
valid_Pizza_Pizza_024.jpg,1,1,0,0,1
valid_Pizza_Pizza_026.jpg,1,1,0,0,1
valid_Pizza_Pizza_039.jpg,1,1,0,0,1
valid_Pizza_Pizza_042.jpg,1,1,0,0,1
valid_Pizza_Pizza_066.jpg,1,1,0,0,1
valid_Pizza_Pizza_067.jpg,1,1,0,0,1
valid_Pizza_Pizza_071.jpg,1,1,0,0,1
valid_Pizza_Pizza_084.jpg,1,1,0,0,1
valid_Pizza_Pizza_087.jpg,1,1,0,0,1
valid_Pizza_Pizza_111.jpg,1,1,0,0,1
valid_Pizza_Pizza_129.jpg,1,1,0,0,1
valid_Pizza_Pizza_136.jpg,1,1,0,0,1
valid_Pizza_Pizza_159.jpg,1,1,0,0,1
valid_Pizza_Pizza_182.jpg,1,1,0,0,1
valid_Pizza_Pizza_186.jpg,1,1,0,0,1
valid_Pizza_Pizza_194.jpg,1,1,0,0,1
valid_Pizza_Pizza_200.jpg,1,1,0,0,1
valid_Pizza_Pizza_202.jpg,1,1,0,0,1
valid_Pizza_Pizza_205.jpg,1,1,0,0,1
valid_Pizza_Pizza_214.jpg,1,1,0,0,1
valid_Pizza_Pizza_221.jpg,1,1,0,0,1
valid_Pizza_Pizza_249.jpg,1,1,0,0,1
valid_Pizza_Pizza_263.jpg,1,1,0,0,1
valid_Pizza_Pizza_279.jpg,1,1,0,0,1
valid_Pizza_Pizza_293.jpg,1,1,0,0,1
valid_Pizza_Pizza_300.jpg,1,1,0,0,1
valid_Pizza_Pizza_304.jpg,1,1,0,0,1
valid_Pizza_Pizza_311.jpg,1,1,0,0,1
valid_Pizza_Pizza_313.jpg,1,1,0,0,1
valid_Pizza_Pizza_332.jpg,1,1,0,0,1
valid_Pizza_Pizza_366.jpg,1,1,0,0,1
valid_Pizza_Pizza_373.jpg,1,1,0,0,1
valid_Pizza_Pizza_377.jpg,1,1,0,0,1
valid_Pizza_Pizza_379.jpg,1,1,0,0,1
valid_Pizza_Pizza_406.jpg,1,1,0,0,1
valid_Pizza_Pizza_410.jpg,1,1,0,0,1
valid_Pizza_Pizza_414.jpg,1,1,0,0,1
valid_Pizza_Pizza_418.jpg,1,1,0,0,1
valid_Pizza_Pizza_423.jpg,1,1,0,0,1
valid_Pizza_Pizza_447.jpg,1,1,0,0,1
valid_Pizza_Pizza_452.jpg,1,1,0,0,1
valid_Pizza_Pizza_467.jpg,1,1,0,0,1
valid_Pizza_Pizza_471.jpg,1,1,0,0,1
valid_Pizza_Pizza_476.jpg,1,1,0,0,1
valid_Pizza_Pizza_483.jpg,1,1,0,0,1
valid_Pizza_Pizza_485.jpg,1,1,0,0,1
valid_Pizza_Pizza_500.jpg,1,1,0,0,1
valid_Rawon_Rawon_010.jpg,0,1,0,0,0
valid_Rawon_Rawon_015.jpg,0,1,0,0,0
valid_Rawon_Rawon_017.jpg,0,1,0,0,0
valid_Rawon_Rawon_045.jpg,0,1,0,0,0
valid_Rawon_Rawon_050.jpg,0,1,0,0,0
valid_Rawon_Rawon_057.jpg,0,1,0,0,0
valid_Rawon_Rawon_066.jpg,0,1,0,0,0
valid_Rawon_Rawon_079.jpg,0,1,0,0,0
valid_Rawon_Rawon_113.jpg,0,1,0,0,0
valid_Rawon_Rawon_140.jpg,0,1,0,0,0
valid_Rawon_Rawon_142.jpg,0,1,0,0,0
valid_Rawon_Rawon_151.jpg,0,1,0,0,0
valid_Rawon_Rawon_176.jpg,0,1,0,0,0
valid_Rawon_Rawon_179.jpg,0,1,0,0,0
valid_Rawon_Rawon_185.jpg,0,1,0,0,0
valid_Rawon_Rawon_194.jpg,0,1,0,0,0
valid_Rawon_Rawon_207.jpg,0,1,0,0,0
valid_Rawon_Rawon_212.jpg,0,1,0,0,0
valid_Rawon_Rawon_239.jpg,0,1,0,0,0
valid_Rawon_Rawon_243.jpg,0,1,0,0,0
valid_Rawon_Rawon_252.jpg,0,1,0,0,0
valid_Rawon_Rawon_254.jpg,0,1,0,0,0
valid_Rawon_Rawon_255.jpg,0,1,0,0,0
valid_Rawon_Rawon_259.jpg,0,1,0,0,0
valid_Rawon_Rawon_271.jpg,0,1,0,0,0
valid_Rawon_Rawon_273.jpg,0,1,0,0,0
valid_Rawon_Rawon_284.jpg,0,1,0,0,0
valid_Rawon_Rawon_297.jpg,0,1,0,0,0
valid_Rawon_Rawon_305.jpg,0,1,0,0,0
valid_Rawon_Rawon_307.jpg,0,1,0,0,0
valid_Rawon_Rawon_308.jpg,0,1,0,0,0
valid_Rawon_Rawon_315.jpg,0,1,0,0,0
valid_Rawon_Rawon_322.jpg,0,1,0,0,0
valid_Rawon_Rawon_328.jpg,0,1,0,0,0
valid_Rawon_Rawon_334.jpg,0,1,0,0,0
valid_Rawon_Rawon_337.jpg,0,1,0,0,0
valid_Rawon_Rawon_361.jpg,0,1,0,0,0
valid_Rawon_Rawon_375.jpg,0,1,0,0,0
valid_Rawon_Rawon_395.jpg,0,1,0,0,0
valid_Rawon_Rawon_406.jpg,0,1,0,0,0
valid_Rawon_Rawon_417.jpg,0,1,0,0,0
valid_Rawon_Rawon_429.jpg,0,1,0,0,0
valid_Rawon_Rawon_440.jpg,0,1,0,0,0
valid_Rawon_Rawon_443.jpg,0,1,0,0,0
valid_Rawon_Rawon_456.jpg,0,1,0,0,0
valid_Rawon_Rawon_461.jpg,0,1,0,0,0
valid_Rawon_Rawon_465.jpg,0,1,0,0,0
valid_Rawon_Rawon_475.jpg,0,1,0,0,0
valid_Rawon_Rawon_482.jpg,0,1,0,0,0
valid_Rawon_Rawon_486.jpg,0,1,0,0,0
valid_Rendang_Rendang_008.jpg,0,1,0,0,0
valid_Rendang_Rendang_066.jpg,0,1,0,0,0
valid_Rendang_Rendang_073.jpg,0,1,0,0,0
valid_Rendang_Rendang_076.jpg,0,1,0,0,0
valid_Rendang_Rendang_093.jpg,0,1,0,0,0
valid_Rendang_Rendang_106.jpg,0,1,0,0,0
valid_Rendang_Rendang_112.jpg,0,1,0,0,0
valid_Rendang_Rendang_135.jpg,0,1,0,0,0
valid_Rendang_Rendang_152.jpg,0,1,0,0,0
valid_Rendang_Rendang_157.jpg,0,1,0,0,0
valid_Rendang_Rendang_163.jpg,0,1,0,0,0
valid_Rendang_Rendang_177.jpg,0,1,0,0,0
valid_Rendang_Rendang_181.jpg,0,1,0,0,0
valid_Rendang_Rendang_191.jpg,0,1,0,0,0
valid_Rendang_Rendang_198.jpg,0,1,0,0,0
valid_Rendang_Rendang_214.jpg,0,1,0,0,0
valid_Rendang_Rendang_228.jpg,0,1,0,0,0
valid_Rendang_Rendang_244.jpg,0,1,0,0,0
valid_Rendang_Rendang_250.jpg,0,1,0,0,0
valid_Rendang_Rendang_268.jpg,0,1,0,0,0
valid_Rendang_Rendang_271.jpg,0,1,0,0,0
valid_Rendang_Rendang_302.jpg,0,1,0,0,0
valid_Rendang_Rendang_305.jpg,0,1,0,0,0
valid_Rendang_Rendang_306.jpg,0,1,0,0,0
valid_Rendang_Rendang_309.jpg,0,1,0,0,0
valid_Rendang_Rendang_319.jpg,0,1,0,0,0
valid_Rendang_Rendang_333.jpg,0,1,0,0,0
valid_Rendang_Rendang_334.jpg,0,1,0,0,0
valid_Rendang_Rendang_344.jpg,0,1,0,0,0
valid_Rendang_Rendang_366.jpg,0,1,0,0,0
valid_Rendang_Rendang_377.jpg,0,1,0,0,0
valid_Rendang_Rendang_381.jpg,0,1,0,0,0
valid_Rendang_Rendang_384.jpg,0,1,0,0,0
valid_Rendang_Rendang_390.jpg,0,1,0,0,0
valid_Rendang_Rendang_392.jpg,0,1,0,0,0
valid_Rendang_Rendang_397.jpg,0,1,0,0,0
valid_Rendang_Rendang_399.jpg,0,1,0,0,0
valid_Rendang_Rendang_409.jpg,0,1,0,0,0
valid_Rendang_Rendang_411.jpg,0,1,0,0,0
valid_Rendang_Rendang_416.jpg,0,1,0,0,0
valid_Rendang_Rendang_421.jpg,0,1,0,0,0
valid_Rendang_Rendang_444.jpg,0,1,0,0,0
valid_Rendang_Rendang_448.jpg,0,1,0,0,0
valid_Rendang_Rendang_457.jpg,0,1,0,0,0
valid_Rendang_Rendang_458.jpg,0,1,0,0,0
valid_Rendang_Rendang_467.jpg,0,1,0,0,0
valid_Rendang_Rendang_472.jpg,0,1,0,0,0
valid_Rendang_Rendang_474.jpg,0,1,0,0,0
valid_Rendang_Rendang_483.jpg,0,1,0,0,0
valid_Rendang_Rendang_498.jpg,0,1,0,0,0
valid_Sate_Sate_001.jpg,0,1,0,0,0
valid_Sate_Sate_015.jpg,0,1,0,0,0
valid_Sate_Sate_028.jpg,0,1,0,0,0
valid_Sate_Sate_034.jpg,0,1,0,0,0
valid_Sate_Sate_037.jpg,0,1,0,0,0
valid_Sate_Sate_041.jpg,0,1,0,0,0
valid_Sate_Sate_046.jpg,0,1,0,0,0
valid_Sate_Sate_064.jpg,0,1,0,0,0
valid_Sate_Sate_080.jpg,0,1,0,0,0
valid_Sate_Sate_095.jpg,0,1,0,0,0
valid_Sate_Sate_100.jpg,0,1,0,0,0
valid_Sate_Sate_108.jpg,0,1,0,0,0
valid_Sate_Sate_109.jpg,0,1,0,0,0
valid_Sate_Sate_119.jpg,0,1,0,0,0
valid_Sate_Sate_133.jpg,0,1,0,0,0
valid_Sate_Sate_142.jpg,0,1,0,0,0
valid_Sate_Sate_168.jpg,0,1,0,0,0
valid_Sate_Sate_172.jpg,0,1,0,0,0
valid_Sate_Sate_173.jpg,0,1,0,0,0
valid_Sate_Sate_175.jpg,0,1,0,0,0
valid_Sate_Sate_193.jpg,0,1,0,0,0
valid_Sate_Sate_205.jpg,0,1,0,0,0
valid_Sate_Sate_210.jpg,0,1,0,0,0
valid_Sate_Sate_211.jpg,0,1,0,0,0
valid_Sate_Sate_229.jpg,0,1,0,0,0
valid_Sate_Sate_248.jpg,0,1,0,0,0
valid_Sate_Sate_276.jpg,0,1,0,0,0
valid_Sate_Sate_290.jpg,0,1,0,0,0
valid_Sate_Sate_303.jpg,0,1,0,0,0
valid_Sate_Sate_307.jpg,0,1,0,0,0
valid_Sate_Sate_315.jpg,0,1,0,0,0
valid_Sate_Sate_319.jpg,0,1,0,0,0
valid_Sate_Sate_335.jpg,0,1,0,0,0
valid_Sate_Sate_345.jpg,0,1,0,0,0
valid_Sate_Sate_353.jpg,0,1,0,0,0
valid_Sate_Sate_362.jpg,0,1,0,0,0
valid_Sate_Sate_366.jpg,0,1,0,0,0
valid_Sate_Sate_368.jpg,0,1,0,0,0
valid_Sate_Sate_375.jpg,0,1,0,0,0
valid_Sate_Sate_380.jpg,0,1,0,0,0
valid_Sate_Sate_391.jpg,0,1,0,0,0
valid_Sate_Sate_398.jpg,0,1,0,0,0
valid_Sate_Sate_406.jpg,0,1,0,0,0
valid_Sate_Sate_414.jpg,0,1,0,0,0
valid_Sate_Sate_424.jpg,0,1,0,0,0
valid_Sate_Sate_437.jpg,0,1,0,0,0
valid_Sate_Sate_459.jpg,0,1,0,0,0
valid_Sate_Sate_463.jpg,0,1,0,0,0
valid_Sate_Sate_468.jpg,0,1,0,0,0
valid_Sate_Sate_489.jpg,0,1,0,0,0
valid_Soto_Soto_Ayam_016.jpg,0,1,1,0,0
valid_Soto_Soto_Ayam_017.jpg,0,1,1,0,0
valid_Soto_Soto_Ayam_019.jpg,0,1,1,0,0
valid_Soto_Soto_Ayam_035.jpg,0,1,1,0,0
valid_Soto_Soto_Ayam_041.jpg,0,1,1,0,0
valid_Soto_Soto_Ayam_053.jpg,0,1,1,0,0
valid_Soto_Soto_Ayam_066.jpg,0,1,1,0,0
valid_Soto_Soto_Ayam_070.jpg,0,1,1,0,0
valid_Soto_Soto_Ayam_083.jpg,0,1,1,0,0
valid_Soto_Soto_Ayam_094.jpg,0,1,1,0,0
valid_Soto_Soto_Ayam_102.jpg,0,1,1,0,0
valid_Soto_Soto_Ayam_130.jpg,0,1,1,0,0
valid_Soto_Soto_Ayam_141.jpg,0,1,1,0,0
valid_Soto_Soto_Ayam_160.jpg,0,1,1,0,0
valid_Soto_Soto_Ayam_172.jpg,0,1,1,0,0
valid_Soto_Soto_Ayam_173.jpg,0,1,1,0,0
valid_Soto_Soto_Ayam_187.jpg,0,1,1,0,0
valid_Soto_Soto_Ayam_190.jpg,0,1,1,0,0
valid_Soto_Soto_Ayam_191.jpg,0,1,1,0,0
valid_Soto_Soto_Ayam_193.jpg,0,1,1,0,0
valid_Soto_Soto_Ayam_205.jpg,0,1,1,0,0
valid_Soto_Soto_Ayam_231.jpg,0,1,1,0,0
valid_Soto_Soto_Ayam_232.jpg,0,1,1,0,0
valid_Soto_Soto_Ayam_262.jpg,0,1,1,0,0
valid_Soto_Soto_Ayam_266.jpg,0,1,1,0,0
valid_Soto_Soto_Ayam_278.jpg,0,1,1,0,0
valid_Soto_Soto_Ayam_296.jpg,0,1,1,0,0
valid_Soto_Soto_Ayam_301.jpg,0,1,1,0,0
valid_Soto_Soto_Ayam_302.jpg,0,1,1,0,0
valid_Soto_Soto_Ayam_314.jpg,0,1,1,0,0
valid_Soto_Soto_Ayam_324.jpg,0,1,1,0,0
valid_Soto_Soto_Ayam_326.jpg,0,1,1,0,0
valid_Soto_Soto_Ayam_329.jpg,0,1,1,0,0
valid_Soto_Soto_Ayam_338.jpg,0,1,1,0,0
valid_Soto_Soto_Ayam_359.jpg,0,1,1,0,0
valid_Soto_Soto_Ayam_360.jpg,0,1,1,0,0
valid_Soto_Soto_Ayam_377.jpg,0,1,1,0,0
valid_Soto_Soto_Ayam_380.jpg,0,1,1,0,0
valid_Soto_Soto_Ayam_381.jpg,0,1,1,0,0
valid_Soto_Soto_Ayam_385.jpg,0,1,1,0,0
valid_Soto_Soto_Ayam_394.jpg,0,1,1,0,0
valid_Soto_Soto_Ayam_398.jpg,0,1,1,0,0
valid_Soto_Soto_Ayam_399.jpg,0,1,1,0,0
valid_Soto_Soto_Ayam_403.jpg,0,1,1,0,0
valid_Soto_Soto_Ayam_426.jpg,0,1,1,0,0
valid_Soto_Soto_Ayam_431.jpg,0,1,1,0,0
valid_Soto_Soto_Ayam_435.jpg,0,1,1,0,0
valid_Soto_Soto_Ayam_450.jpg,0,1,1,0,0
valid_Soto_Soto_Ayam_452.jpg,0,1,1,0,0
valid_Soto_Soto_Ayam_469.jpg,0,1,1,0,0
train_Ekstra_buah_buah_pepaya_0000.jpg,0,0,0,1,0
train_Ekstra_buah_buah_pepaya_0001.jpg,0,0,0,1,0
train_Ekstra_buah_buah_pepaya_0002.jpg,0,0,0,1,0
train_Ekstra_buah_buah_pepaya_0003.jpg,0,0,0,1,0
train_Ekstra_buah_buah_pepaya_0004.jpg,0,0,0,1,0
train_Ekstra_buah_buah_pepaya_0005.jpg,0,0,0,1,0
train_Ekstra_buah_buah_pepaya_0006.jpg,0,0,0,1,0
train_Ekstra_buah_buah_pepaya_0007.jpg,0,0,0,1,0
train_Ekstra_buah_buah_pepaya_0008.jpg,0,0,0,1,0
train_Ekstra_buah_buah_pepaya_0009.jpg,0,0,0,1,0
train_Ekstra_buah_buah_pepaya_0010.jpg,0,0,0,1,0
train_Ekstra_buah_buah_pepaya_0011.jpg,0,0,0,1,0
train_Ekstra_buah_buah_pepaya_0012.jpg,0,0,0,1,0
train_Ekstra_buah_buah_pepaya_0013.jpg,0,0,0,1,0
train_Ekstra_buah_buah_pepaya_0014.jpg,0,0,0,1,0
train_Ekstra_buah_buah_pepaya_0015.jpg,0,0,0,1,0
train_Ekstra_buah_buah_pepaya_0016.jpg,0,0,0,1,0
train_Ekstra_buah_buah_pepaya_0017.jpg,0,0,0,1,0
train_Ekstra_buah_buah_pepaya_0018.jpg,0,0,0,1,0
train_Ekstra_buah_buah_pepaya_0019.jpg,0,0,0,1,0
train_Ekstra_buah_buah_pepaya_0020.jpg,0,0,0,1,0
train_Ekstra_buah_buah_pepaya_0021.jpg,0,0,0,1,0
train_Ekstra_buah_buah_pepaya_0022.jpg,0,0,0,1,0
train_Ekstra_buah_buah_pepaya_0023.jpg,0,0,0,1,0
train_Ekstra_buah_buah_pepaya_0024.jpg,0,0,0,1,0
train_Ekstra_buah_buah_pepaya_0025.jpg,0,0,0,1,0
train_Ekstra_buah_buah_pepaya_0026.jpg,0,0,0,1,0
train_Ekstra_buah_buah_pepaya_0027.jpg,0,0,0,1,0
train_Ekstra_buah_buah_pepaya_0028.jpg,0,0,0,1,0
train_Ekstra_buah_buah_pepaya_0029.jpg,0,0,0,1,0
train_Ekstra_buah_buah_pepaya_0030.jpg,0,0,0,1,0
train_Ekstra_makanan_pokok_nasi_kuning_bekal_0031.jpg,1,0,0,0,0
train_Ekstra_makanan_pokok_nasi_kuning_bekal_0032.jpg,1,0,0,0,0
train_Ekstra_makanan_pokok_nasi_kuning_bekal_0033.jpg,1,0,0,0,0
train_Ekstra_makanan_pokok_nasi_kuning_bekal_0034.jpg,1,0,0,0,0
train_Ekstra_makanan_pokok_nasi_kuning_bekal_0035.jpg,1,0,0,0,0
train_Ekstra_makanan_pokok_nasi_kuning_bekal_0036.jpg,1,0,0,0,0
train_Ekstra_makanan_pokok_nasi_kuning_bekal_0037.jpg,1,0,0,0,0
train_Ekstra_makanan_pokok_nasi_kuning_bekal_0038.jpg,1,0,0,0,0
train_Ekstra_makanan_pokok_nasi_kuning_bekal_0039.jpg,1,0,0,0,0
train_Ekstra_makanan_pokok_nasi_kuning_bekal_0040.jpg,1,0,0,0,0
train_Ekstra_makanan_pokok_nasi_kuning_bekal_0041.jpg,1,0,0,0,0
train_Ekstra_makanan_pokok_nasi_kuning_bekal_0042.jpg,1,0,0,0,0
train_Ekstra_makanan_pokok_nasi_kuning_bekal_0043.jpg,1,0,0,0,0
train_Ekstra_makanan_pokok_nasi_kuning_bekal_0044.jpg,1,0,0,0,0
train_Ekstra_makanan_pokok_nasi_kuning_bekal_0045.jpg,1,0,0,0,0
train_Ekstra_makanan_pokok_nasi_kuning_bekal_0046.jpg,1,0,0,0,0
train_Ekstra_makanan_pokok_nasi_kuning_bekal_0047.jpg,1,0,0,0,0
train_Ekstra_makanan_pokok_nasi_kuning_bekal_0048.jpg,1,0,0,0,0
train_Ekstra_makanan_pokok_nasi_kuning_bekal_0049.jpg,1,0,0,0,0
train_Ekstra_makanan_pokok_nasi_kuning_bekal_0050.jpg,1,0,0,0,0
train_Ekstra_makanan_pokok_nasi_kuning_bekal_0051.jpg,1,0,0,0,0
train_Ekstra_makanan_pokok_nasi_kuning_bekal_0052.jpg,1,0,0,0,0
train_Ekstra_makanan_pokok_nasi_kuning_bekal_0053.jpg,1,0,0,0,0
train_Ekstra_makanan_pokok_nasi_kuning_bekal_0054.jpg,1,0,0,0,0
train_Ekstra_makanan_pokok_nasi_kuning_bekal_0055.jpg,1,0,0,0,0
train_Ekstra_makanan_pokok_nasi_kuning_bekal_0056.jpg,1,0,0,0,0
train_Ekstra_makanan_pokok_nasi_kuning_bekal_0057.jpg,1,0,0,0,0
train_Ekstra_makanan_pokok_nasi_kuning_bekal_0058.jpg,1,0,0,0,0
train_Ekstra_makanan_pokok_nasi_kuning_bekal_0059.jpg,1,0,0,0,0
train_Ekstra_makanan_pokok_nasi_kuning_bekal_0060.jpg,1,0,0,0,0
train_Ekstra_makanan_pokok_nasi_kuning_bekal_0061.jpg,1,0,0,0,0
train_Ekstra_makanan_pokok_nasi_kuning_bekal_0062.jpg,1,0,0,0,0
train_Ekstra_makanan_pokok_nasi_kuning_bekal_0063.jpg,1,0,0,0,0
train_Ekstra_makanan_pokok_nasi_kuning_bekal_0064.jpg,1,0,0,0,0
train_Ekstra_makanan_pokok_nasi_kuning_bekal_0065.jpg,1,0,0,0,0
train_Ekstra_makanan_pokok_nasi_kuning_bekal_0066.jpg,1,0,0,0,0
train_Ekstra_susu_susu_coklat_kotak_0067.jpg,0,0,0,0,1
train_Ekstra_susu_susu_coklat_kotak_0068.jpg,0,0,0,0,1
train_Ekstra_susu_susu_coklat_kotak_0069.jpg,0,0,0,0,1
train_Ekstra_susu_susu_coklat_kotak_0070.jpg,0,0,0,0,1
train_Ekstra_susu_susu_coklat_kotak_0071.jpg,0,0,0,0,1
train_Ekstra_susu_susu_coklat_kotak_0072.jpg,0,0,0,0,1
train_Ekstra_susu_susu_coklat_kotak_0073.jpg,0,0,0,0,1
train_Ekstra_susu_susu_coklat_kotak_0074.jpg,0,0,0,0,1
train_Ekstra_susu_susu_coklat_kotak_0075.jpg,0,0,0,0,1
train_Ekstra_susu_susu_coklat_kotak_0076.jpg,0,0,0,0,1
train_Ekstra_susu_susu_coklat_kotak_0077.jpg,0,0,0,0,1
train_Ekstra_susu_susu_coklat_kotak_0078.jpg,0,0,0,0,1
train_Ekstra_susu_susu_coklat_kotak_0079.jpg,0,0,0,0,1
train_Ekstra_susu_susu_coklat_kotak_0080.jpg,0,0,0,0,1
train_Ekstra_susu_susu_coklat_kotak_0081.jpg,0,0,0,0,1
train_Ekstra_susu_susu_coklat_kotak_0082.jpg,0,0,0,0,1
train_Ekstra_susu_susu_coklat_kotak_0083.jpg,0,0,0,0,1
train_Ekstra_susu_susu_coklat_kotak_0084.jpg,0,0,0,0,1
train_Ekstra_susu_susu_coklat_kotak_0085.jpg,0,0,0,0,1
train_Ekstra_susu_susu_coklat_kotak_0086.jpg,0,0,0,0,1
train_Ekstra_susu_susu_coklat_kotak_0087.jpg,0,0,0,0,1
train_Ekstra_susu_susu_coklat_kotak_0088.jpg,0,0,0,0,1
train_Ekstra_susu_susu_coklat_kotak_0089.jpg,0,0,0,0,1
train_Ekstra_susu_susu_coklat_kotak_0090.jpg,0,0,0,0,1
train_Ekstra_susu_susu_coklat_kotak_0091.jpg,0,0,0,0,1
train_Ekstra_susu_susu_coklat_kotak_0092.jpg,0,0,0,0,1
train_Ekstra_susu_susu_coklat_kotak_0093.jpg,0,0,0,0,1
train_Ekstra_susu_susu_coklat_kotak_0094.jpg,0,0,0,0,1
train_Ekstra_susu_susu_coklat_kotak_0095.jpg,0,0,0,0,1
train_Ekstra_susu_susu_coklat_kotak_0096.jpg,0,0,0,0,1
train_Ekstra_susu_susu_coklat_kotak_0097.jpg,0,0,0,0,1
train_Ekstra_susu_susu_coklat_kotak_0098.jpg,0,0,0,0,1
train_Ekstra_susu_susu_coklat_kotak_0099.jpg,0,0,0,0,1
train_Ekstra_susu_susu_coklat_kotak_0100.jpg,0,0,0,0,1
train_Ekstra_susu_susu_coklat_kotak_0101.jpg,0,0,0,0,1
train_Ekstra_susu_susu_coklat_kotak_0102.jpg,0,0,0,0,1
train_Ekstra_susu_susu_coklat_kotak_0103.jpg,0,0,0,0,1
train_Ekstra_susu_susu_coklat_kotak_0104.jpg,0,0,0,0,1
train_Ekstra_susu_susu_coklat_kotak_0105.jpg,0,0,0,0,1
train_Ekstra_susu_susu_coklat_kotak_0106.jpg,0,0,0,0,1
train_Ekstra_buah_buah_mangga_0000.jpg,0,0,0,1,0
train_Ekstra_buah_buah_mangga_0001.jpg,0,0,0,1,0
train_Ekstra_buah_buah_mangga_0002.jpg,0,0,0,1,0
train_Ekstra_buah_buah_mangga_0003.jpg,0,0,0,1,0
train_Ekstra_buah_buah_mangga_0004.jpg,0,0,0,1,0
train_Ekstra_buah_buah_mangga_0005.jpg,0,0,0,1,0
train_Ekstra_buah_buah_mangga_0006.jpg,0,0,0,1,0
train_Ekstra_buah_buah_mangga_0007.jpg,0,0,0,1,0
train_Ekstra_buah_buah_mangga_0008.jpg,0,0,0,1,0
train_Ekstra_buah_buah_mangga_0009.jpg,0,0,0,1,0
train_Ekstra_buah_buah_mangga_0010.jpg,0,0,0,1,0
train_Ekstra_buah_buah_mangga_0011.jpg,0,0,0,1,0
train_Ekstra_buah_buah_mangga_0012.jpg,0,0,0,1,0
train_Ekstra_buah_buah_mangga_0013.jpg,0,0,0,1,0
train_Ekstra_buah_buah_mangga_0014.jpg,0,0,0,1,0
train_Ekstra_buah_buah_mangga_0015.jpg,0,0,0,1,0
train_Ekstra_buah_buah_mangga_0016.jpg,0,0,0,1,0
train_Ekstra_buah_buah_mangga_0017.jpg,0,0,0,1,0
train_Ekstra_buah_buah_mangga_0018.jpg,0,0,0,1,0
train_Ekstra_buah_buah_mangga_0019.jpg,0,0,0,1,0
train_Ekstra_buah_buah_mangga_0020.jpg,0,0,0,1,0
train_Ekstra_buah_buah_mangga_0021.jpg,0,0,0,1,0
train_Ekstra_buah_buah_mangga_0022.jpg,0,0,0,1,0
train_Ekstra_buah_buah_mangga_0023.jpg,0,0,0,1,0
train_Ekstra_buah_buah_mangga_0024.jpg,0,0,0,1,0
train_Ekstra_buah_buah_mangga_0025.jpg,0,0,0,1,0
train_Ekstra_buah_buah_mangga_0026.jpg,0,0,0,1,0
train_Ekstra_buah_buah_mangga_0027.jpg,0,0,0,1,0
train_Ekstra_buah_buah_mangga_0028.jpg,0,0,0,1,0
train_Ekstra_buah_buah_mangga_0029.jpg,0,0,0,1,0
train_Ekstra_buah_buah_mangga_0030.jpg,0,0,0,1,0
train_Ekstra_buah_buah_mangga_0031.jpg,0,0,0,1,0
train_Ekstra_buah_buah_mangga_0032.jpg,0,0,0,1,0
train_Ekstra_buah_buah_mangga_0033.jpg,0,0,0,1,0
train_Ekstra_buah_buah_mangga_0034.jpg,0,0,0,1,0
train_Ekstra_buah_buah_mangga_0035.jpg,0,0,0,1,0
train_Ekstra_buah_buah_mangga_0036.jpg,0,0,0,1,0
train_Ekstra_buah_buah_mangga_0037.jpg,0,0,0,1,0
train_Ekstra_buah_buah_mangga_0038.jpg,0,0,0,1,0
train_Ekstra_buah_buah_mangga_0039.jpg,0,0,0,1,0
train_Ekstra_buah_buah_mangga_0040.jpg,0,0,0,1,0
train_Ekstra_buah_buah_mangga_0041.jpg,0,0,0,1,0
train_Ekstra_buah_buah_semangka_0042.jpg,0,0,0,1,0
train_Ekstra_buah_buah_semangka_0043.jpg,0,0,0,1,0
train_Ekstra_buah_buah_semangka_0044.jpg,0,0,0,1,0
train_Ekstra_buah_buah_semangka_0045.jpg,0,0,0,1,0
train_Ekstra_buah_buah_semangka_0046.jpg,0,0,0,1,0
train_Ekstra_buah_buah_semangka_0047.jpg,0,0,0,1,0
train_Ekstra_buah_buah_semangka_0048.jpg,0,0,0,1,0
train_Ekstra_buah_buah_semangka_0049.jpg,0,0,0,1,0
train_Ekstra_buah_buah_semangka_0050.jpg,0,0,0,1,0
train_Ekstra_buah_buah_semangka_0051.jpg,0,0,0,1,0
train_Ekstra_buah_buah_semangka_0052.jpg,0,0,0,1,0
train_Ekstra_buah_buah_semangka_0053.jpg,0,0,0,1,0
train_Ekstra_buah_buah_semangka_0054.jpg,0,0,0,1,0
train_Ekstra_buah_buah_semangka_0055.jpg,0,0,0,1,0
train_Ekstra_buah_buah_semangka_0056.jpg,0,0,0,1,0
train_Ekstra_buah_buah_semangka_0057.jpg,0,0,0,1,0
train_Ekstra_buah_buah_semangka_0058.jpg,0,0,0,1,0
train_Ekstra_buah_buah_semangka_0059.jpg,0,0,0,1,0
train_Ekstra_buah_buah_semangka_0060.jpg,0,0,0,1,0
train_Ekstra_buah_buah_semangka_0061.jpg,0,0,0,1,0
train_Ekstra_buah_buah_semangka_0062.jpg,0,0,0,1,0
train_Ekstra_buah_buah_semangka_0063.jpg,0,0,0,1,0
train_Ekstra_buah_buah_semangka_0064.jpg,0,0,0,1,0
train_Ekstra_buah_buah_semangka_0065.jpg,0,0,0,1,0
train_Ekstra_buah_buah_semangka_0066.jpg,0,0,0,1,0
train_Ekstra_buah_buah_semangka_0067.jpg,0,0,0,1,0
train_Ekstra_buah_buah_semangka_0068.jpg,0,0,0,1,0
train_Ekstra_buah_buah_semangka_0069.jpg,0,0,0,1,0
train_Ekstra_buah_buah_semangka_0070.jpg,0,0,0,1,0
train_Ekstra_buah_buah_semangka_0071.jpg,0,0,0,1,0
train_Ekstra_buah_buah_semangka_0072.jpg,0,0,0,1,0
train_Ekstra_buah_buah_semangka_0073.jpg,0,0,0,1,0
train_Ekstra_buah_buah_semangka_0074.jpg,0,0,0,1,0
train_Ekstra_buah_buah_semangka_0075.jpg,0,0,0,1,0
train_Ekstra_buah_buah_semangka_0076.jpg,0,0,0,1,0
train_Ekstra_buah_buah_semangka_0077.jpg,0,0,0,1,0
train_Ekstra_buah_buah_semangka_0078.jpg,0,0,0,1,0
train_Ekstra_buah_buah_semangka_0079.jpg,0,0,0,1,0
train_Ekstra_makanan_pokok_nasi_putih_piring_0080.jpg,1,0,0,0,0
train_Ekstra_makanan_pokok_nasi_putih_piring_0081.jpg,1,0,0,0,0
train_Ekstra_makanan_pokok_nasi_putih_piring_0082.jpg,1,0,0,0,0
train_Ekstra_makanan_pokok_nasi_putih_piring_0083.jpg,1,0,0,0,0
train_Ekstra_makanan_pokok_nasi_putih_piring_0084.jpg,1,0,0,0,0
train_Ekstra_makanan_pokok_nasi_putih_piring_0085.jpg,1,0,0,0,0
train_Ekstra_makanan_pokok_nasi_putih_piring_0086.jpg,1,0,0,0,0
train_Ekstra_makanan_pokok_nasi_putih_piring_0087.jpg,1,0,0,0,0
train_Ekstra_makanan_pokok_nasi_putih_piring_0088.jpg,1,0,0,0,0
train_Ekstra_makanan_pokok_nasi_putih_piring_0089.jpg,1,0,0,0,0
train_Ekstra_makanan_pokok_nasi_putih_piring_0090.jpg,1,0,0,0,0
train_Ekstra_makanan_pokok_nasi_putih_piring_0091.jpg,1,0,0,0,0
train_Ekstra_makanan_pokok_nasi_putih_piring_0092.jpg,1,0,0,0,0
train_Ekstra_makanan_pokok_nasi_putih_piring_0093.jpg,1,0,0,0,0
train_Ekstra_makanan_pokok_nasi_putih_piring_0094.jpg,1,0,0,0,0
train_Ekstra_makanan_pokok_nasi_putih_piring_0095.jpg,1,0,0,0,0
train_Ekstra_makanan_pokok_nasi_putih_piring_0096.jpg,1,0,0,0,0
train_Ekstra_makanan_pokok_nasi_putih_piring_0097.jpg,1,0,0,0,0
train_Ekstra_makanan_pokok_nasi_putih_piring_0098.jpg,1,0,0,0,0
train_Ekstra_makanan_pokok_nasi_putih_piring_0099.jpg,1,0,0,0,0
train_Ekstra_makanan_pokok_nasi_putih_piring_0100.jpg,1,0,0,0,0
train_Ekstra_makanan_pokok_nasi_putih_piring_0101.jpg,1,0,0,0,0
train_Ekstra_makanan_pokok_nasi_putih_piring_0102.jpg,1,0,0,0,0
train_Ekstra_makanan_pokok_nasi_putih_piring_0103.jpg,1,0,0,0,0
train_Ekstra_makanan_pokok_nasi_putih_piring_0104.jpg,1,0,0,0,0
train_Ekstra_makanan_pokok_nasi_putih_piring_0105.jpg,1,0,0,0,0
train_Ekstra_makanan_pokok_nasi_putih_piring_0106.jpg,1,0,0,0,0
train_Ekstra_makanan_pokok_nasi_putih_piring_0107.jpg,1,0,0,0,0
train_Ekstra_makanan_pokok_nasi_putih_piring_0108.jpg,1,0,0,0,0
train_Ekstra_makanan_pokok_nasi_putih_piring_0109.jpg,1,0,0,0,0
train_Ekstra_makanan_pokok_nasi_putih_piring_0110.jpg,1,0,0,0,0
train_Ekstra_makanan_pokok_nasi_putih_piring_0111.jpg,1,0,0,0,0
train_Ekstra_makanan_pokok_nasi_putih_piring_0112.jpg,1,0,0,0,0
train_Ekstra_makanan_pokok_nasi_putih_piring_0113.jpg,1,0,0,0,0
train_Ekstra_makanan_pokok_nasi_putih_piring_0114.jpg,1,0,0,0,0
train_Ekstra_makanan_pokok_nasi_putih_piring_0115.jpg,1,0,0,0,0
train_Ekstra_makanan_pokok_nasi_putih_piring_0116.jpg,1,0,0,0,0
train_Ekstra_makanan_pokok_nasi_putih_piring_0117.jpg,1,0,0,0,0
train_Ekstra_makanan_pokok_nasi_putih_piring_0118.jpg,1,0,0,0,0
train_Ekstra_makanan_pokok_nasi_putih_piring_0119.jpg,1,0,0,0,0
train_Ekstra_makanan_pokok_nasi_putih_piring_0120.jpg,1,0,0,0,0
train_Ekstra_makanan_pokok_nasi_putih_piring_0121.jpg,1,0,0,0,0
train_Ekstra_makanan_pokok_nasi_putih_piring_0122.jpg,1,0,0,0,0
train_Ekstra_makanan_pokok_nasi_putih_piring_0123.jpg,1,0,0,0,0
train_Ekstra_makanan_pokok_nasi_putih_piring_0124.jpg,1,0,0,0,0
train_Ekstra_makanan_pokok_nasi_putih_piring_0125.jpg,1,0,0,0,0
train_Ekstra_makanan_pokok_nasi_putih_piring_0126.jpg,1,0,0,0,0
train_Ekstra_susu_susu_putih_gelas_0127.jpg,0,0,0,0,1
train_Ekstra_susu_susu_putih_gelas_0128.jpg,0,0,0,0,1
train_Ekstra_susu_susu_putih_gelas_0129.jpg,0,0,0,0,1
train_Ekstra_susu_susu_putih_gelas_0130.jpg,0,0,0,0,1
train_Ekstra_susu_susu_putih_gelas_0131.jpg,0,0,0,0,1
train_Ekstra_susu_susu_putih_gelas_0132.jpg,0,0,0,0,1
train_Ekstra_susu_susu_putih_gelas_0133.jpg,0,0,0,0,1
train_Ekstra_susu_susu_putih_gelas_0134.jpg,0,0,0,0,1
train_Ekstra_susu_susu_putih_gelas_0135.jpg,0,0,0,0,1
train_Ekstra_susu_susu_putih_gelas_0136.jpg,0,0,0,0,1
train_Ekstra_susu_susu_putih_gelas_0137.jpg,0,0,0,0,1
train_Ekstra_susu_susu_putih_gelas_0138.jpg,0,0,0,0,1
train_Ekstra_susu_susu_putih_gelas_0139.jpg,0,0,0,0,1
train_Ekstra_susu_susu_putih_gelas_0140.jpg,0,0,0,0,1
train_Ekstra_susu_susu_putih_gelas_0141.jpg,0,0,0,0,1
train_Ekstra_susu_susu_putih_gelas_0142.jpg,0,0,0,0,1
train_Ekstra_susu_susu_putih_gelas_0143.jpg,0,0,0,0,1
train_Ekstra_susu_susu_putih_gelas_0144.jpg,0,0,0,0,1
train_Ekstra_susu_susu_putih_gelas_0145.jpg,0,0,0,0,1
train_Ekstra_susu_susu_putih_gelas_0146.jpg,0,0,0,0,1
train_Ekstra_susu_susu_putih_gelas_0147.jpg,0,0,0,0,1
train_Ekstra_susu_susu_putih_gelas_0148.jpg,0,0,0,0,1
train_Ekstra_susu_susu_putih_gelas_0149.jpg,0,0,0,0,1
train_Ekstra_susu_susu_putih_gelas_0150.jpg,0,0,0,0,1
train_Ekstra_susu_susu_putih_gelas_0151.jpg,0,0,0,0,1
train_Ekstra_susu_susu_putih_gelas_0152.jpg,0,0,0,0,1
train_Ekstra_susu_susu_putih_gelas_0153.jpg,0,0,0,0,1
train_Ekstra_susu_susu_putih_gelas_0154.jpg,0,0,0,0,1
train_Ekstra_susu_susu_putih_gelas_0155.jpg,0,0,0,0,1
train_Ekstra_susu_susu_putih_gelas_0156.jpg,0,0,0,0,1
train_Ekstra_susu_susu_putih_gelas_0157.jpg,0,0,0,0,1
train_Ekstra_susu_susu_putih_gelas_0158.jpg,0,0,0,0,1
train_Ekstra_susu_susu_putih_gelas_0159.jpg,0,0,0,0,1
train_Ekstra_susu_susu_putih_gelas_0160.jpg,0,0,0,0,1
train_Ekstra_makanan_pokok_kentang_rebus_piring_0000.jpg,1,0,0,0,0
train_Ekstra_makanan_pokok_kentang_rebus_piring_0001.jpg,1,0,0,0,0
train_Ekstra_makanan_pokok_kentang_rebus_piring_0002.jpg,1,0,0,0,0
train_Ekstra_makanan_pokok_kentang_rebus_piring_0003.jpg,1,0,0,0,0
train_Ekstra_makanan_pokok_kentang_rebus_piring_0004.jpg,1,0,0,0,0
train_Ekstra_makanan_pokok_kentang_rebus_piring_0005.jpg,1,0,0,0,0
train_Ekstra_makanan_pokok_kentang_rebus_piring_0006.jpg,1,0,0,0,0
train_Ekstra_makanan_pokok_kentang_rebus_piring_0007.jpg,1,0,0,0,0
train_Ekstra_makanan_pokok_kentang_rebus_piring_0008.jpg,1,0,0,0,0
train_Ekstra_makanan_pokok_kentang_rebus_piring_0009.jpg,1,0,0,0,0
train_Ekstra_makanan_pokok_kentang_rebus_piring_0010.jpg,1,0,0,0,0
train_Ekstra_makanan_pokok_kentang_rebus_piring_0011.jpg,1,0,0,0,0
train_Ekstra_makanan_pokok_kentang_rebus_piring_0012.jpg,1,0,0,0,0
train_Ekstra_makanan_pokok_kentang_rebus_piring_0013.jpg,1,0,0,0,0
train_Ekstra_makanan_pokok_kentang_rebus_piring_0014.jpg,1,0,0,0,0
train_Ekstra_makanan_pokok_kentang_rebus_piring_0015.jpg,1,0,0,0,0
train_Ekstra_makanan_pokok_kentang_rebus_piring_0016.jpg,1,0,0,0,0
train_Ekstra_makanan_pokok_kentang_rebus_piring_0017.jpg,1,0,0,0,0
train_Ekstra_makanan_pokok_kentang_rebus_piring_0018.jpg,1,0,0,0,0
train_Ekstra_makanan_pokok_kentang_rebus_piring_0019.jpg,1,0,0,0,0
train_Ekstra_makanan_pokok_kentang_rebus_piring_0020.jpg,1,0,0,0,0
train_Ekstra_makanan_pokok_kentang_rebus_piring_0021.jpg,1,0,0,0,0
train_Ekstra_makanan_pokok_kentang_rebus_piring_0022.jpg,1,0,0,0,0
train_Ekstra_makanan_pokok_kentang_rebus_piring_0023.jpg,1,0,0,0,0
train_Ekstra_makanan_pokok_kentang_rebus_piring_0024.jpg,1,0,0,0,0
train_Ekstra_makanan_pokok_kentang_rebus_piring_0025.jpg,1,0,0,0,0
train_Ekstra_makanan_pokok_kentang_rebus_piring_0026.jpg,1,0,0,0,0
train_Ekstra_makanan_pokok_kentang_rebus_piring_0027.jpg,1,0,0,0,0
train_Ekstra_makanan_pokok_kentang_rebus_piring_0028.jpg,1,0,0,0,0
train_Ekstra_makanan_pokok_kentang_rebus_piring_0029.jpg,1,0,0,0,0
train_Ekstra_makanan_pokok_kentang_rebus_piring_0030.jpg,1,0,0,0,0
train_Ekstra_makanan_pokok_kentang_rebus_piring_0031.jpg,1,0,0,0,0
train_Ekstra_makanan_pokok_kentang_rebus_piring_0032.jpg,1,0,0,0,0
train_Ekstra_makanan_pokok_kentang_rebus_piring_0033.jpg,1,0,0,0,0
train_Ekstra_makanan_pokok_kentang_rebus_piring_0034.jpg,1,0,0,0,0
train_Ekstra_makanan_pokok_kentang_rebus_piring_0035.jpg,1,0,0,0,0
train_Ekstra_makanan_pokok_kentang_rebus_piring_0036.jpg,1,0,0,0,0
train_Ekstra_makanan_pokok_kentang_rebus_piring_0037.jpg,1,0,0,0,0
train_Ekstra_makanan_pokok_kentang_rebus_piring_0038.jpg,1,0,0,0,0
train_Ekstra_makanan_pokok_kentang_rebus_piring_0039.jpg,1,0,0,0,0
train_Ekstra_makanan_pokok_kentang_rebus_piring_0040.jpg,1,0,0,0,0
train_Ekstra_makanan_pokok_kentang_rebus_piring_0041.jpg,1,0,0,0,0
train_Ekstra_makanan_pokok_kentang_rebus_piring_0042.jpg,1,0,0,0,0
train_Ekstra_makanan_pokok_kentang_rebus_piring_0043.jpg,1,0,0,0,0
train_Ekstra_makanan_pokok_kentang_rebus_piring_0044.jpg,1,0,0,0,0
train_Ekstra_makanan_pokok_kentang_rebus_piring_0045.jpg,1,0,0,0,0
train_Ekstra_makanan_pokok_kentang_rebus_piring_0046.jpg,1,0,0,0,0
train_Ekstra_makanan_pokok_kentang_rebus_piring_0047.jpg,1,0,0,0,0
train_Ekstra_sayur_sayur_bayam_mangkuk_0048.jpg,0,0,1,0,0
train_Ekstra_sayur_sayur_bayam_mangkuk_0049.jpg,0,0,1,0,0
train_Ekstra_sayur_sayur_bayam_mangkuk_0050.jpg,0,0,1,0,0
train_Ekstra_sayur_sayur_bayam_mangkuk_0051.jpg,0,0,1,0,0
train_Ekstra_sayur_sayur_bayam_mangkuk_0052.jpg,0,0,1,0,0
train_Ekstra_sayur_sayur_bayam_mangkuk_0053.jpg,0,0,1,0,0
train_Ekstra_sayur_sayur_bayam_mangkuk_0054.jpg,0,0,1,0,0
train_Ekstra_sayur_sayur_bayam_mangkuk_0055.jpg,0,0,1,0,0
train_Ekstra_sayur_sayur_bayam_mangkuk_0056.jpg,0,0,1,0,0
train_Ekstra_sayur_sayur_bayam_mangkuk_0057.jpg,0,0,1,0,0
train_Ekstra_sayur_sayur_bayam_mangkuk_0058.jpg,0,0,1,0,0
train_Ekstra_sayur_sayur_bayam_mangkuk_0059.jpg,0,0,1,0,0
train_Ekstra_sayur_sayur_bayam_mangkuk_0060.jpg,0,0,1,0,0
train_Ekstra_sayur_sayur_bayam_mangkuk_0061.jpg,0,0,1,0,0
train_Ekstra_sayur_sayur_bayam_mangkuk_0062.jpg,0,0,1,0,0
train_Ekstra_sayur_sayur_bayam_mangkuk_0063.jpg,0,0,1,0,0
train_Ekstra_sayur_sayur_bayam_mangkuk_0064.jpg,0,0,1,0,0
train_Ekstra_sayur_sayur_bayam_mangkuk_0065.jpg,0,0,1,0,0
train_Ekstra_sayur_sayur_bayam_mangkuk_0066.jpg,0,0,1,0,0
train_Ekstra_sayur_sayur_bayam_mangkuk_0067.jpg,0,0,1,0,0
train_Ekstra_sayur_sayur_bayam_mangkuk_0068.jpg,0,0,1,0,0
train_Ekstra_sayur_sayur_bayam_mangkuk_0069.jpg,0,0,1,0,0
train_Ekstra_sayur_sayur_bayam_mangkuk_0070.jpg,0,0,1,0,0
train_Ekstra_sayur_sayur_bayam_mangkuk_0071.jpg,0,0,1,0,0
train_Ekstra_sayur_sayur_bayam_mangkuk_0072.jpg,0,0,1,0,0
train_Ekstra_sayur_sayur_bayam_mangkuk_0073.jpg,0,0,1,0,0
train_Ekstra_sayur_sayur_bayam_mangkuk_0074.jpg,0,0,1,0,0
train_Ekstra_sayur_sayur_bayam_mangkuk_0075.jpg,0,0,1,0,0
train_Ekstra_sayur_sayur_bayam_mangkuk_0076.jpg,0,0,1,0,0
train_Ekstra_sayur_sayur_bayam_mangkuk_0077.jpg,0,0,1,0,0
train_Ekstra_sayur_sayur_bayam_mangkuk_0078.jpg,0,0,1,0,0
train_Ekstra_sayur_sayur_bayam_mangkuk_0079.jpg,0,0,1,0,0
train_Ekstra_sayur_sayur_bayam_mangkuk_0080.jpg,0,0,1,0,0
train_Ekstra_sayur_sayur_bayam_mangkuk_0081.jpg,0,0,1,0,0
train_Ekstra_sayur_sayur_bayam_mangkuk_0082.jpg,0,0,1,0,0
train_Ekstra_sayur_sayur_bayam_mangkuk_0083.jpg,0,0,1,0,0
train_Ekstra_sayur_sayur_bayam_mangkuk_0084.jpg,0,0,1,0,0
train_Ekstra_sayur_sayur_bayam_mangkuk_0085.jpg,0,0,1,0,0
train_Ekstra_sayur_sayur_bayam_mangkuk_0086.jpg,0,0,1,0,0
train_Ekstra_sayur_sayur_bayam_mangkuk_0087.jpg,0,0,1,0,0
train_Ekstra_sayur_sayur_bayam_mangkuk_0088.jpg,0,0,1,0,0
train_Ekstra_sayur_sayur_bayam_mangkuk_0089.jpg,0,0,1,0,0
train_Ekstra_sayur_sayur_bayam_mangkuk_0090.jpg,0,0,1,0,0
train_Ekstra_sayur_sayur_bayam_mangkuk_0091.jpg,0,0,1,0,0
train_Ekstra_sayur_sayur_bayam_mangkuk_0092.jpg,0,0,1,0,0
train_Ekstra_sayur_sayur_bayam_mangkuk_0093.jpg,0,0,1,0,0
train_Ekstra_sayur_sayur_bayam_mangkuk_0094.jpg,0,0,1,0,0
train_Ekstra_sayur_capcay_sayur_segar_0095.jpg,0,0,1,0,0
train_Ekstra_sayur_capcay_sayur_segar_0096.jpg,0,0,1,0,0
train_Ekstra_sayur_capcay_sayur_segar_0097.jpg,0,0,1,0,0
train_Ekstra_sayur_capcay_sayur_segar_0098.jpg,0,0,1,0,0
train_Ekstra_sayur_capcay_sayur_segar_0099.jpg,0,0,1,0,0
train_Ekstra_sayur_capcay_sayur_segar_0100.jpg,0,0,1,0,0
train_Ekstra_sayur_capcay_sayur_segar_0101.jpg,0,0,1,0,0
train_Ekstra_sayur_capcay_sayur_segar_0102.jpg,0,0,1,0,0
train_Ekstra_sayur_capcay_sayur_segar_0103.jpg,0,0,1,0,0
train_Ekstra_sayur_capcay_sayur_segar_0104.jpg,0,0,1,0,0
train_Ekstra_sayur_capcay_sayur_segar_0105.jpg,0,0,1,0,0
train_Ekstra_sayur_capcay_sayur_segar_0106.jpg,0,0,1,0,0
train_Ekstra_sayur_capcay_sayur_segar_0107.jpg,0,0,1,0,0
train_Ekstra_sayur_capcay_sayur_segar_0108.jpg,0,0,1,0,0
train_Ekstra_sayur_capcay_sayur_segar_0109.jpg,0,0,1,0,0
train_Ekstra_sayur_capcay_sayur_segar_0110.jpg,0,0,1,0,0
train_Ekstra_sayur_capcay_sayur_segar_0111.jpg,0,0,1,0,0
train_Ekstra_sayur_capcay_sayur_segar_0112.jpg,0,0,1,0,0
train_Ekstra_sayur_capcay_sayur_segar_0113.jpg,0,0,1,0,0
train_Ekstra_sayur_capcay_sayur_segar_0114.jpg,0,0,1,0,0
train_Ekstra_sayur_capcay_sayur_segar_0115.jpg,0,0,1,0,0
train_Ekstra_sayur_capcay_sayur_segar_0116.jpg,0,0,1,0,0
train_Ekstra_sayur_capcay_sayur_segar_0117.jpg,0,0,1,0,0
train_Ekstra_sayur_capcay_sayur_segar_0118.jpg,0,0,1,0,0
train_Ekstra_sayur_capcay_sayur_segar_0119.jpg,0,0,1,0,0
train_Ekstra_sayur_capcay_sayur_segar_0120.jpg,0,0,1,0,0
train_Ekstra_sayur_capcay_sayur_segar_0121.jpg,0,0,1,0,0
train_Ekstra_sayur_capcay_sayur_segar_0122.jpg,0,0,1,0,0
train_Ekstra_sayur_capcay_sayur_segar_0123.jpg,0,0,1,0,0
train_Ekstra_sayur_capcay_sayur_segar_0124.jpg,0,0,1,0,0
train_Ekstra_sayur_capcay_sayur_segar_0125.jpg,0,0,1,0,0
train_Ekstra_sayur_capcay_sayur_segar_0126.jpg,0,0,1,0,0
train_Ekstra_sayur_capcay_sayur_segar_0127.jpg,0,0,1,0,0
train_Ekstra_sayur_capcay_sayur_segar_0128.jpg,0,0,1,0,0
train_Ekstra_sayur_capcay_sayur_segar_0129.jpg,0,0,1,0,0
train_Ekstra_sayur_capcay_sayur_segar_0130.jpg,0,0,1,0,0
train_Ekstra_sayur_capcay_sayur_segar_0131.jpg,0,0,1,0,0
train_Ekstra_sayur_capcay_sayur_segar_0132.jpg,0,0,1,0,0
train_Ekstra_sayur_capcay_sayur_segar_0133.jpg,0,0,1,0,0
train_Ekstra_sayur_capcay_sayur_segar_0134.jpg,0,0,1,0,0
train_Ekstra_sayur_capcay_sayur_segar_0135.jpg,0,0,1,0,0
train_Ekstra_sayur_capcay_sayur_segar_0136.jpg,0,0,1,0,0
train_Ekstra_sayur_capcay_sayur_segar_0137.jpg,0,0,1,0,0
train_Ekstra_sayur_capcay_sayur_segar_0138.jpg,0,0,1,0,0
train_Ekstra_sayur_capcay_sayur_segar_0139.jpg,0,0,1,0,0
train_Ekstra_sayur_capcay_sayur_segar_0140.jpg,0,0,1,0,0
train_Ekstra_susu_susu_kotak_uht_0141.jpg,0,0,0,0,1
train_Ekstra_susu_susu_kotak_uht_0142.jpg,0,0,0,0,1
train_Ekstra_susu_susu_kotak_uht_0143.jpg,0,0,0,0,1
train_Ekstra_susu_susu_kotak_uht_0144.jpg,0,0,0,0,1
train_Ekstra_susu_susu_kotak_uht_0145.jpg,0,0,0,0,1
train_Ekstra_susu_susu_kotak_uht_0146.jpg,0,0,0,0,1
train_Ekstra_susu_susu_kotak_uht_0147.jpg,0,0,0,0,1
train_Ekstra_susu_susu_kotak_uht_0148.jpg,0,0,0,0,1
train_Ekstra_susu_susu_kotak_uht_0149.jpg,0,0,0,0,1
train_Ekstra_susu_susu_kotak_uht_0150.jpg,0,0,0,0,1
train_Ekstra_susu_susu_kotak_uht_0151.jpg,0,0,0,0,1
train_Ekstra_susu_susu_kotak_uht_0152.jpg,0,0,0,0,1
train_Ekstra_susu_susu_kotak_uht_0153.jpg,0,0,0,0,1
train_Ekstra_susu_susu_kotak_uht_0154.jpg,0,0,0,0,1
train_Ekstra_susu_susu_kotak_uht_0155.jpg,0,0,0,0,1
train_Ekstra_susu_susu_kotak_uht_0156.jpg,0,0,0,0,1
train_Ekstra_susu_susu_kotak_uht_0157.jpg,0,0,0,0,1
train_Ekstra_susu_susu_kotak_uht_0158.jpg,0,0,0,0,1
train_Ekstra_susu_susu_kotak_uht_0159.jpg,0,0,0,0,1
train_Ekstra_susu_susu_kotak_uht_0160.jpg,0,0,0,0,1
train_Ekstra_susu_susu_kotak_uht_0161.jpg,0,0,0,0,1
train_Ekstra_susu_susu_kotak_uht_0162.jpg,0,0,0,0,1
train_Ekstra_susu_susu_kotak_uht_0163.jpg,0,0,0,0,1
train_Ekstra_susu_susu_kotak_uht_0164.jpg,0,0,0,0,1
train_Ekstra_susu_susu_kotak_uht_0165.jpg,0,0,0,0,1
train_Ekstra_susu_susu_kotak_uht_0166.jpg,0,0,0,0,1
train_Ekstra_susu_susu_kotak_uht_0167.jpg,0,0,0,0,1
train_Ekstra_susu_susu_kotak_uht_0168.jpg,0,0,0,0,1
train_Ekstra_susu_susu_kotak_uht_0169.jpg,0,0,0,0,1
train_Ekstra_susu_susu_kotak_uht_0170.jpg,0,0,0,0,1
train_Ekstra_susu_susu_kotak_uht_0171.jpg,0,0,0,0,1
train_Ekstra_susu_susu_kotak_uht_0172.jpg,0,0,0,0,1
train_Ekstra_susu_susu_kotak_uht_0173.jpg,0,0,0,0,1
train_Ekstra_susu_susu_kotak_uht_0174.jpg,0,0,0,0,1
train_Ekstra_susu_susu_kotak_uht_0175.jpg,0,0,0,0,1
train_Ekstra_susu_susu_kotak_uht_0176.jpg,0,0,0,0,1
train_Ekstra_susu_susu_kotak_uht_0177.jpg,0,0,0,0,1
train_Ekstra_susu_susu_kotak_uht_0178.jpg,0,0,0,0,1
train_Ekstra_susu_susu_kotak_uht_0179.jpg,0,0,0,0,1
train_Ekstra_susu_susu_kotak_uht_0180.jpg,0,0,0,0,1
train_Ekstra_susu_susu_kotak_uht_0181.jpg,0,0,0,0,1
train_Ekstra_susu_susu_kotak_uht_0182.jpg,0,0,0,0,1
train_Ekstra_susu_susu_kotak_uht_0183.jpg,0,0,0,0,1
train_Ekstra_susu_susu_kotak_uht_0184.jpg,0,0,0,0,1
train_Ekstra_susu_susu_kotak_uht_0185.jpg,0,0,0,0,1
train_Ekstra_susu_susu_kotak_uht_0186.jpg,0,0,0,0,1
train_Ekstra_susu_susu_kotak_uht_0187.jpg,0,0,0,0,1
train_Ekstra_susu_susu_kotak_uht_0188.jpg,0,0,0,0,1
train_Ekstra_susu_susu_kotak_uht_0189.jpg,0,0,0,0,1
train_Ekstra_susu_susu_kotak_uht_0190.jpg,0,0,0,0,1
train_Ekstra_lauk_pauk_ayam_kecap_porsi_0191.jpg,0,1,0,0,0
train_Ekstra_lauk_pauk_ayam_kecap_porsi_0192.jpg,0,1,0,0,0
train_Ekstra_lauk_pauk_ayam_kecap_porsi_0193.jpg,0,1,0,0,0
train_Ekstra_lauk_pauk_ayam_kecap_porsi_0194.jpg,0,1,0,0,0
train_Ekstra_lauk_pauk_ayam_kecap_porsi_0195.jpg,0,1,0,0,0
train_Ekstra_lauk_pauk_ayam_kecap_porsi_0196.jpg,0,1,0,0,0
train_Ekstra_lauk_pauk_ayam_kecap_porsi_0197.jpg,0,1,0,0,0
train_Ekstra_lauk_pauk_ayam_kecap_porsi_0198.jpg,0,1,0,0,0
train_Ekstra_lauk_pauk_ayam_kecap_porsi_0199.jpg,0,1,0,0,0
train_Ekstra_lauk_pauk_ayam_kecap_porsi_0200.jpg,0,1,0,0,0
train_Ekstra_lauk_pauk_ayam_kecap_porsi_0201.jpg,0,1,0,0,0
train_Ekstra_lauk_pauk_ayam_kecap_porsi_0202.jpg,0,1,0,0,0
train_Ekstra_lauk_pauk_ayam_kecap_porsi_0203.jpg,0,1,0,0,0
train_Ekstra_lauk_pauk_ayam_kecap_porsi_0204.jpg,0,1,0,0,0
train_Ekstra_lauk_pauk_ayam_kecap_porsi_0205.jpg,0,1,0,0,0
train_Ekstra_lauk_pauk_ayam_kecap_porsi_0206.jpg,0,1,0,0,0
train_Ekstra_lauk_pauk_ayam_kecap_porsi_0207.jpg,0,1,0,0,0
train_Ekstra_lauk_pauk_ayam_kecap_porsi_0208.jpg,0,1,0,0,0
train_Ekstra_lauk_pauk_ayam_kecap_porsi_0209.jpg,0,1,0,0,0
train_Ekstra_lauk_pauk_ayam_kecap_porsi_0210.jpg,0,1,0,0,0
train_Ekstra_lauk_pauk_ayam_kecap_porsi_0211.jpg,0,1,0,0,0
train_Ekstra_lauk_pauk_ayam_kecap_porsi_0212.jpg,0,1,0,0,0
train_Ekstra_lauk_pauk_ayam_kecap_porsi_0213.jpg,0,1,0,0,0
train_Ekstra_lauk_pauk_ayam_kecap_porsi_0214.jpg,0,1,0,0,0
train_Ekstra_lauk_pauk_ayam_kecap_porsi_0215.jpg,0,1,0,0,0
train_Ekstra_lauk_pauk_ayam_kecap_porsi_0216.jpg,0,1,0,0,0
train_Ekstra_lauk_pauk_ayam_kecap_porsi_0217.jpg,0,1,0,0,0
train_Ekstra_lauk_pauk_ayam_kecap_porsi_0218.jpg,0,1,0,0,0
train_Ekstra_lauk_pauk_ayam_kecap_porsi_0219.jpg,0,1,0,0,0
train_Ekstra_lauk_pauk_ayam_kecap_porsi_0220.jpg,0,1,0,0,0
train_Ekstra_lauk_pauk_ayam_kecap_porsi_0221.jpg,0,1,0,0,0
train_Ekstra_lauk_pauk_ayam_kecap_porsi_0222.jpg,0,1,0,0,0
train_Ekstra_lauk_pauk_ayam_kecap_porsi_0223.jpg,0,1,0,0,0
train_Ekstra_lauk_pauk_ayam_kecap_porsi_0224.jpg,0,1,0,0,0
train_Ekstra_lauk_pauk_ayam_kecap_porsi_0225.jpg,0,1,0,0,0
train_Ekstra_lauk_pauk_ayam_kecap_porsi_0226.jpg,0,1,0,0,0
train_Ekstra_lauk_pauk_ayam_kecap_porsi_0227.jpg,0,1,0,0,0
train_Ekstra_lauk_pauk_ayam_kecap_porsi_0228.jpg,0,1,0,0,0
train_Ekstra_lauk_pauk_ayam_kecap_porsi_0229.jpg,0,1,0,0,0
train_Ekstra_lauk_pauk_ayam_kecap_porsi_0230.jpg,0,1,0,0,0
train_Ekstra_lauk_pauk_ayam_kecap_porsi_0231.jpg,0,1,0,0,0
train_Ekstra_lauk_pauk_ayam_kecap_porsi_0232.jpg,0,1,0,0,0
train_Ekstra_lauk_pauk_ayam_kecap_porsi_0233.jpg,0,1,0,0,0
train_Ekstra_lauk_pauk_ayam_kecap_porsi_0234.jpg,0,1,0,0,0
train_Ekstra_lauk_pauk_ayam_kecap_porsi_0235.jpg,0,1,0,0,0
train_Ekstra_lauk_pauk_ayam_kecap_porsi_0236.jpg,0,1,0,0,0
train_BuahX_buah_nanas_segar_0000.jpg,0,0,0,1,0
train_BuahX_buah_nanas_segar_0001.jpg,0,0,0,1,0
train_BuahX_buah_nanas_segar_0002.jpg,0,0,0,1,0
train_BuahX_buah_nanas_segar_0003.jpg,0,0,0,1,0
train_BuahX_buah_nanas_segar_0004.jpg,0,0,0,1,0
train_BuahX_buah_nanas_segar_0005.jpg,0,0,0,1,0
train_BuahX_buah_nanas_segar_0006.jpg,0,0,0,1,0
train_BuahX_buah_nanas_segar_0007.jpg,0,0,0,1,0
train_BuahX_buah_nanas_segar_0008.jpg,0,0,0,1,0
train_BuahX_buah_nanas_segar_0009.jpg,0,0,0,1,0
train_BuahX_buah_nanas_segar_0010.jpg,0,0,0,1,0
train_BuahX_buah_nanas_segar_0011.jpg,0,0,0,1,0
train_BuahX_buah_nanas_segar_0012.jpg,0,0,0,1,0
train_BuahX_buah_stroberi_piring_0013.jpg,0,0,0,1,0
train_BuahX_buah_stroberi_piring_0014.jpg,0,0,0,1,0
train_BuahX_buah_stroberi_piring_0015.jpg,0,0,0,1,0
train_BuahX_buah_stroberi_piring_0016.jpg,0,0,0,1,0
train_BuahX_buah_stroberi_piring_0017.jpg,0,0,0,1,0
train_BuahX_buah_stroberi_piring_0018.jpg,0,0,0,1,0
train_BuahX_buah_stroberi_piring_0019.jpg,0,0,0,1,0
train_BuahX_buah_stroberi_piring_0020.jpg,0,0,0,1,0
train_BuahX_buah_stroberi_piring_0021.jpg,0,0,0,1,0
train_BuahX_buah_stroberi_piring_0022.jpg,0,0,0,1,0
train_BuahX_buah_stroberi_piring_0023.jpg,0,0,0,1,0
train_BuahX_buah_stroberi_piring_0024.jpg,0,0,0,1,0
train_BuahX_buah_stroberi_piring_0025.jpg,0,0,0,1,0
train_BuahX_buah_naga_merah_0026.jpg,0,0,0,1,0
train_BuahX_buah_naga_merah_0027.jpg,0,0,0,1,0
train_BuahX_buah_naga_merah_0028.jpg,0,0,0,1,0
train_BuahX_buah_naga_merah_0029.jpg,0,0,0,1,0
train_BuahX_buah_naga_merah_0030.jpg,0,0,0,1,0
train_BuahX_buah_naga_merah_0031.jpg,0,0,0,1,0
train_BuahX_buah_naga_merah_0032.jpg,0,0,0,1,0
train_BuahX_buah_naga_merah_0033.jpg,0,0,0,1,0
train_BuahX_buah_alpukat_potong_0034.jpg,0,0,0,1,0
train_BuahX_buah_alpukat_potong_0035.jpg,0,0,0,1,0
train_BuahX_buah_alpukat_potong_0036.jpg,0,0,0,1,0
train_BuahX_buah_alpukat_potong_0037.jpg,0,0,0,1,0
train_BuahX_buah_alpukat_potong_0038.jpg,0,0,0,1,0
train_BuahX_buah_alpukat_potong_0039.jpg,0,0,0,1,0
train_BuahX_buah_alpukat_potong_0040.jpg,0,0,0,1,0
train_BuahX_buah_alpukat_potong_0041.jpg,0,0,0,1,0
train_BuahX_buah_alpukat_potong_0042.jpg,0,0,0,1,0
train_BuahX_buah_alpukat_potong_0043.jpg,0,0,0,1,0
train_BuahX_buah_alpukat_potong_0044.jpg,0,0,0,1,0
train_BuahX_buah_alpukat_potong_0045.jpg,0,0,0,1,0
train_BuahX_buah_alpukat_potong_0046.jpg,0,0,0,1,0
train_BuahX_buah_kiwi_segar_0047.jpg,0,0,0,1,0
train_BuahX_buah_kiwi_segar_0048.jpg,0,0,0,1,0
train_BuahX_buah_kiwi_segar_0049.jpg,0,0,0,1,0
train_BuahX_buah_kiwi_segar_0050.jpg,0,0,0,1,0
train_BuahX_buah_kiwi_segar_0051.jpg,0,0,0,1,0
train_BuahX_buah_kiwi_segar_0052.jpg,0,0,0,1,0
train_BuahX_buah_kiwi_segar_0053.jpg,0,0,0,1,0
train_BuahX_buah_kiwi_segar_0054.jpg,0,0,0,1,0
train_BuahX_buah_kiwi_segar_0055.jpg,0,0,0,1,0
train_BuahX_buah_kiwi_segar_0056.jpg,0,0,0,1,0
train_BuahX_buah_kiwi_segar_0057.jpg,0,0,0,1,0
train_BuahX_buah_kiwi_segar_0058.jpg,0,0,0,1,0
train_BuahX_buah_kiwi_segar_0059.jpg,0,0,0,1,0
train_BuahX_buah_kiwi_segar_0060.jpg,0,0,0,1,0
train_BuahX_buah_kiwi_segar_0061.jpg,0,0,0,1,0
train_BuahX_buah_pir_manis_0062.jpg,0,0,0,1,0
train_BuahX_buah_pir_manis_0063.jpg,0,0,0,1,0
train_BuahX_buah_pir_manis_0064.jpg,0,0,0,1,0
train_BuahX_buah_pir_manis_0065.jpg,0,0,0,1,0
train_BuahX_buah_pir_manis_0066.jpg,0,0,0,1,0
train_BuahX_buah_pir_manis_0067.jpg,0,0,0,1,0
train_BuahX_buah_pir_manis_0068.jpg,0,0,0,1,0
train_BuahX_buah_pir_manis_0069.jpg,0,0,0,1,0
train_BuahX_buah_pir_manis_0070.jpg,0,0,0,1,0
train_BuahX_buah_pir_manis_0071.jpg,0,0,0,1,0
train_BuahX_buah_pir_manis_0072.jpg,0,0,0,1,0
train_BuahX_buah_pir_manis_0073.jpg,0,0,0,1,0
train_BuahX_buah_pir_manis_0074.jpg,0,0,0,1,0
train_BuahX_buah_pir_manis_0075.jpg,0,0,0,1,0
train_BuahX_buah_pir_manis_0076.jpg,0,0,0,1,0
synth_bento_0000.jpg,1,1,1,1,1
synth_bento_0001.jpg,1,1,1,1,1
synth_bento_0002.jpg,1,1,1,1,1
synth_bento_0003.jpg,0,1,1,1,1
synth_bento_0004.jpg,1,1,1,1,1
synth_bento_0005.jpg,0,1,0,1,0
synth_bento_0006.jpg,1,1,0,1,1
synth_bento_0007.jpg,1,1,0,1,0
synth_bento_0008.jpg,1,1,1,1,1
synth_bento_0009.jpg,1,1,0,1,1
synth_bento_0010.jpg,1,1,1,0,1
synth_bento_0011.jpg,1,1,0,1,1
synth_bento_0012.jpg,0,1,1,1,1
synth_bento_0013.jpg,1,0,1,1,1
synth_bento_0014.jpg,1,1,1,1,0
synth_bento_0015.jpg,1,1,1,1,1
synth_bento_0016.jpg,0,0,1,0,1
synth_bento_0017.jpg,1,1,1,1,1
synth_bento_0018.jpg,1,1,1,0,1
synth_bento_0019.jpg,1,1,1,1,0
synth_bento_0020.jpg,1,0,0,0,1
synth_bento_0021.jpg,1,1,1,1,1
synth_bento_0022.jpg,1,1,1,1,1
synth_bento_0023.jpg,1,1,1,0,0
synth_bento_0024.jpg,1,1,0,1,1
synth_bento_0025.jpg,1,1,1,0,0
synth_bento_0026.jpg,0,1,1,1,0
synth_bento_0027.jpg,1,0,0,0,1
synth_bento_0028.jpg,0,1,1,0,1
synth_bento_0029.jpg,1,1,1,0,1
synth_bento_0030.jpg,1,0,1,1,0
synth_bento_0031.jpg,1,0,1,0,1
synth_bento_0032.jpg,1,1,1,1,1
synth_bento_0033.jpg,1,1,1,1,1
synth_bento_0034.jpg,1,0,1,0,0
synth_bento_0035.jpg,1,0,0,0,1
synth_bento_0036.jpg,1,0,1,1,1
synth_bento_0037.jpg,0,1,0,0,1
synth_bento_0038.jpg,0,0,1,1,0
synth_bento_0039.jpg,0,0,1,1,1
synth_bento_0040.jpg,0,0,0,1,1
synth_bento_0041.jpg,0,0,1,1,0
synth_bento_0042.jpg,1,1,1,1,1
synth_bento_0043.jpg,1,1,1,1,1
synth_bento_0044.jpg,1,1,1,1,1
synth_bento_0045.jpg,1,0,0,1,1
synth_bento_0046.jpg,1,1,1,1,1
synth_bento_0047.jpg,0,1,1,0,0
synth_bento_0048.jpg,0,1,0,0,1
synth_bento_0049.jpg,0,1,1,1,1
synth_bento_0050.jpg,1,1,1,0,1
synth_bento_0051.jpg,1,1,1,1,1
synth_bento_0052.jpg,1,0,1,1,0
synth_bento_0053.jpg,1,1,1,1,1
synth_bento_0054.jpg,1,1,1,1,1
synth_bento_0055.jpg,0,0,1,0,1
synth_bento_0056.jpg,0,1,1,1,1
synth_bento_0057.jpg,1,1,1,1,0
synth_bento_0058.jpg,1,1,1,1,1
synth_bento_0059.jpg,1,1,1,1,1
synth_bento_0060.jpg,0,1,1,1,1
synth_bento_0061.jpg,1,1,1,1,1
synth_bento_0062.jpg,0,0,1,1,1
synth_bento_0063.jpg,1,0,1,0,0
synth_bento_0064.jpg,0,1,1,0,1
synth_bento_0065.jpg,1,1,1,1,1
synth_bento_0066.jpg,1,0,0,0,1
synth_bento_0067.jpg,1,1,0,1,1
synth_bento_0068.jpg,1,0,0,0,1
synth_bento_0069.jpg,0,0,1,1,0
synth_bento_0070.jpg,1,0,1,0,0
synth_bento_0071.jpg,1,0,1,0,0
synth_bento_0072.jpg,1,1,0,0,1
synth_bento_0073.jpg,1,1,1,1,0
synth_bento_0074.jpg,1,1,1,1,1
synth_bento_0075.jpg,1,1,0,1,0
synth_bento_0076.jpg,1,1,1,0,1
synth_bento_0077.jpg,1,0,1,1,1
synth_bento_0078.jpg,0,0,0,1,1
synth_bento_0079.jpg,0,0,1,1,1
synth_bento_0080.jpg,1,1,1,1,1
synth_bento_0081.jpg,0,1,1,1,1
synth_bento_0082.jpg,1,0,1,1,0
synth_bento_0083.jpg,1,1,1,1,1
synth_bento_0084.jpg,0,1,0,1,0
synth_bento_0085.jpg,1,0,0,1,0
synth_bento_0086.jpg,1,1,0,0,1
synth_bento_0087.jpg,1,1,1,0,1
synth_bento_0088.jpg,1,1,1,1,0
synth_bento_0089.jpg,0,1,0,1,1
synth_bento_0090.jpg,0,1,0,0,1
synth_bento_0091.jpg,0,1,1,1,0
synth_bento_0092.jpg,1,0,1,0,1
synth_bento_0093.jpg,1,1,0,1,0
synth_bento_0094.jpg,0,1,1,1,1
synth_bento_0095.jpg,0,0,0,1,1
synth_bento_0096.jpg,1,0,1,1,1
synth_bento_0097.jpg,1,1,1,1,1
synth_bento_0098.jpg,0,1,1,1,0
synth_bento_0099.jpg,1,1,1,0,1
synth_bento_0100.jpg,1,1,1,1,1
synth_bento_0101.jpg,1,1,0,1,0
synth_bento_0102.jpg,0,1,1,1,1
synth_bento_0103.jpg,1,1,1,0,1
synth_bento_0104.jpg,1,1,1,1,1
synth_bento_0105.jpg,1,1,0,1,1
synth_bento_0106.jpg,0,1,0,0,1
synth_bento_0107.jpg,0,0,1,1,1
synth_bento_0108.jpg,1,1,0,1,1
synth_bento_0109.jpg,1,1,0,0,0
synth_bento_0110.jpg,1,1,1,1,0
synth_bento_0111.jpg,0,0,0,1,1
synth_bento_0112.jpg,1,1,1,0,0
synth_bento_0113.jpg,1,1,1,1,0
synth_bento_0114.jpg,0,1,1,1,1
synth_bento_0115.jpg,1,1,1,1,1
synth_bento_0116.jpg,1,1,0,0,1
synth_bento_0117.jpg,1,1,1,1,1
synth_bento_0118.jpg,1,1,1,1,1
synth_bento_0119.jpg,0,0,1,1,1
synth_bento_0120.jpg,1,1,1,0,1
synth_bento_0121.jpg,1,0,1,1,1
synth_bento_0122.jpg,1,0,1,0,1
synth_bento_0123.jpg,0,1,0,1,1
synth_bento_0124.jpg,1,0,1,1,0
synth_bento_0125.jpg,1,0,1,1,0
synth_bento_0126.jpg,1,1,0,1,1
synth_bento_0127.jpg,1,1,1,1,1
synth_bento_0128.jpg,1,0,0,0,1
synth_bento_0129.jpg,1,0,1,1,1
synth_bento_0130.jpg,1,1,0,1,1
synth_bento_0131.jpg,1,1,0,0,0
synth_bento_0132.jpg,0,0,0,1,1
synth_bento_0133.jpg,1,1,0,1,1
synth_bento_0134.jpg,1,1,1,1,1
synth_bento_0135.jpg,0,1,1,0,1
synth_bento_0136.jpg,0,1,1,1,1
synth_bento_0137.jpg,1,0,1,1,1
synth_bento_0138.jpg,0,1,1,0,1
synth_bento_0139.jpg,1,1,1,0,1
synth_bento_0140.jpg,0,1,0,0,1
synth_bento_0141.jpg,1,1,1,1,1
synth_bento_0142.jpg,1,1,1,1,0
synth_bento_0143.jpg,1,1,1,1,0
synth_bento_0144.jpg,0,0,0,1,1
synth_bento_0145.jpg,0,0,1,1,1
synth_bento_0146.jpg,0,0,0,1,1
synth_bento_0147.jpg,0,1,1,1,0
synth_bento_0148.jpg,1,1,0,1,0
synth_bento_0149.jpg,1,1,0,0,1
synth_bento_0150.jpg,1,0,1,1,1
synth_bento_0151.jpg,1,1,1,0,1
synth_bento_0152.jpg,1,1,1,1,1
synth_bento_0153.jpg,1,1,1,1,1
synth_bento_0154.jpg,1,1,1,1,1
synth_bento_0155.jpg,1,1,1,1,1
synth_bento_0156.jpg,1,0,1,0,0
synth_bento_0157.jpg,1,1,1,1,1
synth_bento_0158.jpg,0,1,1,0,1
synth_bento_0159.jpg,1,1,1,1,1
synth_bento_0160.jpg,1,1,1,1,1
synth_bento_0161.jpg,1,1,1,1,1
synth_bento_0162.jpg,1,0,0,0,1
synth_bento_0163.jpg,0,0,1,0,1
synth_bento_0164.jpg,1,1,1,1,1
synth_bento_0165.jpg,1,1,1,1,1
synth_bento_0166.jpg,0,0,1,1,0
synth_bento_0167.jpg,0,0,1,1,0
synth_bento_0168.jpg,1,1,1,1,1
synth_bento_0169.jpg,1,0,0,0,1
synth_bento_0170.jpg,1,1,0,0,0
synth_bento_0171.jpg,0,0,1,1,0
synth_bento_0172.jpg,1,1,1,1,1
synth_bento_0173.jpg,1,1,1,1,1
synth_bento_0174.jpg,1,1,1,1,1
synth_bento_0175.jpg,1,0,1,1,0
synth_bento_0176.jpg,1,1,1,1,1
synth_bento_0177.jpg,1,1,1,1,1
synth_bento_0178.jpg,1,1,1,1,1
synth_bento_0179.jpg,0,1,0,0,1
synth_bento_0180.jpg,1,1,1,0,1
synth_bento_0181.jpg,1,0,1,0,0
synth_bento_0182.jpg,1,1,1,1,0
synth_bento_0183.jpg,1,1,1,1,1
synth_bento_0184.jpg,1,1,1,1,1
synth_bento_0185.jpg,1,0,0,1,0
synth_bento_0186.jpg,1,1,0,1,1
synth_bento_0187.jpg,1,1,1,1,1
synth_bento_0188.jpg,0,1,1,0,0
synth_bento_0189.jpg,1,1,1,1,1
synth_bento_0190.jpg,1,1,1,1,1
synth_bento_0191.jpg,1,0,0,1,0
synth_bento_0192.jpg,1,1,1,1,1
synth_bento_0193.jpg,1,1,0,0,1
synth_bento_0194.jpg,1,1,0,1,0
synth_bento_0195.jpg,1,1,1,0,0
synth_bento_0196.jpg,1,0,1,1,1
synth_bento_0197.jpg,1,1,1,0,1
synth_bento_0198.jpg,0,1,1,0,0
synth_bento_0199.jpg,1,1,1,0,1
synth_bento_0200.jpg,0,1,1,0,1
synth_bento_0201.jpg,0,1,0,0,1
synth_bento_0202.jpg,1,1,1,1,1
synth_bento_0203.jpg,1,1,0,1,1
synth_bento_0204.jpg,0,1,0,1,1
synth_bento_0205.jpg,0,1,1,0,0
synth_bento_0206.jpg,1,1,1,1,1
synth_bento_0207.jpg,1,0,0,1,0
synth_bento_0208.jpg,0,1,1,1,1
synth_bento_0209.jpg,1,1,0,0,0
synth_bento_0210.jpg,0,1,1,0,0
synth_bento_0211.jpg,1,1,1,1,1
synth_bento_0212.jpg,0,1,1,0,0
synth_bento_0213.jpg,1,0,1,1,1
synth_bento_0214.jpg,1,1,1,1,1
synth_bento_0215.jpg,1,1,1,1,1
synth_bento_0216.jpg,1,1,1,1,1
synth_bento_0217.jpg,0,1,1,0,1
synth_bento_0218.jpg,1,1,1,1,1
synth_bento_0219.jpg,0,1,1,1,1
synth_bento_0220.jpg,1,1,1,1,1
synth_bento_0221.jpg,0,1,1,1,0
synth_bento_0222.jpg,0,1,1,0,0
synth_bento_0223.jpg,1,0,0,1,1
synth_bento_0224.jpg,0,0,0,1,1
synth_bento_0225.jpg,1,1,1,1,1
synth_bento_0226.jpg,1,1,0,1,1
synth_bento_0227.jpg,1,1,1,1,1
synth_bento_0228.jpg,1,0,1,0,1
synth_bento_0229.jpg,1,0,1,1,1
synth_bento_0230.jpg,0,1,0,1,0
synth_bento_0231.jpg,1,1,1,1,1
synth_bento_0232.jpg,0,0,1,1,0
synth_bento_0233.jpg,0,1,1,1,1
synth_bento_0234.jpg,1,0,1,0,1
synth_bento_0235.jpg,1,1,1,1,1
synth_bento_0236.jpg,1,1,1,1,1
synth_bento_0237.jpg,1,0,0,1,0
synth_bento_0238.jpg,1,0,0,1,1
synth_bento_0239.jpg,1,0,1,1,1
synth_bento_0240.jpg,1,1,1,1,1
synth_bento_0241.jpg,0,0,1,1,1
synth_bento_0242.jpg,1,1,1,1,0
synth_bento_0243.jpg,1,0,0,1,1
synth_bento_0244.jpg,1,1,1,1,1
synth_bento_0245.jpg,1,1,0,1,0
synth_bento_0246.jpg,1,1,1,1,1
synth_bento_0247.jpg,1,1,1,1,0
synth_bento_0248.jpg,1,1,1,1,1
synth_bento_0249.jpg,0,1,0,1,1
synth_bento_0250.jpg,1,1,1,1,1
synth_bento_0251.jpg,1,1,1,0,1
synth_bento_0252.jpg,1,1,1,0,0
synth_bento_0253.jpg,1,0,1,0,0
synth_bento_0254.jpg,1,0,1,0,1
synth_bento_0255.jpg,0,0,1,1,1
synth_bento_0256.jpg,0,1,1,0,0
synth_bento_0257.jpg,1,0,0,0,1
synth_bento_0258.jpg,1,1,1,1,1
synth_bento_0259.jpg,0,1,0,0,1
synth_bento_0260.jpg,0,1,1,0,1
synth_bento_0261.jpg,0,1,1,1,1
synth_bento_0262.jpg,0,1,1,1,0
synth_bento_0263.jpg,1,1,1,1,1
synth_bento_0264.jpg,1,1,0,1,0
synth_bento_0265.jpg,1,1,1,1,1
synth_bento_0266.jpg,1,0,0,1,1
synth_bento_0267.jpg,0,1,0,1,0
synth_bento_0268.jpg,1,1,0,0,1
synth_bento_0269.jpg,1,0,1,0,0
synth_bento_0270.jpg,0,1,1,0,0
synth_bento_0271.jpg,1,1,1,0,1
synth_bento_0272.jpg,1,1,0,1,0
synth_bento_0273.jpg,1,1,1,1,1
synth_bento_0274.jpg,1,1,1,1,0
synth_bento_0275.jpg,1,1,1,1,1
synth_bento_0276.jpg,1,1,0,0,0
synth_bento_0277.jpg,0,1,0,1,1
synth_bento_0278.jpg,1,0,1,0,1
synth_bento_0279.jpg,1,0,1,0,0
synth_bento_0280.jpg,1,1,1,1,1
synth_bento_0281.jpg,1,0,1,0,0
synth_bento_0282.jpg,1,0,1,0,1
synth_bento_0283.jpg,1,1,0,1,1
synth_bento_0284.jpg,0,1,1,1,0
synth_bento_0285.jpg,1,1,1,1,0
synth_bento_0286.jpg,1,1,0,1,1
synth_bento_0287.jpg,1,1,1,1,1
synth_bento_0288.jpg,1,1,1,1,1
synth_bento_0289.jpg,0,0,1,0,1
synth_bento_0290.jpg,1,1,1,0,1
synth_bento_0291.jpg,1,0,0,1,1
synth_bento_0292.jpg,1,0,1,1,1
synth_bento_0293.jpg,1,0,1,0,0
synth_bento_0294.jpg,1,1,1,1,1
synth_bento_0295.jpg,0,1,1,0,0
synth_bento_0296.jpg,1,1,1,1,1
synth_bento_0297.jpg,1,1,1,1,1
synth_bento_0298.jpg,0,1,1,1,1
synth_bento_0299.jpg,0,1,1,1,1
synth_bento_0300.jpg,0,1,1,1,0
synth_bento_0301.jpg,1,0,1,0,0
synth_bento_0302.jpg,1,1,0,0,0
synth_bento_0303.jpg,1,1,0,0,0
synth_bento_0304.jpg,0,1,1,1,1
synth_bento_0305.jpg,1,1,1,0,1
synth_bento_0306.jpg,1,1,1,1,1
synth_bento_0307.jpg,1,1,1,1,1
synth_bento_0308.jpg,0,1,1,0,0
synth_bento_0309.jpg,1,1,1,1,1
synth_bento_0310.jpg,1,0,1,0,1
synth_bento_0311.jpg,0,1,0,0,1
synth_bento_0312.jpg,1,1,1,1,1
synth_bento_0313.jpg,1,0,0,1,0
synth_bento_0314.jpg,1,1,0,1,0
synth_bento_0315.jpg,0,1,0,1,1
synth_bento_0316.jpg,1,0,0,1,1
synth_bento_0317.jpg,1,1,0,1,1
synth_bento_0318.jpg,0,1,0,0,1
synth_bento_0319.jpg,0,1,1,1,0
synth_bento_0320.jpg,0,0,0,1,1
synth_bento_0321.jpg,0,1,1,0,1
synth_bento_0322.jpg,0,1,0,0,1
synth_bento_0323.jpg,1,0,1,1,1
synth_bento_0324.jpg,1,1,1,1,1
synth_bento_0325.jpg,1,1,1,1,1
synth_bento_0326.jpg,1,0,0,1,0
synth_bento_0327.jpg,0,1,0,1,0
synth_bento_0328.jpg,1,1,1,1,1
synth_bento_0329.jpg,1,0,1,1,0
synth_bento_0330.jpg,0,1,1,0,1
synth_bento_0331.jpg,0,1,0,1,1
synth_bento_0332.jpg,0,0,1,1,1
synth_bento_0333.jpg,0,1,0,1,0
synth_bento_0334.jpg,0,1,0,0,1
synth_bento_0335.jpg,1,0,0,1,1
synth_bento_0336.jpg,1,1,1,1,1
synth_bento_0337.jpg,1,1,1,1,1
synth_bento_0338.jpg,1,1,0,1,1
synth_bento_0339.jpg,1,1,1,0,0
synth_bento_0340.jpg,1,1,1,1,1
synth_bento_0341.jpg,1,1,0,1,1
synth_bento_0342.jpg,1,1,1,1,1
synth_bento_0343.jpg,1,0,1,1,0
synth_bento_0344.jpg,0,0,0,1,1
synth_bento_0345.jpg,1,1,1,1,1
synth_bento_0346.jpg,0,1,1,0,1
synth_bento_0347.jpg,1,1,1,1,0
synth_bento_0348.jpg,0,1,1,1,1
synth_bento_0349.jpg,1,1,1,1,1
synth_bento_0350.jpg,1,1,1,1,0
synth_bento_0351.jpg,0,0,0,1,1
synth_bento_0352.jpg,1,0,1,0,1
synth_bento_0353.jpg,1,1,1,1,1
synth_bento_0354.jpg,1,0,1,1,0
synth_bento_0355.jpg,1,0,1,0,0
synth_bento_0356.jpg,1,0,1,0,0
synth_bento_0357.jpg,1,1,0,0,1
synth_bento_0358.jpg,1,1,1,0,1
synth_bento_0359.jpg,1,1,1,1,0
synth_bento_0360.jpg,1,1,1,0,1
synth_bento_0361.jpg,0,1,1,0,1
synth_bento_0362.jpg,1,0,0,1,0
synth_bento_0363.jpg,1,1,1,1,0
synth_bento_0364.jpg,1,1,1,1,1
synth_bento_0365.jpg,0,1,0,1,1
synth_bento_0366.jpg,1,1,1,1,1
synth_bento_0367.jpg,0,1,1,1,1
synth_bento_0368.jpg,1,1,1,1,1
synth_bento_0369.jpg,1,1,0,1,1
synth_bento_0370.jpg,0,0,0,1,1
synth_bento_0371.jpg,1,1,1,1,1
synth_bento_0372.jpg,1,1,1,1,1
synth_bento_0373.jpg,0,1,0,1,1
synth_bento_0374.jpg,1,0,0,0,1
synth_bento_0375.jpg,1,1,1,1,1
synth_bento_0376.jpg,1,0,1,1,1
synth_bento_0377.jpg,0,0,0,1,1
synth_bento_0378.jpg,0,1,1,1,0
synth_bento_0379.jpg,1,1,1,1,1
synth_bento_0380.jpg,1,0,1,1,0
synth_bento_0381.jpg,1,1,1,1,1
synth_bento_0382.jpg,0,1,1,1,1
synth_bento_0383.jpg,0,0,1,0,1
synth_bento_0384.jpg,1,1,0,0,0
synth_bento_0385.jpg,1,1,1,0,1
synth_bento_0386.jpg,1,1,1,1,1
synth_bento_0387.jpg,1,1,1,1,1
synth_bento_0388.jpg,0,0,0,1,1
synth_bento_0389.jpg,1,1,1,1,1
synth_bento_0390.jpg,1,1,1,1,1
synth_bento_0391.jpg,0,0,1,1,0
synth_bento_0392.jpg,1,0,1,0,1
synth_bento_0393.jpg,0,1,1,0,1
synth_bento_0394.jpg,1,1,1,1,1
synth_bento_0395.jpg,1,1,1,1,1
synth_bento_0396.jpg,1,1,1,1,1
synth_bento_0397.jpg,1,0,0,1,0
synth_bento_0398.jpg,0,0,1,1,1
synth_bento_0399.jpg,1,1,1,1,1
synth_bento_0400.jpg,0,0,1,0,1
synth_bento_0401.jpg,0,1,0,1,1
synth_bento_0402.jpg,0,1,1,1,1
synth_bento_0403.jpg,1,1,1,0,1
synth_bento_0404.jpg,0,0,0,1,1
synth_bento_0405.jpg,1,1,1,1,1
synth_bento_0406.jpg,1,0,1,0,0
synth_bento_0407.jpg,1,1,1,1,1
synth_bento_0408.jpg,1,1,0,1,1
synth_bento_0409.jpg,1,1,1,1,1
synth_bento_0410.jpg,1,1,1,1,1
synth_bento_0411.jpg,1,1,1,1,1
synth_bento_0412.jpg,1,1,0,1,0
synth_bento_0413.jpg,1,1,1,1,1
synth_bento_0414.jpg,1,0,1,0,1
synth_bento_0415.jpg,0,1,1,1,1
synth_bento_0416.jpg,1,1,0,1,1
synth_bento_0417.jpg,1,1,1,1,1
synth_bento_0418.jpg,1,0,1,0,0
synth_bento_0419.jpg,1,0,1,1,1
synth_bento_0420.jpg,1,1,1,1,0
synth_bento_0421.jpg,1,1,0,1,0
synth_bento_0422.jpg,1,0,1,1,1
synth_bento_0423.jpg,1,1,1,1,1
synth_bento_0424.jpg,1,1,1,1,1
synth_bento_0425.jpg,0,0,1,0,1
synth_bento_0426.jpg,1,1,1,1,1
synth_bento_0427.jpg,0,1,1,0,0
synth_bento_0428.jpg,1,1,1,0,1
synth_bento_0429.jpg,1,0,0,1,0
synth_bento_0430.jpg,0,1,0,1,1
synth_bento_0431.jpg,1,1,1,1,1
synth_bento_0432.jpg,1,1,1,0,1
synth_bento_0433.jpg,0,1,0,1,1
synth_bento_0434.jpg,1,1,1,0,1
synth_bento_0435.jpg,1,1,1,1,1
synth_bento_0436.jpg,1,1,1,1,1
synth_bento_0437.jpg,0,0,0,1,1
synth_bento_0438.jpg,1,1,1,1,1
synth_bento_0439.jpg,0,0,0,1,1
synth_bento_0440.jpg,1,1,1,1,1
synth_bento_0441.jpg,1,0,1,1,1
synth_bento_0442.jpg,1,1,1,1,1
synth_bento_0443.jpg,0,0,1,1,1
synth_bento_0444.jpg,1,0,1,1,0
synth_bento_0445.jpg,1,1,1,1,1
synth_bento_0446.jpg,0,1,0,0,1
synth_bento_0447.jpg,1,1,1,1,1
synth_bento_0448.jpg,1,1,1,1,1
synth_bento_0449.jpg,1,0,1,1,1
synth_bento_0450.jpg,1,1,0,1,1
synth_bento_0451.jpg,0,0,1,0,1
synth_bento_0452.jpg,0,1,1,1,1
synth_bento_0453.jpg,1,1,1,1,0
synth_bento_0454.jpg,0,1,1,0,1
synth_bento_0455.jpg,1,1,1,1,1
synth_bento_0456.jpg,0,1,0,1,1
synth_bento_0457.jpg,1,1,1,1,0
synth_bento_0458.jpg,1,1,1,1,0
synth_bento_0459.jpg,1,0,1,0,1
synth_bento_0460.jpg,1,1,0,1,1
synth_bento_0461.jpg,1,1,1,1,1
synth_bento_0462.jpg,1,1,1,0,1
synth_bento_0463.jpg,1,1,1,0,1
synth_bento_0464.jpg,0,1,0,0,1
synth_bento_0465.jpg,0,1,0,1,1
synth_bento_0466.jpg,1,1,0,1,1
synth_bento_0467.jpg,1,1,1,1,1
synth_bento_0468.jpg,0,1,1,1,1
synth_bento_0469.jpg,1,1,1,1,1
synth_bento_0470.jpg,1,1,1,1,1
synth_bento_0471.jpg,0,1,1,1,0
synth_bento_0472.jpg,1,1,0,0,1
synth_bento_0473.jpg,0,1,0,1,0
synth_bento_0474.jpg,1,1,1,0,1
synth_bento_0475.jpg,1,1,1,1,1
synth_bento_0476.jpg,1,1,0,0,1
synth_bento_0477.jpg,1,1,1,0,1
synth_bento_0478.jpg,1,1,1,0,0
synth_bento_0479.jpg,1,0,1,0,0
synth_bento_0480.jpg,1,1,1,1,0
synth_bento_0481.jpg,1,1,0,0,1
synth_bento_0482.jpg,1,1,1,1,1
synth_bento_0483.jpg,0,1,1,1,1
synth_bento_0484.jpg,0,1,1,0,1
synth_bento_0485.jpg,1,0,1,0,0
synth_bento_0486.jpg,0,0,0,1,1
synth_bento_0487.jpg,0,1,0,0,1
synth_bento_0488.jpg,0,0,0,1,1
synth_bento_0489.jpg,1,1,1,1,1
synth_bento_0490.jpg,1,1,1,1,1
synth_bento_0491.jpg,1,1,1,0,0
synth_bento_0492.jpg,1,0,1,1,1
synth_bento_0493.jpg,1,1,1,1,1
synth_bento_0494.jpg,1,1,1,1,0
synth_bento_0495.jpg,1,1,0,1,0
synth_bento_0496.jpg,0,1,0,1,0
synth_bento_0497.jpg,0,1,0,0,1
synth_bento_0498.jpg,1,1,1,1,0
synth_bento_0499.jpg,1,1,0,0,1
aug_buah_0000.jpg,0,0,0,1,0
aug_buah_0001.jpg,0,0,0,1,0
aug_buah_0002.jpg,0,0,0,1,0
aug_buah_0003.jpg,0,0,0,1,0
aug_buah_0004.jpg,0,0,0,1,0
aug_buah_0005.jpg,0,0,0,1,0
aug_buah_0006.jpg,0,0,0,1,0
aug_buah_0007.jpg,0,0,0,1,0
aug_buah_0008.jpg,0,0,0,1,0
aug_buah_0009.jpg,0,0,0,1,0
aug_buah_0010.jpg,0,0,0,1,0
aug_buah_0011.jpg,0,0,0,1,0
aug_buah_0012.jpg,0,0,0,1,0
aug_buah_0013.jpg,0,0,0,1,0
aug_buah_0014.jpg,0,0,0,1,0
aug_buah_0015.jpg,0,0,0,1,0
aug_buah_0016.jpg,0,0,0,1,0
aug_buah_0017.jpg,0,0,0,1,0
aug_buah_0018.jpg,0,0,0,1,0
aug_buah_0019.jpg,0,0,0,1,0
aug_buah_0020.jpg,0,0,0,1,0
aug_buah_0021.jpg,0,0,0,1,0
aug_buah_0022.jpg,0,0,0,1,0
aug_buah_0023.jpg,0,0,0,1,0
aug_buah_0024.jpg,0,0,0,1,0
aug_buah_0025.jpg,0,0,0,1,0
aug_buah_0026.jpg,0,0,0,1,0
aug_buah_0027.jpg,0,0,0,1,0
aug_buah_0028.jpg,0,0,0,1,0
aug_buah_0029.jpg,0,0,0,1,0
aug_buah_0030.jpg,0,0,0,1,0
aug_buah_0031.jpg,0,0,0,1,0
aug_buah_0032.jpg,0,0,0,1,0
aug_buah_0033.jpg,0,0,0,1,0
aug_buah_0034.jpg,0,0,0,1,0
aug_buah_0035.jpg,0,0,0,1,0
aug_buah_0036.jpg,0,0,0,1,0
aug_buah_0037.jpg,0,0,0,1,0
aug_buah_0038.jpg,0,0,0,1,0
aug_buah_0039.jpg,0,0,0,1,0
aug_buah_0040.jpg,0,0,0,1,0
aug_buah_0041.jpg,0,0,0,1,0
aug_buah_0042.jpg,0,0,0,1,0
aug_buah_0043.jpg,0,0,0,1,0
aug_buah_0044.jpg,0,0,0,1,0
aug_buah_0045.jpg,0,0,0,1,0
aug_buah_0046.jpg,0,0,0,1,0
aug_buah_0047.jpg,0,0,0,1,0
aug_buah_0048.jpg,0,0,0,1,0
aug_buah_0049.jpg,0,0,0,1,0
aug_buah_0050.jpg,0,0,0,1,0
aug_buah_0051.jpg,0,0,0,1,0
aug_buah_0052.jpg,0,0,0,1,0
aug_buah_0053.jpg,0,0,0,1,0
aug_buah_0054.jpg,0,0,0,1,0
aug_buah_0055.jpg,0,0,0,1,0
aug_buah_0056.jpg,0,0,0,1,0
aug_buah_0057.jpg,0,0,0,1,0
aug_buah_0058.jpg,0,0,0,1,0
aug_buah_0059.jpg,0,0,0,1,0
aug_buah_0060.jpg,0,0,0,1,0
aug_buah_0061.jpg,0,0,0,1,0
aug_buah_0062.jpg,0,0,0,1,0
aug_buah_0063.jpg,0,0,0,1,0
aug_buah_0064.jpg,0,0,0,1,0
aug_buah_0065.jpg,0,0,0,1,0
aug_buah_0066.jpg,0,0,0,1,0
aug_buah_0067.jpg,0,0,0,1,0
aug_buah_0068.jpg,0,0,0,1,0
aug_buah_0069.jpg,0,0,0,1,0
aug_buah_0070.jpg,0,0,0,1,0
aug_buah_0071.jpg,0,0,0,1,0
aug_buah_0072.jpg,0,0,0,1,0
aug_buah_0073.jpg,0,0,0,1,0
aug_buah_0074.jpg,0,0,0,1,0
aug_buah_0075.jpg,0,0,0,1,0
aug_buah_0076.jpg,0,0,0,1,0
aug_buah_0077.jpg,0,0,0,1,0
aug_buah_0078.jpg,0,0,0,1,0
aug_buah_0079.jpg,0,0,0,1,0
aug_buah_0080.jpg,0,0,0,1,0
aug_buah_0081.jpg,0,0,0,1,0
aug_buah_0082.jpg,0,0,0,1,0
aug_buah_0083.jpg,0,0,0,1,0
aug_buah_0084.jpg,0,0,0,1,0
aug_buah_0085.jpg,0,0,0,1,0
aug_buah_0086.jpg,0,0,0,1,0
aug_buah_0087.jpg,0,0,0,1,0
aug_buah_0088.jpg,0,0,0,1,0
aug_buah_0089.jpg,0,0,0,1,0
aug_buah_0090.jpg,0,0,0,1,0
aug_buah_0091.jpg,0,0,0,1,0
aug_buah_0092.jpg,0,0,0,1,0
aug_buah_0093.jpg,0,0,0,1,0
aug_buah_0094.jpg,0,0,0,1,0
aug_buah_0095.jpg,0,0,0,1,0
aug_buah_0096.jpg,0,0,0,1,0
aug_buah_0097.jpg,0,0,0,1,0
aug_buah_0098.jpg,0,0,0,1,0
aug_buah_0099.jpg,0,0,0,1,0
aug_buah_0100.jpg,0,0,0,1,0
aug_buah_0101.jpg,0,0,0,1,0
aug_buah_0102.jpg,0,0,0,1,0
aug_buah_0103.jpg,0,0,0,1,0
aug_buah_0104.jpg,0,0,0,1,0
aug_buah_0105.jpg,0,0,0,1,0
aug_buah_0106.jpg,0,0,0,1,0
aug_buah_0107.jpg,0,0,0,1,0
aug_buah_0108.jpg,0,0,0,1,0
aug_buah_0109.jpg,0,0,0,1,0
aug_buah_0110.jpg,0,0,0,1,0
aug_buah_0111.jpg,0,0,0,1,0
aug_buah_0112.jpg,0,0,0,1,0
aug_buah_0113.jpg,0,0,0,1,0
aug_buah_0114.jpg,0,0,0,1,0
aug_buah_0115.jpg,0,0,0,1,0
aug_buah_0116.jpg,0,0,0,1,0
aug_buah_0117.jpg,0,0,0,1,0
aug_buah_0118.jpg,0,0,0,1,0
aug_buah_0119.jpg,0,0,0,1,0
aug_buah_0120.jpg,0,0,0,1,0
aug_buah_0121.jpg,0,0,0,1,0
aug_buah_0122.jpg,0,0,0,1,0
aug_buah_0123.jpg,0,0,0,1,0
aug_buah_0124.jpg,0,0,0,1,0
aug_buah_0125.jpg,0,0,0,1,0
aug_buah_0126.jpg,0,0,0,1,0
aug_buah_0127.jpg,0,0,0,1,0
aug_buah_0128.jpg,0,0,0,1,0
aug_buah_0129.jpg,0,0,0,1,0
aug_buah_0130.jpg,0,0,0,1,0
aug_buah_0131.jpg,0,0,0,1,0
aug_buah_0132.jpg,0,0,0,1,0
aug_buah_0133.jpg,0,0,0,1,0
aug_buah_0134.jpg,0,0,0,1,0
aug_buah_0135.jpg,0,0,0,1,0
aug_buah_0136.jpg,0,0,0,1,0
aug_buah_0137.jpg,0,0,0,1,0
aug_buah_0138.jpg,0,0,0,1,0
aug_buah_0139.jpg,0,0,0,1,0
aug_buah_0140.jpg,0,0,0,1,0
aug_buah_0141.jpg,0,0,0,1,0
aug_buah_0142.jpg,0,0,0,1,0
aug_buah_0143.jpg,0,0,0,1,0
aug_buah_0144.jpg,0,0,0,1,0
aug_buah_0145.jpg,0,0,0,1,0
aug_buah_0146.jpg,0,0,0,1,0
aug_buah_0147.jpg,0,0,0,1,0
aug_buah_0148.jpg,0,0,0,1,0
aug_buah_0149.jpg,0,0,0,1,0
aug_buah_0150.jpg,0,0,0,1,0
aug_buah_0151.jpg,0,0,0,1,0
aug_buah_0152.jpg,0,0,0,1,0
aug_buah_0153.jpg,0,0,0,1,0
aug_buah_0154.jpg,0,0,0,1,0
aug_buah_0155.jpg,0,0,0,1,0
aug_buah_0156.jpg,0,0,0,1,0
aug_buah_0157.jpg,0,0,0,1,0
aug_buah_0158.jpg,0,0,0,1,0
aug_buah_0159.jpg,0,0,0,1,0
aug_buah_0160.jpg,0,0,0,1,0
aug_buah_0161.jpg,0,0,0,1,0
aug_buah_0162.jpg,0,0,0,1,0
aug_buah_0163.jpg,0,0,0,1,0
aug_buah_0164.jpg,0,0,0,1,0
aug_buah_0165.jpg,0,0,0,1,0
aug_buah_0166.jpg,0,0,0,1,0
aug_buah_0167.jpg,0,0,0,1,0
aug_buah_0168.jpg,0,0,0,1,0
aug_buah_0169.jpg,0,0,0,1,0
aug_buah_0170.jpg,0,0,0,1,0
aug_buah_0171.jpg,0,0,0,1,0
aug_buah_0172.jpg,0,0,0,1,0
aug_buah_0173.jpg,0,0,0,1,0
aug_buah_0174.jpg,0,0,0,1,0
aug_buah_0175.jpg,0,0,0,1,0
aug_buah_0176.jpg,0,0,0,1,0
aug_buah_0177.jpg,0,0,0,1,0
aug_buah_0178.jpg,0,0,0,1,0
aug_buah_0179.jpg,0,0,0,1,0
aug_buah_0180.jpg,0,0,0,1,0
aug_buah_0181.jpg,0,0,0,1,0
aug_buah_0182.jpg,0,0,0,1,0
aug_buah_0183.jpg,0,0,0,1,0
aug_buah_0184.jpg,0,0,0,1,0
aug_buah_0185.jpg,0,0,0,1,0
aug_buah_0186.jpg,0,0,0,1,0
aug_buah_0187.jpg,0,0,0,1,0
aug_buah_0188.jpg,0,0,0,1,0
aug_buah_0189.jpg,0,0,0,1,0
aug_buah_0190.jpg,0,0,0,1,0
aug_buah_0191.jpg,0,0,0,1,0
aug_buah_0192.jpg,0,0,0,1,0
aug_buah_0193.jpg,0,0,0,1,0
aug_buah_0194.jpg,0,0,0,1,0
aug_buah_0195.jpg,0,0,0,1,0
aug_buah_0196.jpg,0,0,0,1,0
aug_buah_0197.jpg,0,0,0,1,0
aug_buah_0198.jpg,0,0,0,1,0
aug_buah_0199.jpg,0,0,0,1,0
aug_buah_0200.jpg,0,0,0,1,0
aug_buah_0201.jpg,0,0,0,1,0
aug_buah_0202.jpg,0,0,0,1,0
aug_buah_0203.jpg,0,0,0,1,0
aug_buah_0204.jpg,0,0,0,1,0
aug_buah_0205.jpg,0,0,0,1,0
aug_buah_0206.jpg,0,0,0,1,0
aug_buah_0207.jpg,0,0,0,1,0
aug_buah_0208.jpg,0,0,0,1,0
aug_buah_0209.jpg,0,0,0,1,0
aug_buah_0210.jpg,0,0,0,1,0
aug_buah_0211.jpg,0,0,0,1,0
aug_buah_0212.jpg,0,0,0,1,0
aug_buah_0213.jpg,0,0,0,1,0
aug_buah_0214.jpg,0,0,0,1,0
aug_buah_0215.jpg,0,0,0,1,0
aug_buah_0216.jpg,0,0,0,1,0
aug_buah_0217.jpg,0,0,0,1,0
aug_buah_0218.jpg,0,0,0,1,0
aug_buah_0219.jpg,0,0,0,1,0
aug_buah_0220.jpg,0,0,0,1,0
aug_buah_0221.jpg,0,0,0,1,0
aug_buah_0222.jpg,0,0,0,1,0
aug_buah_0223.jpg,0,0,0,1,0
aug_buah_0224.jpg,0,0,0,1,0
aug_buah_0225.jpg,0,0,0,1,0
aug_buah_0226.jpg,0,0,0,1,0
aug_buah_0227.jpg,0,0,0,1,0
aug_buah_0228.jpg,0,0,0,1,0
aug_buah_0229.jpg,0,0,0,1,0
aug_buah_0230.jpg,0,0,0,1,0
aug_buah_0231.jpg,0,0,0,1,0
aug_buah_0232.jpg,0,0,0,1,0
aug_buah_0233.jpg,0,0,0,1,0
aug_buah_0234.jpg,0,0,0,1,0
aug_buah_0235.jpg,0,0,0,1,0
aug_buah_0236.jpg,0,0,0,1,0
aug_buah_0237.jpg,0,0,0,1,0
aug_buah_0238.jpg,0,0,0,1,0
aug_buah_0239.jpg,0,0,0,1,0
aug_buah_0240.jpg,0,0,0,1,0
aug_buah_0241.jpg,0,0,0,1,0
aug_buah_0242.jpg,0,0,0,1,0
aug_buah_0243.jpg,0,0,0,1,0
aug_buah_0244.jpg,0,0,0,1,0
aug_buah_0245.jpg,0,0,0,1,0
aug_buah_0246.jpg,0,0,0,1,0
aug_buah_0247.jpg,0,0,0,1,0
aug_buah_0248.jpg,0,0,0,1,0
aug_buah_0249.jpg,0,0,0,1,0
aug_buah_0250.jpg,0,0,0,1,0
aug_buah_0251.jpg,0,0,0,1,0
aug_buah_0252.jpg,0,0,0,1,0
aug_buah_0253.jpg,0,0,0,1,0
aug_buah_0254.jpg,0,0,0,1,0
aug_buah_0255.jpg,0,0,0,1,0
aug_buah_0256.jpg,0,0,0,1,0
aug_buah_0257.jpg,0,0,0,1,0
aug_buah_0258.jpg,0,0,0,1,0
aug_buah_0259.jpg,0,0,0,1,0
aug_buah_0260.jpg,0,0,0,1,0
aug_buah_0261.jpg,0,0,0,1,0
aug_buah_0262.jpg,0,0,0,1,0
aug_buah_0263.jpg,0,0,0,1,0
aug_buah_0264.jpg,0,0,0,1,0
aug_buah_0265.jpg,0,0,0,1,0
aug_buah_0266.jpg,0,0,0,1,0
aug_buah_0267.jpg,0,0,0,1,0
aug_buah_0268.jpg,0,0,0,1,0
aug_buah_0269.jpg,0,0,0,1,0
aug_buah_0270.jpg,0,0,0,1,0
aug_buah_0271.jpg,0,0,0,1,0
aug_buah_0272.jpg,0,0,0,1,0
aug_buah_0273.jpg,0,0,0,1,0
aug_buah_0274.jpg,0,0,0,1,0
aug_buah_0275.jpg,0,0,0,1,0
aug_buah_0276.jpg,0,0,0,1,0
aug_buah_0277.jpg,0,0,0,1,0
aug_buah_0278.jpg,0,0,0,1,0
aug_buah_0279.jpg,0,0,0,1,0
aug_buah_0280.jpg,0,0,0,1,0
aug_buah_0281.jpg,0,0,0,1,0
aug_buah_0282.jpg,0,0,0,1,0
aug_buah_0283.jpg,0,0,0,1,0
aug_buah_0284.jpg,0,0,0,1,0
aug_buah_0285.jpg,0,0,0,1,0
aug_buah_0286.jpg,0,0,0,1,0
aug_buah_0287.jpg,0,0,0,1,0
aug_buah_0288.jpg,0,0,0,1,0
aug_buah_0289.jpg,0,0,0,1,0
aug_buah_0290.jpg,0,0,0,1,0
aug_buah_0291.jpg,0,0,0,1,0
aug_buah_0292.jpg,0,0,0,1,0
aug_buah_0293.jpg,0,0,0,1,0
aug_buah_0294.jpg,0,0,0,1,0
aug_buah_0295.jpg,0,0,0,1,0
aug_buah_0296.jpg,0,0,0,1,0
aug_buah_0297.jpg,0,0,0,1,0
aug_buah_0298.jpg,0,0,0,1,0
aug_buah_0299.jpg,0,0,0,1,0
aug_buah_0300.jpg,0,0,0,1,0
aug_buah_0301.jpg,0,0,0,1,0
aug_buah_0302.jpg,0,0,0,1,0
aug_buah_0303.jpg,0,0,0,1,0
aug_buah_0304.jpg,0,0,0,1,0
aug_buah_0305.jpg,0,0,0,1,0
aug_buah_0306.jpg,0,0,0,1,0
aug_buah_0307.jpg,0,0,0,1,0
aug_buah_0308.jpg,0,0,0,1,0
aug_buah_0309.jpg,0,0,0,1,0
aug_buah_0310.jpg,0,0,0,1,0
aug_buah_0311.jpg,0,0,0,1,0
aug_buah_0312.jpg,0,0,0,1,0
aug_buah_0313.jpg,0,0,0,1,0
aug_buah_0314.jpg,0,0,0,1,0
aug_buah_0315.jpg,0,0,0,1,0
aug_buah_0316.jpg,0,0,0,1,0
aug_buah_0317.jpg,0,0,0,1,0
aug_buah_0318.jpg,0,0,0,1,0
aug_buah_0319.jpg,0,0,0,1,0
aug_buah_0320.jpg,0,0,0,1,0
aug_buah_0321.jpg,0,0,0,1,0
aug_buah_0322.jpg,0,0,0,1,0
aug_buah_0323.jpg,0,0,0,1,0
aug_buah_0324.jpg,0,0,0,1,0
aug_buah_0325.jpg,0,0,0,1,0
aug_buah_0326.jpg,0,0,0,1,0
aug_buah_0327.jpg,0,0,0,1,0
aug_buah_0328.jpg,0,0,0,1,0
aug_buah_0329.jpg,0,0,0,1,0
aug_buah_0330.jpg,0,0,0,1,0
aug_buah_0331.jpg,0,0,0,1,0
aug_buah_0332.jpg,0,0,0,1,0
aug_buah_0333.jpg,0,0,0,1,0
aug_buah_0334.jpg,0,0,0,1,0
aug_buah_0335.jpg,0,0,0,1,0
aug_buah_0336.jpg,0,0,0,1,0
aug_buah_0337.jpg,0,0,0,1,0
aug_buah_0338.jpg,0,0,0,1,0
aug_buah_0339.jpg,0,0,0,1,0
aug_buah_0340.jpg,0,0,0,1,0
aug_buah_0341.jpg,0,0,0,1,0
aug_buah_0342.jpg,0,0,0,1,0
aug_buah_0343.jpg,0,0,0,1,0
aug_buah_0344.jpg,0,0,0,1,0
aug_buah_0345.jpg,0,0,0,1,0
aug_buah_0346.jpg,0,0,0,1,0
aug_buah_0347.jpg,0,0,0,1,0
aug_buah_0348.jpg,0,0,0,1,0
aug_buah_0349.jpg,0,0,0,1,0
aug_buah_0350.jpg,0,0,0,1,0
aug_buah_0351.jpg,0,0,0,1,0
aug_buah_0352.jpg,0,0,0,1,0
aug_buah_0353.jpg,0,0,0,1,0
aug_buah_0354.jpg,0,0,0,1,0
aug_buah_0355.jpg,0,0,0,1,0
aug_buah_0356.jpg,0,0,0,1,0
aug_buah_0357.jpg,0,0,0,1,0
aug_buah_0358.jpg,0,0,0,1,0
aug_buah_0359.jpg,0,0,0,1,0
aug_buah_0360.jpg,0,0,0,1,0
aug_buah_0361.jpg,0,0,0,1,0
aug_buah_0362.jpg,0,0,0,1,0
aug_buah_0363.jpg,0,0,0,1,0
aug_buah_0364.jpg,0,0,0,1,0
aug_buah_0365.jpg,0,0,0,1,0
aug_buah_0366.jpg,0,0,0,1,0
aug_buah_0367.jpg,0,0,0,1,0
aug_buah_0368.jpg,0,0,0,1,0
aug_buah_0369.jpg,0,0,0,1,0
aug_buah_0370.jpg,0,0,0,1,0
aug_buah_0371.jpg,0,0,0,1,0
aug_buah_0372.jpg,0,0,0,1,0
aug_buah_0373.jpg,0,0,0,1,0
aug_buah_0374.jpg,0,0,0,1,0
aug_buah_0375.jpg,0,0,0,1,0
aug_buah_0376.jpg,0,0,0,1,0
aug_buah_0377.jpg,0,0,0,1,0
aug_buah_0378.jpg,0,0,0,1,0
aug_buah_0379.jpg,0,0,0,1,0
aug_buah_0380.jpg,0,0,0,1,0
aug_buah_0381.jpg,0,0,0,1,0
aug_buah_0382.jpg,0,0,0,1,0
aug_buah_0383.jpg,0,0,0,1,0
aug_buah_0384.jpg,0,0,0,1,0
aug_buah_0385.jpg,0,0,0,1,0
aug_buah_0386.jpg,0,0,0,1,0
aug_buah_0387.jpg,0,0,0,1,0
aug_buah_0388.jpg,0,0,0,1,0
aug_buah_0389.jpg,0,0,0,1,0
aug_buah_0390.jpg,0,0,0,1,0
aug_buah_0391.jpg,0,0,0,1,0
aug_buah_0392.jpg,0,0,0,1,0
aug_buah_0393.jpg,0,0,0,1,0
aug_buah_0394.jpg,0,0,0,1,0
aug_buah_0395.jpg,0,0,0,1,0
aug_buah_0396.jpg,0,0,0,1,0
aug_buah_0397.jpg,0,0,0,1,0
aug_buah_0398.jpg,0,0,0,1,0
aug_buah_0399.jpg,0,0,0,1,0
aug_buah_0400.jpg,0,0,0,1,0
aug_buah_0401.jpg,0,0,0,1,0
aug_buah_0402.jpg,0,0,0,1,0
aug_buah_0403.jpg,0,0,0,1,0
aug_buah_0404.jpg,0,0,0,1,0
aug_buah_0405.jpg,0,0,0,1,0
aug_buah_0406.jpg,0,0,0,1,0
aug_buah_0407.jpg,0,0,0,1,0
aug_buah_0408.jpg,0,0,0,1,0
aug_buah_0409.jpg,0,0,0,1,0
aug_buah_0410.jpg,0,0,0,1,0
aug_buah_0411.jpg,0,0,0,1,0
